1023.126357708722 68.82186875033862 34.26247933286789 34.597784075939366 27.030367882688036 74.71517354274971 89.70351586359365 22.139481265240818 56.099229608542046 83.26245359860962 24.60321987055679 44.226230661139326 30.57034647451014 96.55876614168217 81.2978857491487 53.19580438264005 48.119236404278645 78.59732047337235 62.43309149800533 51.452668639427415 53.83191918403808 63.406319601904336 93.96754421545339 66.42278440213927 34.33487203065686 82.8802631901662 6.6628747934441765 41.72676962912829 97.49878179958041 28.828944805560077 65.21811154954533 46.73445994920304 9.615960823997044 98.03242662331714 52.3513122091289 6.903395520383096 92.02829554006892 79.02602859176555 82.97512589271385 23.869123385881554 86.17006706131411 68.46047313526185 12.025907905285573 3.861437365692018 4.142488109642474 71.59833531441156 98.64865704401504 22.815936272007793 21.842724899625267 6.0857238710220525 80.5508690349244 81.83303854515734 71.29047193045649 94.2979075182651 20.50382532452746 43.50808253849382 22.429148629942894 96.9347365757113 39.002154553623356 40.26131955964545 47.54361462662605 44.66422027246891 98.73953798664758 35.052431501487334 47.067588797611734 25.335352494199956 51.81569116332394 88.63297295813877 6.041465258491513 46.963855151506735 41.454027048298926 1.1455048561307604 80.05533742117848 92.77781789964396 37.14704968823643 72.06243385782248 22.31285110928273 54.97359247950586 61.9526997354786 38.4897007664185 47.320751556453565 43.890437795115005 45.9118376568431 9.755335062631133 56.50598079958363 71.77809651883163 14.195163722915233 50.54502176965809 80.69261681850494 23.46533678062671 86.39227652962019 10.221145252240447 16.094543672448175 8.583428569065227 66.08212462314053 11.549529256890938 49.353040447093 17.387369227487532 39.82125668708682 50.24031839970751
13.47447016916348 1013.6268261881249 34.91377122725369 89.43426061343018 76.58472702778742 87.59103553916104 24.813779243212142 73.68342849789302 88.48621175715073 15.336314819784157 16.489022877139558 16.903706793745236 21.234588106873318 34.20311474878031 76.69917248888353 11.983856962345651 83.56069351342127 77.6437060265526 85.77704642082455 21.544638112540483 32.778254835097556 51.05578921781479 92.57044120534748 3.810647934133322 48.81285028966797 97.30575756953829 64.964750779155 81.63666927497489 81.16276521720101 57.399092136239354 99.87855834211877 56.60424844402814 95.01816789395073 44.7419343302694 44.4980090491528 20.96025798686547 48.24889020991909 29.70060301033375 12.704346712995404 18.55225803538192 46.31067525365543 12.397366705575308 42.88384944955143 34.91086075989458 85.40870119142652 92.7161213084789 38.45226864725987 17.807969749635088 54.342562812827424 24.963532902626632 55.590982149160894 2.4055545683188146 17.40042300307822 9.801862475560942 2.389064875696107 62.80427900929456 96.9466902630472 56.812095798782586 55.45660431185885 82.05695365190127 36.22761060253093 30.47507098881066 83.14429794788246 5.520221996593006 83.97423030016695 39.169548006289155 51.12813162635956 49.932773300235034 56.1085105829086 99.73167218087897 48.07592472603552 54.7368880171152 48.219528444024526 3.3179936435077892 87.3996374953756 31.822315916117898 45.93654847033923 99.19650218208868 24.021092726665824 87.93947426482848 98.80356828164571 83.95732729499045 98.77495738069773 94.73402373797059 30.446861932091128 18.753327701384176 34.7345457374336 52.801053152446656 82.89573232355646 78.76163719479332 42.4748072199286 36.81816077423738 33.44583318813978 83.83364690211828 72.11621282981079 37.74688277927438 71.58346743493377 95.2931991445532 77.78168170573642 27.575721947507322
12.471743175839768 43.10479426375336 1025.6711212113544 48.410080888537266 85.50483013813607 19.995653201081215 93.09336722515954 73.5352201401523 14.580804206121147 97.9611263936201 97.68331544609846 63.53831003894236 63.95196757520716 45.88497441427735 88.96469623813707 3.666774961787033 11.61452983476989 45.35561890448971 31.45751499925706 6.442395989555004 28.984279057022476 77.6294884844104 37.74776297442549 87.17316425976144 4.972261495026599 58.659017436840784 38.99024949027002 64.49560995816827 2.264946036572962 19.740246305898047 97.21735112173053 64.27766660248034 23.53178611486755 14.299991621287742 13.376860833873762 89.4675677993717 65.39511705784503 31.10368293655563 94.04479864080116 38.13060497191562 92.9958514561745 41.993864523743234 23.826731113851455 67.53121707741671 80.04402041464033 57.55852564903588 3.1660776933940946 98.48725900112403 80.56756872083568 84.67157952448478 65.68895905295028 87.17519188586908 51.79764211316133 25.253309524492714 44.01025364779055 92.66511804705586 30.399912887095752 76.96887970863821 68.18198352548748 91.72419189223186 6.643943151565743 21.603561003936086 23.940099206984524 70.79870611842404 11.734657748193094 61.36151428692454 89.46844244876081 2.012358115703282 70.85593660650385 97.86695325242793 84.7197225962459 90.08283209066826 58.03270021406181 89.86986447716681 38.682708371624514 23.471928986315575 66.48563527641046 76.07679205928174 16.518507956941214 19.607036591740453 10.06284265149566 94.26344902591515 33.76799710718858 69.21268422035732 15.179886093411065 89.28613390521559 57.20910514651892 78.96014637226162 78.8182964593402 2.8528874598429987 4.2365695525417255 95.04986135367176 44.30793536030309 58.94469072143934 66.83394542229081 28.134982472976105 10.683769778767058 59.981313836314484 31.12593634700671 25.904669766205373
79.44673124210536 71.0334838111943 32.83979969315379 1069.846143506237 81.24841941746568 81.50725995882816 32.98590926902338 69.76230213129162 27.597386356733196 17.320223442526636 16.38854697683695 49.69557861328698 35.780459934321776 82.81000744777279 16.144501176149422 2.6140116001101434 85.69351696202011 72.2605679177155 75.34663994730009 57.94871367072252 72.79964479914352 44.52853387701627 88.03336422766182 49.60448323532467 33.299488940391974 34.37048035288115 90.4791463701925 35.46634597363495 95.22015138660913 99.89968924152792 39.220036592399275 4.942779519465073 9.130348234452475 87.57471672450819 53.38979936661353 96.88307114799956 7.744597738590035 7.486795368848718 89.74152437442093 20.83565726485697 4.000705444553999 97.28671708671315 1.188972437543753 27.11912772938021 88.51199648527758 65.27877553944431 86.34268774266862 62.002261634346446 34.095566213040364 21.270280936354617 22.908090268264075 77.80419420503345 11.29512795575742 45.86764536164248 9.295682568830266 33.08832403303238 15.918025156008406 50.9270454174257 15.25110730687869 79.45443524913115 15.115178104087747 69.63396609043454 18.62685194381939 99.60924797568659 87.45700835920947 65.31347352007242 56.64366367039158 29.19039060544015 76.21883321856001 35.961124562149564 57.33514372982155 18.053756204491965 76.29988591767344 51.572035698491675 19.957099040400408 52.82603664554705 4.97918372570936 30.929216588134775 39.56812154397541 65.27731158087754 27.702383547685937 63.65105858074435 13.648347720615082 11.299751076181181 43.747833878025574 61.16771987723802 54.10193044305963 67.30506562758228 42.67559669028408 77.36182513598958 99.67279536288076 66.55886458166975 99.08810847908634 17.028286551112352 1.6589674557632412 93.29911347939775 24.1415573504449 37.92461208529917 85.24227598493246 56.98785748529734
1.6795898083764946 33.802188887474024 86.50136688092978 64.58306548934921 1096.2188357401678 60.00749762583887 41.582201826452575 84.4359551880813 68.50617543654712 69.08988136772813 85.09435810126394 37.843143055319786 18.007144836458515 5.556929756058342 7.450254341292165 62.40649640609738 78.25596862165817 17.56964263881037 76.41538040113066 15.879174183024857 22.47664192893975 86.82013546049097 3.036612597890044 38.03482986306813 83.09175548146122 17.240174879381286 14.970917964949756 19.853388856323363 43.012085570292584 83.49481378365702 41.42932168434865 84.71244898331646 40.077704336124114 66.66575395611942 18.932461206825337 95.89249348798675 51.22330880723678 7.2040572283862065 52.20090351717652 17.424372390702562 1.125049418898536 87.63359794626295 22.4908462833376 77.55838729386139 97.35737758032428 33.42040311511765 98.24252330978041 30.029198655221144 61.466616175177066 34.14757441823171 52.14093662735265 23.766677065019028 16.3829357338181 80.07733462603272 67.18559874365165 56.94768020652743 34.74970551138692 8.591376570237937 12.099295077276134 23.173656454230834 2.101283624753346 63.90789069646476 92.1619662036087 17.603188393690615 7.138346700585994 52.70032752294728 22.0930896842152 64.38716420009379 62.95403685318558 37.919089065319916 8.157218695192544 84.37891073884111 23.92444162971574 60.50496900338943 81.70520046995537 65.97022160775613 26.882758174217248 46.85583889800616 90.21419840909863 34.01000093910207 84.20610770523827 98.89252207026747 10.267778819567246 17.287451241774008 3.4786658132060126 38.537694565239995 75.35051878397246 60.24690205765159 56.71148204891027 20.264799779613732 69.60995027713112 14.342478853059285 41.38052176433732 54.1244226144683 19.567326619402962 16.169778785268363 36.70925232702066 53.923461134767685 46.107141581598434 86.66452370974882
91.3987634356466 23.416489024486644 51.19874418011984 52.79182993609355 93.67869919396611 1077.4976103872762 45.65610846618885 73.41468173310588 51.60191491945996 71.31353087592018 7.9084119578814605 35.96717506234913 80.11514631788175 13.409193977312464 69.05254856524105 89.60323153559533 26.70959920051644 81.16877614854349 87.70999999623119 92.40821516670195 69.9553011531536 35.093569504527544 32.44962234450717 7.748002821538443 80.93413374408205 52.14439037168526 7.788429740779386 1.5767847212877824 3.566632804515078 51.321178303569425 84.34274776489903 41.77194238264825 18.62822407472863 53.57898390242163 67.33039506756379 90.98567065786756 52.16194017042449 24.616022709648906 66.81796213306762 90.05147638829523 68.51401448143758 79.69025667343882 35.52692850441811 20.79698755714223 16.838585879236785 45.903771651797584 93.24344585261261 99.600513397034 80.02413960695675 73.5346458616621 99.47197398154047 39.398110687686184 46.52934494972364 30.656122101029002 90.16557094678464 74.76538707536051 80.93145571918782 21.520151907378207 48.31339588415586 8.755328656444023 56.85878516759316 12.866496033375318 42.72813918276186 42.6187753966104 94.7332478108677 90.97439892487581 48.68359648162345 50.12224491125616 99.64369115000093 17.934684800668187 72.0976604756878 21.589361278421666 68.38951639089493 15.229406097566208 84.30509602470637 72.12364806035954 58.5973962447077 47.22457016882679 19.328968857140737 78.90443553513748 16.88472993622741 91.11839993328519 95.16218995436645 73.40730076944598 65.39226636702377 47.94599925814524 25.74277100792881 54.543008430172755 3.3895163125363323 97.60423248954022 87.82564645720878 71.34570456824551 11.703198966397837 97.9114960389637 10.15310138740539 54.3552371684768 35.84056395660191 68.00068060939068 21.514293612831736 55.767885056747815
99.26332268431491 22.54400539524734 14.016775922918406 65.50461563854402 58.80508364034659 27.408415031533703 1045.9208227871275 24.118814922895922 12.641500992807993 14.300111020382538 5.520714019642726 3.9110215558090364 55.357854830185005 68.70710861008043 23.31787476674765 64.12149827889932 17.592085753513107 43.580637007215614 97.37151861179919 86.90382100383789 55.653075686217015 50.06045811700163 12.389885183274593 83.65739847168652 85.27526206042333 28.179243749400275 48.15693454760144 61.470656957707 79.09822385343571 89.92492878799375 4.039660392206111 42.39081263737477 62.9234582157052 93.24233446380248 76.30949148422923 23.868757468024768 22.422776059117194 43.18760552213211 63.87684977345623 76.54403932179922 73.32510826299645 50.04785904610561 19.537234078966485 74.94201177164906 18.502246980946573 44.64545827423311 99.50020669588913 82.95785480404494 2.9246907712216608 34.03214358502956 5.483612511689625 36.20262627226191 21.70221115778765 20.809810708075098 85.599548539329 7.555758183986698 57.955671145080785 32.06077058486653 3.859837933016112 72.49940806343841 33.522066879473044 46.318346487061085 60.80178687716121 23.54044518384655 6.195769091314515 17.665395961306057 59.01798337621401 67.53177854882131 67.62000711788097 70.09788499715572 67.50532410499964 53.505314228186485 75.15729833006462 26.440337719378512 26.622944675152223 47.4571043333758 99.55380524495006 76.46421415167622 6.627947294311316 4.2558097764707705 73.72613986836194 67.11744181430338 90.02293474385044 40.3852320349056 58.8881461810409 55.20339180013543 84.15532776498813 68.90356857759967 47.01727658993762 38.48396962397841 93.26378792187712 91.18304274544406 18.48878836943521 47.10115891272549 54.734795187946176 11.350303780997288 37.26495068571809 92.3013444735246 1.6362454932121775 79.10214694065372
89.12815235206965 24.64045626967934 61.99152141266149 94.86835782615378 65.53516347665594 18.530659965129637 74.77295477811376 1025.9139225746837 75.59994461349031 70.58492627784591 62.97988963949605 69.08028351891328 98.18935706061151 79.59978428577594 73.49621697905468 77.3146278810473 5.7058509802704025 26.845632798176048 40.06088973502587 90.8030714520486 96.85645496351603 46.63209705827794 65.24808524466785 38.603045500660464 87.06071368199359 88.03474788532945 82.36956673535425 79.95075833798285 52.55344520539927 42.726241065478746 91.20899389774262 42.07311532652207 53.58619768112282 61.270154362030134 7.33258982091433 44.33321302951728 91.45794790866879 54.272499227938454 70.88311069427694 36.270243006053555 65.42591853624414 69.8405473670027 46.58730714619134 57.24642171072903 17.458704856881695 74.01955371622803 32.28752185002108 67.0031542400442 94.64466401807232 91.82034887891874 16.769960337933654 44.1073419110837 43.86444316659988 5.552826972312086 19.59606884385253 47.4569946076496 82.16941310655432 59.09923069600638 36.9961586977767 78.83147999441333 87.34160078915737 19.05280102524105 44.22921736925502 72.60237633083709 16.795641152563384 76.5920993809873 23.37515341620328 2.5961679689319865 52.71167510095544 27.83392918015247 38.18135379008242 69.30875774662117 30.62889437448591 79.37901859594038 95.86621400453431 9.439780497778859 16.89320950309815 44.35921873052769 94.93523119019606 80.32502502436867 94.42349643431152 79.80961667304857 9.230347181952714 55.23163391682178 96.13614550172747 76.7992898355957 93.46489865552034 93.37890100407802 51.48012639831906 24.931012684906424 69.48209301979735 18.15695973027314 47.02383897644194 5.346972013153379 28.302600863300228 46.81947080295992 7.32176084337764 53.762568062308304 2.1855763963860797 25.449886538115024
8.973610145706964 84.62882032530902 86.53421624165293 62.181203881964464 60.838357320492406 59.859970778600534 8.038539953564761 6.50359436839147 1095.9962084886072 65.98740502819743 32.442114755115924 60.248367302284585 65.46652269703581 33.515553880806806 45.96162280148576 47.58454308555878 59.882091544578756 51.80372938166994 46.730566859992756 44.852544801105914 35.82175830358148 37.929501707126086 62.18905092785094 35.896715669801694 78.87384709488113 65.2792963936807 12.36699948937687 66.73091330058082 27.011500031592984 74.58738030429107 61.23362321068157 54.83942449069278 8.136609759937521 33.62448498645975 29.648429638073612 4.444310983516891 59.93142122555304 85.81092281550076 63.372562771462384 69.18734743404812 24.735617199640632 19.359183695146925 17.100073429048305 72.896594708683 3.8580964239502435 2.8110046100645016 28.913416594194725 54.05342795822215 23.912485046038608 44.88086952431432 60.50579395752238 3.411201609402661 32.21687725827231 99.90465613371478 22.449427572757305 43.31389102641383 64.00990143530521 11.189470481347202 5.385351126848204 15.334976235718939 83.12190526502354 32.38958777463579 18.863908615351775 71.27559298807249 77.42520749335532 41.35684090947441 3.7642080799160484 58.66941563238283 6.1203702120281065 40.537280126188506 93.53436827474602 82.204902256389 43.45636214732206 73.56389070950767 24.81798532790322 33.48364984321342 98.30913427328439 54.81707912117438 14.595904668213384 5.098975167669577 78.13939338195608 5.476020453663958 6.595940651461263 91.86807923410746 63.369611646198216 51.7955788440355 88.21332749886027 35.295498374112704 25.148420651861954 21.36497797798619 31.556928288533847 1.677489065539457 5.656929325529793 38.910345720981915 6.025096818517898 78.17771878658473 97.02100184764505 58.16511980488563 87.75319826870683 71.58808150126113
37.92927520339713 86.58043197223323 60.15830712234331 62.663720874574665 65.947218437752 75.41968223149541 88.88431115582331 75.89358702478656 81.90634602294588 1050.2716145467662 29.060364029322535 51.36978515063938 78.28175788381044 85.63229341577399 61.200867904984726 99.79660846363437 99.06350556583409 3.655697384150373 74.75855353800124 4.570169042970381 64.65514352480571 96.2021437569737 32.891827884497516 44.745280303980195 49.06522744286727 81.36926005920537 77.02903926320889 40.660976876604614 6.576477817640214 3.091126467431161 70.4800527458052 28.42831002826681 31.910811196816827 3.679793206363138 27.13601704596012 52.68789274064412 81.93103418707607 73.85252478616982 44.76068324852337 76.75337035583398 35.02423766731845 66.53854323306423 80.3941768890234 16.1448422314881 2.1348952397767964 37.17038883242069 94.13476393887605 41.2729153761366 83.01359197455177 60.60366708447164 22.151172801361888 17.96153038932156 8.62597381474842 22.351545200164928 13.83680662737126 46.22175214711757 65.32545846677263 75.90746571161162 88.44036496341378 62.827374047438155 44.95144581581608 3.21090876835479 93.52311615154797 83.8376182670765 19.674313220671085 47.39997211367556 80.94885052322564 12.642129524499142 25.972308362111676 7.580139863073986 5.980656383562491 13.329629697773564 84.55481533341278 91.01653976283072 56.34986046188989 78.26896036020803 77.46529419288504 17.1625808026 74.42584050946444 10.215810558863788 16.402063922464947 37.66670612655497 49.540104912321766 4.45044047051387 97.24405678047438 91.11972834129844 5.143444760250458 2.686571217669782 96.44121269263617 34.34459292501926 92.41863500061288 31.382219378923594 32.9290650629311 38.90160985702006 25.87764204626809 15.882555362023316 48.256344733790094 77.65413532912527 63.949359963119306 32.77431901675169
89.45585231849319 39.27676472409046 61.60698549920221 7.978503564842079 64.81751481710303 57.99089208004945 41.58262354878884 23.85769432269531 57.248279156724834 74.89484305520375 1099.7169036596772 8.39149677260039 26.400366880718057 56.96156104400857 58.050255988231356 93.76886854625326 70.95438390156944 57.68152679784429 61.20008139028726 31.651763705435602 36.67447928706882 30.122696513613246 43.30400215747226 62.916747168183626 48.394918465381416 20.814819661065616 36.25249913390028 3.440707367247715 53.8422177963645 74.45591888622374 71.59032647479467 72.5656111202947 84.13025774000893 51.01743998457747 23.862257266699544 87.96006528113826 94.03515337808237 56.4726876240938 33.73622832002675 76.01050927310065 7.791151481889088 65.35963257020393 82.24507567633032 39.09551233470408 35.28539113972946 93.22203002572768 18.149194873199686 47.60831277400582 20.894108265194664 91.07789480138351 87.49616725657297 60.72077544310061 37.127343727177895 75.85215507613233 80.90565751399791 70.1233618938818 77.91173541733957 49.42782876087484 1.815842456266657 81.7250773378881 35.66120076665234 31.993502046614807 29.66312798966043 61.24104645624758 76.71602945365406 44.08583534038216 15.340736848555085 35.73834283947852 83.48572604134394 1.9230114325909344 67.4826580721572 5.867912537876576 58.00306599040514 26.070736026945287 39.360530502185114 35.7246430241156 97.11579100255751 28.02033857506468 92.03386344630111 10.388147286432998 71.03565356220375 24.21994050946923 45.1344421361255 27.59060421458019 45.27213195446444 98.37599235458293 6.219266901326688 71.27112007345643 69.55136666375418 2.779896594090573 82.02299852051665 81.04354796200639 57.41358631502055 98.1593373042779 55.78406573947464 10.116880137093125 13.905906359720774 18.549677718046173 39.73394040688238 18.854665215579974
11.145748892233012 68.31183456113392 90.98397981867264 5.99899213392942 38.110340893967184 56.105609734061595 16.62748038722681 11.174991206940634 42.33479304737734 21.363650266478384 22.98852585162007 1031.258386699281 83.96632196627435 8.485964087075342 83.20006602020031 77.4241287981109 96.82402244063974 26.286747220102058 43.023481247957896 6.1334516870847295 95.56525902492206 67.48310428780775 36.49462535755126 37.09862211325476 82.79175329835171 43.75244315203597 6.74422381677164 97.21674459408926 52.27635136052422 94.90507764474381 21.3273054495112 44.50224965691327 71.53060692439969 44.75634866756756 65.49093238846054 89.01587490095069 71.73799557199128 86.17146862239224 81.13035997264603 33.70834492392996 27.27255468520054 29.077436222583525 63.45179852725899 42.09556540789047 75.66978507360326 16.148267682036753 5.150762827353919 79.02437816629646 22.784194496123586 33.90901868600488 70.44164976178453 13.754513498190445 79.30513039357362 22.266903224945416 41.51003999576296 90.30199637976798 11.625063465971374 53.061143532915025 85.71290290423717 54.52301624826432 99.47856991020008 5.678575544142683 84.84512391580205 86.29470736806584 58.07632871289952 85.69073329049648 92.36941317036548 99.35083941203047 89.69443129905352 89.62973360889006 55.96472767312701 94.44263055383239 41.74454270429471 57.61254849792931 50.89472148720269 3.8131796905449207 19.844093537627028 35.7386047769129 17.64502942431765 93.8466625368658 19.49371711947746 16.144147496316357 98.72383293370682 40.63042861329354 27.4816785950823 24.283534493398474 34.59730926765914 97.16144155966184 83.523213737557 37.10364277316346 68.71300053777314 11.366441291214153 61.99088570747964 31.379975130574465 46.723040189858295 12.244677857710453 40.10473237237763 33.14111303244421 51.72602431175999 43.30022009500893
53.45156101799349 17.996900203900726 16.039125362785853 13.668559857224622 55.80471571989189 87.05911565248061 54.98777285833711 82.7138689824185 7.908604339901769 90.1015524711713 55.973563542578226 92.88829044689737 1014.2127155574738 85.90391144518382 4.906444028953647 72.32982271007782 5.59070655230882 83.0256657432525 87.9161803172734 36.92707848864389 3.3567218233789715 88.55441846423791 1.3273465408407892 65.81699641704749 46.406448287696975 58.08377224771142 90.41796595258317 81.4673661936495 85.47301078347702 79.17378495702907 22.557967721604864 49.08353761614471 35.208653067837396 79.38642478418309 17.819291975788534 83.78771100149976 96.79645473124634 3.6288650871629526 8.747773443028855 34.156962433711705 46.46241707380436 84.84381399837815 21.53954014255349 90.44440837085835 79.16145909591293 19.13725068758103 22.716212596831394 66.67132896579734 6.898850642840883 90.14005935803786 53.19628829014659 18.117841474869774 16.941490936843522 12.650095849859985 3.4605719968731923 25.244780123569306 11.028435155185875 91.68157676726914 79.01691555180538 6.392396613398122 79.8870264283129 22.41046324834473 32.401695269612134 95.74808540211666 18.709525383559168 1.5682968629735066 69.23013731983863 88.72278216356031 32.10955811897118 15.078867050167435 25.76694850389962 40.58876390339488 74.56146050918152 53.71535947438755 84.23391839635995 73.2061543969617 84.5770523853916 57.586246839812674 45.65274667029715 86.90758066028079 82.12931290548742 10.367001900553843 51.61222116793543 46.79823231201616 85.6093229019 78.2271981834521 90.39438545895301 93.90032619499237 67.71940643337484 52.19673236001141 27.406083904232418 99.3337460133534 58.334127416052716 27.266014749282554 34.35953331065196 30.21636468245042 56.19066372240186 1.172035713093555 86.41986080659798 70.51164051800936
98.47013924192737 78.13514128998692 57.31471557484456 39.38498136557348 29.132481813298043 70.28121447345764 31.923941890388743 9.448827729209269 29.534117411358256 61.76045388668183 44.776813092820056 39.963622245249496 15.128679667164219 1008.9639231941925 22.094495993498818 28.778611120425925 41.31439589688358 80.69767508259008 53.065064540133086 77.19466048824626 70.54924637405801 69.81774781218458 81.70790544874318 34.366884863156244 82.52413985482085 76.77257930723819 33.4979755978899 53.611122334036146 11.582276732606225 81.79521086820304 71.1251742057001 73.92987449724582 81.7066742663342 51.75782270426285 75.08300265865141 91.28328349624255 90.90672450853546 57.69961638195839 9.751132893685043 48.01540049141031 50.46841686890159 65.81163409493566 57.415315129277495 76.54389014335696 56.073598734195166 27.011025032315157 74.8025322883346 30.244782880029693 27.945776389656913 91.59002110952008 16.386681911035794 16.140231764352173 33.258750545274005 79.89790948064427 31.583323327348925 10.571721953375429 42.62216763034409 88.01165496227416 97.48604183513889 90.87625474348805 85.73847015922259 3.7444827211297635 26.134198381236807 89.40858035171121 55.258914643895274 8.812419146104459 88.58023918509838 86.28061980419169 4.7232522245184 92.37578875009082 59.955641782238885 49.95228913357012 68.54884871818616 42.8838073907714 66.43382660712253 33.90616571318772 47.51146329253001 45.87830376845188 42.995274896861325 60.72922551898442 97.06790121112155 7.505469988554247 70.13691386407514 8.321700059238484 2.499139789803285 46.44078811362157 3.6799274162529967 1.6918255198684342 67.3611464644317 14.69158429321511 40.05520838371752 45.277032429181794 58.87402256022491 29.847958675317223 93.38963277888598 17.118987755859663 54.310167114607836 87.96701755883197 39.63444158267715 42.829350774236175
55.39553149967526 57.203858121591566 94.92815088146325 24.33259935615579 28.458718135635774 2.9111650011695938 33.179835203081524 97.31005680734562 90.53336684518831 86.75947931275289 48.072659058019596 97.78514975414446 35.27347402791261 11.975157681039738 1063.427892930834 62.112544020911734 65.50904367622499 32.52199086581997 85.8632469226096 56.33381858099138 74.53419186824573 7.31565998661684 98.06871812172706 65.42444237901206 93.58977060222787 68.86830157463511 43.15272586136668 53.22665736902454 60.34044851238101 47.68585969998098 69.56724221734622 37.7421837975008 13.084764617064986 10.76449839723437 85.69013684371515 92.30693383699463 9.910305619875839 99.02620775262776 80.95774622098916 47.08930187506319 95.6912813082559 8.008962789449605 31.80468709929052 12.212790337891215 90.01966234637396 4.268721818107787 58.17524824259101 10.22603123465216 24.981214466147716 75.17476529430324 95.02165597376766 48.36876417970746 83.03574266402377 48.722551611605155 87.14233929338512 8.957314008007174 20.66891905490949 22.013132980813637 64.33348672267435 88.98385059673757 64.05364357837377 32.069410823690944 83.6780487509827 53.45066146754154 71.51985192732316 14.95661549568478 87.16583074440496 33.15532058772223 74.06041070355732 53.232222384295525 86.44142886909785 13.546481163724266 13.021405809420243 79.41195140327245 13.973498500215442 82.39585916986852 53.650186177974284 49.24255140926375 71.86951306659907 43.901507716834885 92.08629623358061 13.949970517791176 84.51687615744515 99.9545589595932 89.0885300041226 81.15940927579219 63.25396206092262 68.52808846812053 14.935501129711458 26.279050774701883 37.441945850275346 99.53829497921598 89.13595008237057 7.999682442330822 14.471123364034666 30.947876965353036 15.74031286652809 30.555632818935116 36.44676630013673 91.30902831999408
95.90309089414548 62.86660688915527 90.23620536571036 70.95643276211608 23.10653983151539 24.839769338119453 47.31693026663339 69.63237762476568 59.447813968490166 34.926223418383216 67.0564223255554 32.78063038839264 71.14529120647681 56.795152055884095 7.705824939708407 1077.1316210015855 12.653156006469462 96.25295671662042 69.2334658303569 27.66676357656174 67.65339176753479 12.948487383106444 52.58306667457507 50.7542591153511 26.279535125387426 14.282722425140129 4.145811519517763 53.773451470554974 11.63871433639511 71.78774791262113 29.795180439389387 53.55910020523683 82.39242833630756 25.5348472202903 43.0560703536918 92.09506715999346 70.57475195375449 97.98651757566665 19.134224962581104 78.87672104898058 62.29730670883706 1.852506006164564 41.466855110422465 43.46100844238876 69.81817383956242 22.087634459391516 60.07668760905809 66.49782704618893 94.66307467458228 20.5153411493203 66.84400841017963 19.548191974218504 42.89821916359438 87.48964812028274 75.72878313690569 53.1653143403338 40.1592329169923 66.65171992894058 82.60530600087947 11.15547191992239 40.15403967388625 72.1024004876137 47.87837528299835 27.077594035793393 40.612065135465286 9.950468227818511 51.50221481490607 63.04871031378442 76.98215248131294 86.75687504547219 28.506667761632855 14.241529848491158 43.29225197912775 30.79286753567528 60.902208633042434 49.283962460254365 21.461585138488424 21.439233775268836 81.66872194850936 16.22282685979746 24.449169622494182 74.10424910735415 55.33840300737297 6.409375465797461 20.27990577239214 37.074728229809494 8.235675589912315 57.5397509872159 84.43494811653758 67.90514712517036 26.17556081568525 53.88802550979093 66.75228991253654 6.138210870587011 12.818357237188941 70.30113754154286 11.37427053179198 22.03962576147961 70.33645210579921 7.2827127910975245
93.27331749482316 8.229759259469361 52.89726713060219 7.884681958909536 43.72173905223161 38.25175106179588 9.122918011675054 22.75068289428137 27.059283178537896 98.04689807947423 42.322062196893384 84.62907626778644 14.023624924732175 73.23475129734344 39.205344889197555 93.70409438292675 1020.3257656171975 81.80491704588361 66.11194795960337 14.532498266260648 94.20922714764089 21.062742710466004 81.6172022363513 32.033156137843726 9.595141343695849 19.157827350529953 74.00667859442882 88.70698374611067 11.063497074331979 51.79143984257219 18.943068701022806 90.59109198314424 41.978346489381735 50.341491721641866 31.28359813942256 83.7168571116918 17.69082814915325 37.00105541855042 51.72366824735976 65.12122260782857 81.2527044897392 16.83953369287493 1.8476353485384975 63.18778824908374 86.2706495217363 30.408580054105435 35.09249972148709 20.302369765781112 75.84281548584345 79.84685491539649 32.46758981104161 21.92644018044944 82.49366505353554 25.497762036994416 71.85687211667386 34.04027175107922 42.21566400581551 68.49095301747498 84.29828038257111 6.581520435915872 51.66273654007521 55.310578425179145 21.035573705832334 38.37768608720845 47.74669418848143 82.05628659262437 43.838029944115924 18.230924681310803 82.81473500018751 38.96041315272709 33.86819932290423 40.92950138413063 19.686989391583342 84.08999671482316 52.66582306129657 12.670216853390766 13.337096118996339 88.0291580921126 36.499090225269214 51.37474029236444 89.4832962502083 43.84836677827162 12.623962222824428 9.741465947208585 35.090604786721656 46.457739556654346 38.27859049092114 90.94408356550508 92.73062814312988 48.91050022035733 22.843041351895636 43.54655853197285 12.476051242863821 6.906771321229115 32.27964239785007 77.47198303271718 66.47546790690973 19.037164485675653 25.61232146286396 87.24461990002496
93.9980443411763 19.0898350817624 57.059602777524724 4.124229176417057 51.12270920838989 48.3953693115723 65.75252462593163 43.3721301055961 67.78187794699157 37.15906914635285 10.242860654607583 73.28984734616371 59.89901222967352 72.61500985925383 15.178387025380294 21.373693619521088 31.104468763294612 1005.4338674042218 26.665729148933117 42.68409112703569 79.73450116472782 81.87548007878299 46.284823538645476 91.03090802121606 54.839423963941094 61.50417272914445 45.40680469408442 28.228706671422255 46.98804955410079 47.45521247525803 34.7025799569962 53.375605572236545 65.15693623387182 6.667078748782929 58.3600382833364 1.298303656685699 80.33420773319774 44.332674505511385 22.187474823398823 16.63232987716291 98.19182327820158 50.40024005841958 28.386724329286608 33.64826834102074 25.3387025621615 89.78346492026878 54.91178338395085 9.025634061498582 13.132418680376626 89.81097551628167 27.388793677640376 98.04161770639142 67.10670407302919 26.337455125681267 21.433303913409986 30.8156757556129 73.71280767130006 92.22463469489334 87.19967654800189 97.43184108165141 51.28455046552953 84.03201048390515 9.831458802282727 34.180937415700384 19.189153358338846 59.828352091219614 65.5882101563646 1.2781349298953475 81.82589120538653 90.82738981440534 56.15779250569989 38.133662668773745 50.09563457423581 52.31041661688799 68.06094248975306 47.99187105865673 94.16128553668877 74.93899962654851 28.90079403980973 37.72904066007112 35.77720373496088 70.34647243176578 16.18138316825965 54.46971323549899 70.35683989662922 35.058943050480146 45.999415430385476 11.069385911653308 48.34589094107356 65.65533182971926 65.70734183072511 66.55697915681459 61.3963127517611 46.75698505997773 16.59150117136179 42.51562178785578 91.16515551791953 51.516901945202584 75.90940932006004 12.988668267737062
57.35328733715927 55.79794593441346 15.932331814338431 97.83077792412824 4.285299089359627 80.49796573116515 42.79698973021933 70.01008891412674 10.15039453644103 76.64634184106598 61.289875343222995 26.797004378074938 88.59026254897977 77.73768376714446 73.75968241527592 99.40772064422545 74.24533705251343 75.65810888194623 1044.1211681765355 51.57565872550338 65.36733623775689 24.456820279837004 86.02275444629174 85.96611261015975 16.828238991887492 12.214973521505767 43.38089634613773 93.27131923467982 60.13172137900142 14.706979630161312 31.722482038632236 97.95360468832253 86.10423574133942 12.649141909015148 95.53258513320688 39.96006513826651 17.09456826495334 38.72347219812088 3.148504133733534 85.87711183250295 45.360577938892895 77.90301368559462 55.13637481036036 43.68755695124558 43.85707319240915 85.10291318035183 61.80266859095765 3.4609802268709693 67.22526323421005 33.3091077082765 88.87466071372343 6.712895298876209 23.863275691283075 19.012130891648635 68.55268647957092 15.258084208988183 65.65511954222204 2.073110861772521 56.42817180380047 80.76148231253075 68.41699091614558 98.90092486473921 41.3574126185284 54.88800779567647 96.63305158675345 99.61697253890061 31.08251057887228 49.89439502772341 53.15774515463527 64.52120819631702 46.755511177401026 78.06555132990336 26.834403298713262 99.39164623708392 32.88762623936892 88.05779617761792 27.042688420681863 2.054905684555397 2.7002262011831935 41.62205331035891 30.885486765931578 43.442913772435645 17.028151618923964 1.1197769330985277 36.27692823841838 27.16262152393296 50.44918679899115 33.82099013316587 79.05041171955064 46.08950624972169 90.46740050906894 69.87910163652833 52.93760999650846 75.82573267013204 45.77659173192847 46.90739736335723 41.362456525486515 87.15771875670417 54.71571548675353 39.18310057764001
64.30231077968878 33.93685464493995 48.57503448123815 55.62691235585751 19.970083468356247 65.65647766974456 71.1213408971839 70.97004198002796 39.860914151166945 22.476495207363367 94.49988774094197 53.4699684211358 19.777142362582616 10.887742293868794 95.16279779918925 77.97556593357938 95.88472873282657 14.554394732011854 61.68108718604814 1064.1231749796939 94.09336636283449 39.29560194619034 72.33356414927748 94.84524032191972 39.71997920281738 34.768866456824725 8.078913263843342 44.093731951929556 61.939190668618366 11.690612610569982 46.79041870332011 20.1302813697026 64.64225270747843 11.472268661897637 57.64411821380201 2.0601199840177413 12.184126826873447 51.562160594325135 82.68490026976306 22.467062902149646 71.2754918590347 53.55279219356069 27.78743043522184 55.352805899842984 48.03667018561976 84.36667834137928 19.51584083819896 36.089587333021015 57.90598242451028 11.028109197370572 60.708494966993385 63.84976103284931 27.75323491545734 45.619489857191915 24.25391376590526 91.87250646609034 77.78814612759342 10.923638423923249 27.630405696511588 40.14341212888481 34.00232973510228 6.426537225414016 64.75964947953821 8.899443076939301 73.81426584519255 47.11776438584264 38.164110611753486 11.037000472408653 65.45237795358896 66.87543986325079 9.172765622465356 93.72365996447374 94.83502892582402 28.9303732820858 75.52117301630533 14.93527720054206 4.812848045787276 44.77693905951524 42.20167682990096 11.1055858942047 84.92020996068327 28.03984540758102 39.3644038835089 35.27868705748299 71.85294460717151 37.131547688444606 57.34726957321054 98.62513212439003 55.49734986591811 16.295630253680812 76.60647406117384 81.85750498279384 65.141317572684 45.24443687814328 50.904064907901834 16.76977517417891 46.92515489505459 78.10877815323141 89.81200425300337 78.33260155504345
48.329592110522256 17.47269395790902 43.066426208246654 54.58350169640364 19.45477931603219 59.36241479034545 56.94384362442551 67.80930815250956 75.7553234388099 70.7580726968557 18.277505372973504 61.47269122763064 32.074160749365106 16.842265590605415 30.028258903320765 32.643061122280166 89.69449208883395 59.96657623127261 7.838720314233042 71.66754687610943 1013.2779335704088 63.05014178515582 71.27310843241767 97.89113732698466 98.30512850124849 26.015551487961822 16.283297517791674 89.87715723781183 80.13188988615069 18.90564037357462 90.48314948088243 23.985283064665648 27.79339660764023 48.24580938542864 74.12715910212908 35.397928780108494 78.50320760552108 81.64919461023516 96.50312416086763 8.901207136414172 34.12190185726682 5.947614831721255 87.88370993866286 80.98233375998981 94.69405647373732 81.84058930133887 66.51466398412907 43.583108955172975 10.355580409231765 11.88438742975861 81.74019640555163 84.9838519132583 90.20761775817057 76.21219348024387 48.692439537864914 88.62752759781667 87.10216017496943 51.87356055096971 53.64927021887366 58.86825936443193 30.40481987698614 50.25946811955022 84.7676616524464 23.58486719808958 80.3598725610192 92.30213871474056 37.18639236724709 29.127142321908277 76.30224961528 21.40529950431414 84.23471918385428 49.0246779754862 30.398953611069196 56.35402886974058 77.24923572622659 11.279680912164121 24.25473861282305 85.61592633636182 79.71470074518741 81.31163495300594 24.563026767562036 98.67192374695355 83.62163749095917 19.620408411191157 6.554164640362862 27.492759827614414 90.72135935941148 72.8444137620101 97.17895586752219 12.395365362025393 71.93435542839079 87.40111345521827 50.68442395259039 79.07065725896858 93.01644564376286 82.23687723733073 54.84466165993158 41.500835026712664 21.215111458800134 38.075604025630504
18.530424783111172 78.65890008649437 5.3392822722744455 41.04523955348915 83.48944794354952 83.95380828047635 84.43552635738008 71.43622786916913 55.29826508643524 87.50387808511242 32.93156248489295 6.239001317141043 95.8429564192988 31.837390890195625 18.875596049844045 90.32870996420722 42.82409353081413 85.34982707191092 10.065032392015572 37.597695704371375 23.933343610926528 1047.2757810500214 1.396002330077941 77.2625124306289 3.795452698761855 58.545684933818144 62.61013663560318 49.62904182955978 39.80640992109569 40.937180476084364 38.80592997511036 68.31434583690618 53.797453538832315 29.306547018877367 75.80564819516376 75.74652693341267 31.93579859562089 34.45304831833056 80.11792407080713 35.93539386516043 60.957502702864446 48.452613870271136 42.551180487337774 66.52850912658627 81.27153923208117 14.909706604565665 45.75545342680485 6.193719865485617 8.858339862137807 22.185353314806065 15.505643371743462 87.0936959799337 66.5759240019189 33.83477222932108 68.69741079684498 3.855402643371638 24.043080104306313 90.73044866095914 66.33529178093627 6.541440240722727 22.19760067008541 60.772280665487166 88.38865013251079 76.39039486636948 65.90140487197152 62.23878053564956 1.4280624364132877 99.61007134759646 3.2084084636443655 14.309813923352074 51.34353104745639 20.24737237276645 1.7440768957376904 33.49425714849622 41.52560534441877 35.5819640070959 89.06319324851256 74.59285819833879 76.71801642952322 48.43518784056067 22.457050270651415 63.34845845765957 13.38914809303654 98.23709260915685 5.926807283680686 67.26464252962847 6.8160513224694546 33.44576283791321 3.3578555518493065 60.560746053854864 40.5203519461706 97.39141575358512 30.135375514450693 62.94937174129815 81.7755344411318 33.75840724299932 75.9477334807426 18.630056766786907 41.09609975971774 18.7898404748651
70.97520395466637 59.89993637777179 40.19354325879191 91.36120754216125 17.847280208933597 81.47783357366092 27.95788542217654 89.8064802582391 72.63562536920675 12.949443784270056 55.239893919260005 89.97952650625854 60.53255583529962 84.36843994842458 69.13331664931692 99.6503187103868 10.612759262808892 62.894335456636185 25.06851022957959 46.96590562421276 4.199567263906927 73.66195725547585 1027.7671557952647 61.677656024749005 82.46488203872741 75.04965423704377 37.84417757851169 37.929080729925786 20.867509944842585 20.79602421740543 74.1364018852385 6.503286592177392 64.80018230831638 58.411828031884966 49.54598807733608 49.536174405840235 3.009333138788839 33.44524136301281 15.142229721153075 72.62388532618937 20.73401094903325 56.90936639024718 22.28844907978496 29.46420950399307 33.7228096529825 77.86129330961218 18.182660574387707 89.38592914088866 61.35754101350482 1.7751528252576452 47.2835587555728 58.06012018891401 70.09617521179861 89.83380962035648 79.68620631599914 28.446762169706396 98.06315089614542 69.7026917953816 26.804365983550724 56.17522744084208 39.61881537738745 49.90235385237351 84.32274930394343 34.38823122707877 14.807964224782326 86.77479162043657 55.09313519559581 93.42453207586024 28.895651000435013 25.102811556102946 77.32379096818188 12.693699561795396 53.71626654514804 93.04713075645545 47.702077229845216 36.46653574384618 3.1975436251305798 52.864602840715385 11.461946257444048 44.27342328787866 96.34516630804856 89.72080838756095 21.037866787297776 32.80670599194241 25.003766769491868 89.91591548009382 37.45530288814985 8.450339802969424 44.839970180249 78.0012448324694 64.43758891755098 70.48787632595041 93.63369866590152 6.112188900600593 68.05722891684273 33.15389972213226 54.115217177670466 19.735729913710458 70.94245028859737 20.896375806347155
45.09193248879155 16.607632245199486 95.9089537398764 54.92657179259409 2.163722447285951 25.65906746178299 49.406186343230125 73.90269224809441 22.639879129406907 44.97834798802819 31.802825602394208 2.8619409503983135 70.5043475892033 94.26354067402613 44.14345693362918 57.27802384469831 54.01994195069003 47.579427826466414 23.255775279056568 64.73042763351233 50.99658874244497 75.71630117433985 53.299431151470536 1046.335654433119 68.34921597997267 75.75157454708231 79.30167550829258 30.959768910949272 20.469710946529553 72.14431690585393 99.47069693746263 42.97213810322798 1.7896641693025626 24.820090475970876 48.95524410986677 27.87367012165344 71.48928387807008 33.65231147234288 85.72290992796746 42.75062439810977 25.555023871953907 2.6523079351597114 73.0234439959116 32.176734438465125 43.712238075878716 23.232372806200832 42.8496330585927 86.82202600532867 14.011068760714315 94.14981386025518 15.816736450478341 55.7606462863336 69.92885120846846 98.96670929958236 85.63381558795726 91.91603956361891 7.40064497062681 97.13271485899278 61.21891832922495 34.58378006725946 53.3961608802052 35.14131437793379 41.57844893877625 92.71194590597472 91.88480794918966 34.16583936374995 29.35786765376609 16.934995398101446 29.813291800214195 34.08628960538529 47.97693593058276 45.153247445564425 25.452259058868794 6.615850410400529 37.24629571440663 53.27825177898472 16.374558629780516 84.26660543843884 88.19837416198297 62.15586785218854 4.2486720712187065 13.286082798092062 61.623059520782434 15.746767396265067 67.57763450448128 63.035359433215014 66.06382388287463 82.08923017338041 12.867678972117792 25.851939279234113 64.25817731794288 59.886193781599374 81.95060229925419 68.7353097199669 53.60509081683682 30.807038684302682 11.805184405893232 58.65819322649687 99.6801312010061 72.10493318333947
60.31552054466065 38.50394193637294 72.21564913799013 23.399938459270565 58.04298735604945 10.433470017833859 26.267866805116928 42.08096207907849 64.84708106905862 72.13899062374819 8.178081593323498 19.65005721632058 45.690235987921206 63.904179015073694 36.93309407439493 9.832324310325852 27.705119744675134 88.75687528710382 72.71747981893462 55.64140622939457 18.51087953014665 28.340412820560527 55.239661149657096 19.541723342874405 1079.9346052420274 60.328522975388545 65.5868954813546 78.03451230050005 30.50756563399808 80.02852234024373 69.7578647677151 65.20199676027114 51.83826406874271 60.620048126236554 41.09711664366886 95.83064931455313 8.681782235868951 89.86136740698898 26.389692596162774 66.52378327249924 58.85748183767696 85.51496636458981 71.25336144545328 33.32095863619151 94.90806044556868 80.35088071598759 91.0594484272272 12.979529047455639 69.20356509048156 3.3384501517736775 35.9797722451596 90.62216542710406 37.596249063783915 31.129540184583895 2.2976421009894805 52.1323921057394 52.75793291826358 37.955129135819426 29.29574780026422 30.964310047422963 18.149709768520207 72.88331388127834 31.758634614129637 29.165955444025986 14.605073246619146 84.41449607163554 48.92771689814744 98.3569400125044 79.66710962388262 43.51695051301279 66.28532873810163 94.54645834952441 50.937290684763866 14.020036234013315 43.23118665058114 32.01686150787614 60.917134983145075 3.7348342627189517 62.65075802388912 75.90949929445524 28.62784311902244 63.517610192951146 9.209776776737144 95.40274258201502 6.9196138191139855 57.03450121560728 64.41249704620154 96.34823923597774 97.8879866715487 56.274939958551364 39.39173025209952 99.14105431252618 36.36607788362489 32.37626618873691 94.99387036504 52.89819898836457 56.20478936607467 44.77904527272001 35.28692683967721 22.521831533369173
68.01195966279538 53.80270903277808 14.278030030865269 41.409595238831564 4.172116755047082 73.10641697756651 60.075211896565484 19.164871253491363 4.220355912783809 86.84672571926953 29.379328242477875 50.10750583290112 84.67983065842296 4.414109472062527 22.15746295416548 56.27169677096211 97.84254916277507 97.84126719567983 60.70269312157308 46.40400035867956 50.38072049328269 41.38192367026399 48.08893211989435 54.281243535699545 14.127753349054842 1082.268427458709 63.28878986826687 32.95120879042163 36.39937195166458 72.64854046067062 42.257435384348305 76.30398779249916 76.12985143211307 43.334718189419334 39.7994885164335 41.145077879925545 62.21701268061178 8.266281149077521 14.624332048102406 51.04387131016716 13.238422339363142 62.52993884293952 8.421726675688856 6.807091987962469 16.21915671493745 19.730257120520875 13.182064099238236 89.50463143776936 70.64969128190796 17.644192292059493 87.79072551239167 30.16797115918701 31.35378318132528 34.38215120929867 27.477741838375948 24.133932654243505 75.67988790144551 57.690662624124606 45.6618685999196 56.0469625421788 56.52174866554766 25.38225869659629 85.37915200073981 77.02093394816099 42.510716723060895 58.64024515190647 56.282563231986295 39.96031702685455 4.6130866167999205 39.13742872990212 86.47105635750817 29.56363006901043 11.325384389696621 17.904893134377048 6.991974148055606 64.33726642431756 64.38728426935003 38.90200023062813 75.76326696628566 96.01730549452171 29.0258681604691 94.12008827614292 90.12822271472652 31.914012939025266 3.575268203634802 19.052478091985833 4.102445803286958 46.88275697750449 2.9049862235344888 1.5512749883184678 51.494620788768025 58.684872840046786 2.5723076039362196 7.03874295947662 23.58072587202204 55.51037195802803 51.51607843193555 99.22401768149537 83.3221661443129 68.03121050197919
62.617041048055796 88.2859398140365 74.51966606651042 96.52420302849727 80.47895709039439 45.04664479311811 10.226730131567269 10.812761487107263 10.30264073601859 68.54332821615971 29.86109766528493 18.22367960000304 2.15450483556997 99.41241333015057 7.439818021399682 26.166771900408655 84.37634528369853 26.223581719647207 82.22246166811365 86.21080313188193 92.22363213247917 58.063615471634606 76.18314146828767 35.046840769035256 63.60196606095038 4.906375986427954 1041.944489488429 74.55378883465188 60.84523317818101 73.47875202518728 65.6332227386157 3.997247657202991 52.92376935862423 46.07466799401653 17.137181798807976 68.73828407526759 31.256944266407967 90.04879390844646 43.55889474314739 48.95269330991613 96.42382750497482 94.82212719134566 62.14032139082228 11.000856751628888 97.2509428678431 60.84528888955553 36.95437660004198 34.163077048141 47.106703549044674 46.46172100259027 42.62338841342464 9.991630844329029 74.21186703908985 82.63982658673636 43.18525455780605 29.294472793925326 99.63735778824099 50.21951192590217 64.1856341556805 13.981336274661196 81.02636116922189 48.58446291217787 13.987663080899516 26.221172693690253 63.91421873215031 77.46764362583417 80.4288856227446 33.980953124338576 25.71285566682498 71.50687000325235 55.71564397843464 1.6091747000470926 20.772306022027745 17.023092233586596 41.69950937009269 44.563195371807375 47.44886629162632 41.160156656283206 38.753127077338895 31.078071439763857 65.43064389145493 10.489327453520081 68.64022624107672 64.50300037891371 65.54469524298605 70.9454967641735 34.2493321271376 37.48740469445486 8.706747025433174 3.1555304144174112 50.51436957813243 54.31405406996279 22.616159887933772 12.365609411176711 91.13660900231035 96.18034111538917 57.14207422073613 95.0731327696118 58.73397236196981 55.878555351690345
56.741388152705724 64.9152929983598 13.794943558771497 67.7938897876743 37.72399478008096 57.83584404641296 79.8793558276779 68.64461355843558 10.83965132009074 12.836966962051353 23.997243604467123 3.2433312721754803 78.062100024714 11.089345575794429 82.65789229893824 79.89513231103165 92.94261848628 24.35962501723874 38.003882430807145 34.662229922552974 34.71827927673178 48.242074070417615 37.308102975175395 1.7332788523243021 76.78293295021047 11.509617744024059 23.969044353724737 1005.031367181707 80.05321896399846 90.64830084364836 35.12962583980677 85.76780932773607 92.8725664163162 72.99477581612071 15.137667767181433 49.5977974942422 61.761225065186586 95.7509068391603 26.314025004884726 90.6364121137523 28.132965848876605 43.657496312339305 80.68789888923689 52.6855589244273 47.44887390061782 5.372236902233867 92.55480780150624 39.30701944562701 82.92231273561077 77.81113808564146 73.34149149904957 22.137865802909868 62.4541442711661 24.202318378084602 3.1404691424492044 43.73709039446405 65.18236983619218 88.28190064383529 36.78657776714335 97.77494913609644 57.76798371145736 71.6608177529444 59.81518333974123 39.656990349724424 23.58282214480504 20.441792371300366 41.21127586657756 58.08361134654495 34.582691687788056 26.528492288584513 87.59610909546797 88.25071596585339 19.476146529535892 74.36349694074616 26.620041588325325 77.44813192436125 93.63168561072087 76.19924651529927 50.31548539299304 51.64866533919341 31.491707064588976 82.80864608904021 70.66839539901751 58.63928138391973 64.31928699337575 30.374650592001768 46.635690194991206 57.30658580558005 90.51481859494075 36.666713024354145 41.26117502963173 60.7912059199711 42.23909709539186 93.47168121003358 72.95805465468095 86.06575388130948 15.67732364801132 90.64437847125862 15.42940869607785 4.028319666634628
36.20205154385086 50.19288878404334 18.456778596813933 51.89363320584673 7.419513889013537 9.287239661845323 75.24154721900155 55.36136747270376 85.47083703229049 87.7515636681025 1.823867556270372 18.681634384122603 8.153460713694095 8.109265655032175 72.79336577788524 8.32213091843488 4.407056039451344 3.125004246072437 20.5018061192597 68.40858808179053 56.35407861030516 18.59550689636595 84.36876347007896 24.27249148398117 29.318255755844724 36.847364448874416 8.63200846445589 93.38288422047368 1091.0173956037952 57.664425677614204 24.316382806332037 27.406113488062598 82.59933866089322 58.42314308425455 43.834732630280996 44.21679775829991 38.1622170201901 39.24827607100047 79.64647591265906 11.896221173831577 17.696564397700325 67.05494542542414 43.76231410362994 93.93749043308513 39.98326903639725 12.007658470152839 31.779455839661487 20.770757312729334 31.363938845505757 64.09627764320622 15.73962382829098 53.53458933938308 71.56887853016 85.73054251302067 46.537861167941934 94.26836550739068 50.54187479649126 17.437947500103842 54.518319173795845 77.3851076329872 56.69112837664418 77.082370446945 51.131490553407104 13.648471714117331 80.64097795885341 41.9315230877076 75.0014401916967 35.54622104862081 68.44902828265208 34.04517363282544 24.107395397914576 90.66083995018866 39.71439594093697 12.652520206270927 87.41657056018381 88.15767354999151 8.532911014850411 22.446265764051113 97.33785682987444 50.96588789644419 57.14460080522472 34.55766784564007 25.241600539706482 50.5185712559039 1.5907636982984337 83.72373733523428 86.9524801248189 93.12883878651324 22.758796957263705 36.97039090882397 12.250684324382144 37.95624965655702 27.113858654267304 15.528789890550687 51.95962364096128 57.632150745072806 25.437983873647873 34.62471486445607 14.468031913755853 69.01349298254696
18.904874469918163 61.265220538614514 34.4446129244901 68.50469182447145 64.25015742597424 16.49879711474682 32.171829596361505 68.04550308189452 85.05980010969539 6.9469201084251795 63.54916234973153 14.66385886271463 55.49805568210606 38.177709847238205 27.972183958104846 89.78474175853655 18.808174722317183 15.059479900735095 36.52068370478482 6.486944500629124 49.56786036311462 13.650582969924368 91.71123197797343 47.30577227722035 26.411428634224315 83.30357137004569 39.27316717394168 2.0790681900232912 47.763769291811776 1078.4278968803578 24.210411217358658 6.189117119828941 2.257131952079853 17.963648773655656 60.81031710774967 87.59933379982327 33.047310345717776 14.368483608350406 35.92610898859643 20.93551501950871 65.561543696478 27.46750185807355 40.93856889378143 98.40979490756786 8.137996668662046 33.13332579883907 86.86032829068061 46.34502725618176 73.8968580669255 26.221269376528262 41.74273860305687 39.14558319649699 43.288607625008126 69.76193732562805 19.75893389797361 4.6953441487383785 13.430329816341345 63.844660100526085 97.04472919246919 23.9775226684199 95.58387405325892 14.011685441371467 96.634995915325 69.5368607193002 82.88822670929257 70.07987025700982 87.27783125485675 86.61762982855039 82.70727070817965 13.62134637619978 78.56356944544595 68.02058620146195 70.81291834071236 65.81050605463861 16.879925275722105 60.25262577038982 32.62324206605011 30.286081574002342 64.46090088101317 15.348012954603885 1.8060510795615121 49.66736873919245 40.38598771094227 1.8950653490311256 93.09141905796425 56.66684206688575 63.689258484843194 17.8808944243335 72.04717240333757 77.72121346951026 32.240124859752825 42.64055063111694 69.01215884566695 35.3208674154605 98.29647497675302 27.74210074520774 24.43307693438494 35.63002303023208 51.11438466653501 81.98707571055279
92.74654397411638 10.662737140415636 61.595364307456514 20.038732256308762 81.40011104770974 78.59286315176956 54.53697336599076 39.28275864020933 54.46861574124544 17.933013095579447 77.91137568215785 71.76462514952311 86.21954167237999 14.46607176158273 40.043381508300115 19.188767374641703 17.936602626671043 65.93979042455683 95.99031061480704 94.43822043801669 76.62478406706629 95.68085880894809 78.35546859852533 5.323766772889902 94.43247141306617 94.32817381024121 65.88997422250212 77.9992385883557 35.83983725802091 4.530673629736967 1097.0994698385643 71.20719969722721 24.129636043446794 25.11017310746894 46.8244816952394 32.0829181675541 5.926389724855917 51.856418876015304 22.92229913824135 7.33133310681052 42.67226813489149 67.49520753602273 50.43276526392656 26.47521717529755 39.715396973242605 18.353452666680635 16.70438644978268 64.9883960984877 8.989835757926596 72.28411053551508 32.73995156987114 3.088237307830812 99.93556930589095 33.31317189697972 43.486938156309144 9.212035203086225 89.95813080811675 97.61520624769615 7.712024497807722 94.30236300831692 64.83119148604506 26.997314395992753 17.32703126600863 99.92378225173888 40.99381900766592 60.52316618798358 53.43339216388664 19.20956930348574 35.91276473645181 95.05435656345998 64.25675711452234 86.85400595982517 10.902494587492615 38.87140970119517 71.1493435922527 23.447400121068 38.87016109711963 79.81807125249365 63.38659370710012 11.16976545554543 14.842184566979933 93.54750144727892 52.356494673455884 8.396720126914854 9.767010183445228 23.637889742480603 35.554752220439106 2.330270310770345 68.4048122265903 69.81307674699416 29.465039318186573 65.3945307902166 56.875159090755034 23.335974322081686 56.17764425584126 94.03182687685302 10.189685304821081 49.32582272153816 95.83111887385462 31.32950876959795
49.69594147166829 49.241681254815376 60.20633147263783 24.943965006774555 97.90116823040003 96.73442999832567 42.031709927734624 72.07311036668226 68.41669278316407 84.6063215047479 97.46025753130606 56.863248478265625 56.84237210095889 35.938064843751526 91.46230783213461 80.09259114629327 32.80719407872672 59.99282340190652 14.97511956691367 43.14496902278617 47.36946114261689 53.81869445874461 89.65581649800919 22.954017241703824 72.40440483899293 98.34676851328396 14.428636782308374 84.14140327548493 72.98391221434115 57.007322354340815 26.976189323110667 1011.9646024181759 36.461508250359586 96.5581699181795 27.570970326019502 78.68091350526316 8.242126434388705 20.44599820469538 39.98814865933365 36.379615150108734 7.8572513391309045 41.82245019357969 34.66252831860435 49.86505227965846 15.224786875948741 93.7303859755498 50.09459846744109 16.315325680780486 56.46145657799582 92.71377846563205 76.68321701622149 81.62197644118767 31.693546678011057 47.58482031321537 87.02462848525491 18.899681442790595 72.8856480634562 73.20561504667917 50.40118109228431 98.53412156544164 72.86047909050325 90.28470133791834 96.50858001757148 73.12680492986638 18.653962625088173 83.58463383259974 53.31329577638368 78.57994548612147 57.28625031554985 68.32404457482593 38.904836157497954 26.815847167892834 42.569783102521654 54.216444089835974 32.676587597686236 14.724631892050114 18.70556933430452 38.3727094921703 86.91861407414365 10.139649093836756 90.29327545145577 37.41328630748993 4.498656549268569 26.254130209288213 1.6653048808158715 17.530042558079032 36.54819753932659 21.739878856938066 97.6271398061081 21.561406461428657 32.52900917953191 58.63311509128289 73.22349998434099 31.924800833140146 28.3039514484084 7.185918331640361 8.239255441072892 86.94325632283778 11.922326559481746 70.1613206672747
9.333419819777415 87.91792348401589 40.77652018197637 5.2868949866263435 61.10355454106053 74.99772968791584 8.485896396303387 53.83739688337466 99.62560676541297 19.440151522608637 76.61886756591653 2.7229090818111623 11.14390124004963 80.13584909167716 62.26016221255504 84.33024662827957 58.11169204096675 16.916226614882248 4.883930184766869 2.750800614285778 27.72020793658542 54.88564873097797 27.237091593504584 23.755846893441912 82.80454358572678 41.73763553187595 33.17796983655391 96.824765840724 26.666869165196427 49.193291387242894 42.68809030334728 97.16552271705665 1070.2342229321364 57.67615181146812 96.99042879511425 14.517845429366826 62.98821050748086 33.937444524805954 89.59137865981896 30.242118098323708 27.32312825173469 73.37788992024038 48.620308174089296 90.19314770527966 4.174365702552537 28.122309452689123 90.03477539368916 85.8440706429276 60.369190051041784 61.40307200102042 70.71064332628943 73.09395157014328 64.91179804824957 84.51496168473665 98.60601140728318 78.26206652778447 58.623354768700665 45.93466118042809 76.40397543867387 92.51974380563134 5.604851975285837 36.65539666021737 49.840133467519685 6.90969396761722 75.61768426636624 44.71653633401806 11.0138569057111 30.57830669746793 33.35190633119086 12.54366042551255 90.8561331743724 48.80113117703444 85.11839779806961 37.26260236697084 40.15284926656596 97.0046196958492 70.37986920592923 39.921283834946834 2.7470507832775932 10.113237892206238 79.72078122050615 28.062387817138 32.72865327265781 98.78509122246626 60.853271887940444 64.96796219952604 53.832293795161235 6.4824086068547775 87.3580752519896 9.219499766065239 63.15934370597438 86.32652162992468 74.74681223839515 77.8066322932733 71.29091701455373 45.429544467039584 45.10107731153608 4.4115222094515385 33.67785147470623 25.334651179375868
1.6206709061996967 35.47674182990577 43.84947126442206 40.37378267209539 59.72133202112634 62.001848572543345 91.91574286372082 12.525502692512045 71.66376254237544 66.67716397543799 32.29589936277043 17.53137010693152 75.95824131002516 86.41276797471751 17.15593414186169 47.822002152820865 40.77365142505951 42.246258668746975 84.0238738900906 9.346792776968867 23.91014436305852 82.88436776091412 96.16286750073992 96.98997304037422 26.31966675844267 65.73795688171715 34.232237775895626 7.801356293344538 56.79990750412064 57.70320056700114 30.905350355738566 4.956365006725921 88.26511159282757 1083.5923923998728 97.71556472268784 35.21437049398389 46.21624182769577 31.62051702840794 85.89184385672309 62.91329043652362 52.128231405774 34.10817513621667 63.06497938870527 82.11337114432679 67.5123557056122 42.16462075562424 80.98640135175644 46.205467351084266 87.6763103193375 62.53715911271911 99.43597007287991 74.2094632507105 94.03056719605851 32.74973340368252 28.678548949776104 41.97161688579575 67.94309277727088 78.32785018473609 25.474924252989677 38.37526029509149 89.13987653050285 60.478926689945546 19.044057598425663 12.421282657582982 68.38752119045685 93.4899946746632 4.559342622657265 86.10592217818663 76.8373911682822 36.64484143450585 14.131752993654334 48.562468071318584 54.08305773365314 98.18036219375627 10.322954291222548 49.87723252358222 64.62187348232277 23.9340140496408 30.67941883082722 73.12362517115402 83.44460633644205 87.83685994878053 49.5788335830868 80.63024711130718 29.963936846063653 4.854776119755437 79.6225282305464 40.48996383820291 89.15326898053767 47.54898828474858 20.557006464974812 38.70477610165607 48.56256678146809 88.80624473754985 59.83464992877455 70.21568199511363 29.47839397406941 53.115508270824904 43.1831056819916 15.444303381937743
97.04439201527737 52.420436771632204 2.3428966471620045 85.31516134447372 88.02757503914259 60.9844439219625 12.593287887898914 3.7955939934416665 16.492274738126248 27.303667164532023 20.24613673869644 94.54183447615038 80.35450509824933 63.06889712192523 65.45498673256184 78.34407438575563 86.14879811644934 93.33444815093179 76.52544994965253 55.32184236507718 49.10107207216431 53.49994195562526 99.90206295330937 91.45158419431304 38.99387602294829 54.77501428033616 21.38647103750006 52.206625236976286 71.83609234797666 90.76519310852642 63.89412638359128 45.936069962460685 51.64639852027375 50.11946707430812 1032.4316544607684 12.171883135748448 90.65061917485336 17.834951124699494 32.560340538058185 46.73894212336959 27.924299523968187 29.46909633803411 69.70526740933033 41.55253601828582 98.1078893119458 20.761939586101192 60.849612000955126 78.28754240817354 57.37024690199824 53.42738771321835 94.37437823900748 30.489490508005556 89.71152010188807 89.91657196189146 77.48059762336754 21.7369621960816 31.354957911959755 38.56046426541546 46.54101699895141 55.53121813225672 83.0667515797958 50.93723281078778 70.8007048305927 42.53365320807981 20.127331643995525 23.134612909567096 95.98122628430797 72.48039564742443 50.02484429444152 5.2217581814940335 78.69036442422407 34.47270441793862 51.78152483189793 40.12822308495682 55.68240056564866 16.293663406934286 17.76382442300064 95.04895625870618 7.967983104702176 91.47510992961718 97.38452190767204 85.06407819782949 81.59753817090412 61.71025906899837 58.06634416794255 39.71623972240762 45.78651541681765 37.41990122192407 49.6300642716762 8.468479535776845 43.6508450273209 15.847024521585755 5.963464954415086 72.2033900233243 27.081624901734045 25.1235646842243 6.779263058304735 58.00885662576562 48.57968684654466 11.94652296210674
2.7015419300767114 1.8278720973177773 17.00874677060825 31.044048365399437 20.96525983950624 41.66897962194172 3.463844143258884 41.95055400046687 21.056138220174507 89.85835893851474 23.211760651977634 18.443343505160083 4.4701746559332065 30.230473940059607 66.50325945507308 93.30371181302294 92.4323945039559 29.294705160050874 8.57615267897235 5.931057395232035 47.51912760594075 45.27084031857775 14.820758258279893 76.78945137416251 1.581622690580174 3.479989495767773 59.16277543061379 46.68202418279211 90.34931148029068 88.5247078948226 42.90917780528946 76.79033841109846 97.53130353936085 80.77847049416587 74.84555035231617 1052.4326195845845 10.258836047482806 10.609069017550858 66.33049018289671 44.559894037540104 89.54363598400668 62.7794311035846 46.45487894341947 15.46024890164814 68.67477610329365 39.97143899641368 47.592051012125694 29.112456661357598 65.81504737890947 77.62355043569244 92.79546707114956 56.70608259998847 38.99574812433411 30.41209065084795 38.35164462861436 30.05189457218749 36.87702763658583 64.53719188776708 51.771864183874776 4.811276800583674 99.99058240130383 3.3427613951810318 93.72825042965181 48.395624150803414 57.64892928709555 8.886097566202146 40.604554532166524 12.85639642134113 84.21734724822139 12.422971194938139 43.23469846448447 69.09284229462546 89.57104633971855 62.07330832026152 20.906550785229363 12.662817386215425 88.16355312612518 92.4523210750051 17.456881916772854 50.502148673699686 86.2226897571667 75.10002729033525 79.37773225579117 80.37934632456455 58.63905707275638 12.402098203637998 43.78701333718016 28.226239697114625 76.85616820299737 85.11229507787182 22.552377989132147 5.558951945431445 83.39090992697311 24.27877591216773 17.43796964674627 52.055926655389804 80.21633783058289 52.248971938348326 45.52920332031268 24.893837835549697
6.231185238784483 5.213331715922866 25.112515793012587 68.13920602216857 29.13261584327427 91.65900902144959 19.27609650453 17.850498761908167 46.58942567170996 28.436896028271388 5.823091889601711 30.031330112650416 5.571819610054474 67.42172298598085 77.05852039887971 54.1177117375798 38.858090198527904 14.446112553632926 74.24587992219446 2.197778618768173 25.554062213249676 88.62160010921536 18.503815939933993 53.405271332424014 87.17349100810608 2.499266845666736 16.709039058939343 43.47146374666798 41.72150836737331 41.480069123071104 94.70177063485984 67.27046172168387 11.3562318413871 57.36968867095725 81.2377113319176 75.22059356108632 1048.8741488212017 78.89414231248931 88.04868551093742 3.6497450094153523 65.89879495074325 86.42454608995523 94.0110927817748 71.17246575753623 15.168248028408684 98.83150940771478 65.99956086370953 64.86767803051134 43.44882871445019 97.39192547802462 63.636600956119885 57.68793772035632 84.04779604843701 42.504450270621405 72.14830384390528 68.14987538537532 84.54479279550334 99.63179773936369 56.875102376469954 76.87793109149284 20.859328829265944 48.62836559721992 52.5683344112195 88.65243166168749 29.843655889831034 81.55262600054095 50.900232292452536 51.32675230958611 46.529808487316885 17.597482836826458 41.948306847423275 89.6263930055495 35.27246561203546 30.54927748535148 78.68936889198733 24.948418756260747 5.994140551188548 96.39740522690374 98.64915496527773 77.17072432583063 43.21844415864232 94.94096316935675 47.77368885853605 38.31564814433852 46.199116139668185 93.25358327528586 73.36202673562272 73.45731089087394 38.2875764049619 3.6378779255684766 51.3743152469356 93.98494963076233 77.30601624625336 31.35546544719901 49.468415939859604 9.389512790875528 30.612940136613243 5.156486764508806 24.903987993782394 28.263964744570888
87.56770386704437 73.69902360963957 39.55040080130414 98.7483079403213 47.36024361821157 7.402078843174403 82.60887603624236 83.43108862754572 81.18189451107382 76.57446708442889 63.76517054974047 13.920889116008135 98.29983752041511 69.16323721692645 12.346331513502777 43.788121974680124 10.93062763988763 13.563271517413074 25.776703290130065 75.51114433143339 1.6623233270630364 87.23368171733027 93.24191156369471 11.164929960556522 12.570392963469041 5.022202157264548 23.02356574942766 55.24816816103018 29.103693516609894 76.99251347594733 90.21234297137168 77.26690867613863 20.95175191957194 97.07976304355857 37.94354828064411 9.787849646400877 75.74430292542597 1013.7831407784311 96.9470165410204 39.335793746168044 79.59457282110633 75.23198571654376 37.378936927543414 28.47202962028897 36.24955524236623 58.05593394743065 24.42825323283435 12.336011985045666 61.74502162211455 31.9541768726098 72.65951428790014 38.980318351528794 64.33148112832562 61.17856134054648 42.07352869635229 19.579707443708003 78.37083056721838 85.43522581490163 31.357545784157413 73.97246270947024 7.776180190287486 21.810922752259415 43.93573119492895 22.209816884459485 21.91981927787743 29.535145287742886 14.283893689163675 71.39825979123678 9.175070888051449 23.489780486088264 52.55936685056644 70.23890045729549 94.33721638904326 94.34565033529543 61.13343042406175 4.689323342908875 83.446244212985 94.06675734879758 43.698646035923815 4.20376572862678 40.41488918626976 94.24877664706418 43.4936203467809 85.00089833649811 47.564905496334546 47.33397016547313 16.868579511700116 5.302724441512846 54.77829256147294 73.66943208255934 57.3068834665794 14.766676777176919 39.90097468025244 33.28410803529597 30.87526961295992 98.28946317484044 21.247655806036946 20.927787285674942 26.677775667139954 2.690373100591069
16.839017214157224 92.3220835006001 36.877769616580046 61.931419808752636 6.006688512079667 94.80988688326697 88.89359624753372 40.40231226776665 90.51192886529783 96.35965550423388 31.23723576366529 39.11679656457402 87.71529787088656 43.60644332027037 5.723056675319845 81.86745751786682 97.78145583123779 28.16526851499727 77.8863658993607 58.108003352593805 32.105068366429194 38.7459779589702 86.08183790710355 90.43910129552532 86.4243600116921 99.90982276683407 25.568382669436446 51.49902438242843 25.15920036413071 60.016480993827706 99.65333487900527 72.27043532084076 33.83900338838913 1.3190469160849345 77.78669849122464 81.6039972590147 62.60205643010376 98.09979061814877 1054.5060395515602 8.612524574968447 37.7200174298851 62.285334929216546 33.496569568238954 19.95754121552009 99.65330424561303 41.76434623972432 89.76882032146072 17.862286728614954 92.11779113824021 43.297592283310976 33.57061675789097 8.897993803716783 58.459713731993034 71.90851138917105 82.74160097894081 73.89048672718529 29.18232480351884 23.14139819650464 50.017255046812906 38.581031281281284 63.27631227135253 70.07512813059147 72.09036883484256 80.3960413546629 46.125047298379705 91.6694344104978 56.199188557910816 48.52379919648973 9.8460988183782 75.9100849044421 50.22679756559199 80.59557289506661 71.64419785362388 38.633747445346195 79.23445456812988 36.08694960843565 92.85223070791831 78.47351987350959 72.32198820197827 80.34028412541413 63.78863867326909 59.72998332335 75.15271922778506 46.67101147213028 10.068137402365549 82.28335052154651 86.18900410054881 10.384184873505635 93.91924755185828 10.775453193440645 42.999417142658764 19.72936843600692 6.848735146860577 76.14673926228335 76.05646432435088 23.050429745045108 9.014431564994709 4.5185776820656045 78.65752080601375 19.132637514567993
3.585206100436955 66.16730451638924 27.390143392885086 39.22883484584639 91.00850495497603 17.87861677546089 18.881454934062656 92.09583486548486 62.74406127909526 59.738539885039295 87.89736910153327 74.03185635009463 12.808070622874332 78.88405133067138 49.76502339631901 7.016394924848649 40.87001330973688 21.39561672437192 50.76544287671114 71.87506802840535 68.91181906036232 70.96351085296459 36.13609256800524 97.769814537917 59.06002013924106 40.02720069712558 87.998383613402 35.93820607976629 70.00322190905817 49.72673170275428 65.70515818369311 41.06308810605035 15.934346998758274 82.31211416810088 70.34649870797283 75.84018104403114 90.34318585865864 91.3025415557957 52.95801501756646 1005.651117178921 49.94002772831127 42.038753193585634 16.774790434213905 98.004758089687 87.76040984418158 90.38596294386427 84.83836492595206 47.845040522315976 89.97498860206203 42.30551162755331 9.778934397407339 39.85207680626505 5.607021118676637 67.98421074099032 18.51866666076903 22.373729826081124 23.89377821636848 23.74736206847759 80.91426412618192 31.05894454604851 9.08030389489831 98.47303110250827 92.20380829281895 59.03125841502721 83.86272581770058 74.8199403147549 37.29810469749861 89.74551052825903 40.00570664533992 92.94188004960242 86.75770291548876 47.6249818730406 88.66383366364413 12.235863634121673 66.42164460485155 14.475197787449638 45.30114153164207 5.0165964825588665 62.18892970305149 94.7155249632623 93.7451221364332 28.724247681658788 24.15934632331609 15.35003703864127 86.98163355993866 4.55668776717577 72.23814399279571 37.759382810994396 85.04705492447493 2.204343157663147 74.72248760661273 14.047622817232792 56.65358470427801 34.6182618619487 59.6641117246251 38.860683402890196 41.04282949794147 77.56605118755004 34.107943160145616 43.18249664463093
78.03076372862438 48.11736077625906 1.3508876382359754 3.0667358403843616 9.545039768612817 37.82534648198959 70.16233870864322 87.68474908933004 44.02028442984143 7.708407295902994 84.93655967639828 44.37398789252975 71.96529670598903 36.94356402023173 51.00345343773864 96.59374303873044 52.97295718015867 68.78542911310828 76.6633982604167 10.12937029720736 17.697843037631174 42.697058570316074 39.66313548693611 27.451743738524698 2.3241256547179794 69.25803289332634 40.626258534367885 63.14609779011838 57.294511660269805 76.05035935807643 55.77228522548999 87.75734370001182 98.7082801941601 99.81258091345104 95.79227080286799 35.47786653233443 87.64864179245804 48.47848735761131 14.722210334342817 87.59544109628942 1012.6878814364682 99.21744968614308 52.039232347396 4.52064923978953 25.79832084354016 63.41608775905601 50.786346830495255 50.0191650921628 7.8468223477811065 27.299167013160467 81.12636763849291 19.104840243077604 11.583527471121354 62.19605148740891 41.68289643640511 32.68349919963532 2.8722222363456646 70.91658066336342 99.2782941510516 60.95290320359658 54.75363751077039 59.31589083345402 16.95671790039715 17.40288186486391 11.773743499313245 67.482706438339 62.55484049618668 83.15747031203794 94.91059860261856 15.3793967351107 61.18058054675953 73.17115253959452 35.145036958929914 15.291825996390276 50.04402500703228 4.693965707812114 73.89003747803869 86.12927578572707 82.11418970319353 46.62753408492259 28.796467899095635 52.64320718309285 4.748666654486316 77.41392377138466 24.695424063414503 40.89866938948251 23.789098560309377 57.978357065125245 78.11446840028606 16.694034012791576 81.44690175868051 78.04418286600695 21.128395437707017 88.84026410139155 31.138570013981912 68.24714559722067 95.41258738430466 59.84807746267053 11.254546929506711 39.696412592451594
24.248681996076172 32.45434326407157 68.19546658290149 46.59861978593797 56.94297493371992 39.94407270595412 60.86530182362847 16.72681689117671 28.700840818796376 56.1077683029494 78.8946372461228 72.06794166747356 99.69235286889747 66.38916694171013 77.01110594059024 2.600079315232408 65.93643289542791 19.254630141431075 71.50821797456689 17.816399760170658 59.390328833738664 41.650788707179274 7.417771546643885 25.510158241010643 30.86260994379729 41.77548450284858 29.293172953198074 57.83309286396904 14.06044642238457 29.721785344768765 18.72621790110863 10.586897246300037 38.14351398380353 93.64238368031306 55.36247521379343 78.84089480489412 46.69571476692916 30.278240759680443 48.49227491983153 62.34074508439923 96.84318339055933 1057.8582795362404 94.81593040037964 54.79882227274544 23.41679377410955 4.399458659273563 46.84341675474934 48.17496741392611 43.52875017306653 17.8491933260743 45.230124308113126 34.52584822789034 51.359519520724085 30.342035482840373 45.53724255833624 41.56313541147585 96.1729037585225 40.11409237639386 28.01929314898687 64.31024672970432 46.35526362549604 53.978533445544905 18.173473687783392 15.53405383461813 99.714611922094 40.40201501637342 18.878139334139288 4.993795764743234 12.805263656246757 77.86390290689806 90.25203453495963 45.05355912421921 9.420972444413593 38.18694446678566 8.34042425958925 29.32467575110038 79.18821738339614 32.53295538276809 9.886119799019795 36.309898359269305 11.992569874626636 46.19733977379182 82.8882871809875 71.80565187565266 78.57835767434403 66.91656960852187 27.52615737603021 45.29163869642463 97.60523938154726 23.016820058863992 91.57395323479486 52.686622215043506 39.71725713231775 37.95007652456807 5.185289553536497 67.65623272612115 52.6445398213284 35.36489697827661 38.82425129977035 44.538575349492135
86.02964072111395 12.018001958691446 49.062686578900895 88.94060976688495 80.21991796362607 70.17672579219743 29.194696885598667 91.95149865113012 97.73283844827527 15.995694454816785 77.02855149389646 14.004111742229263 51.48781543610655 5.1697666649767084 8.380681897895926 14.454069751863521 39.82942397973261 19.92397917796077 90.3755709487115 73.47489010538948 70.72272853101946 34.11593472790705 79.36416241323896 56.05507365370069 83.20411521785007 62.66437938610916 5.269791205499633 20.71228525507595 79.86133785755864 52.12685275454004 16.703445722080787 34.954038287311754 87.67935385509382 24.99559618146183 59.26999984883594 14.354424489771757 84.4577617676245 21.915630371299383 17.170471414705432 34.73386753367273 25.428089060150302 77.45512998809805 1032.4517785050552 93.48511030923066 8.89677377774914 96.11451061201785 32.31467466437536 48.92163405145556 48.17144145543491 54.40878556292353 91.642823764543 79.08552628665575 53.48502076273603 55.85061957544214 57.18203854167391 21.15330356957007 93.10014529366084 65.94889942442298 55.805892413045626 22.795588598282478 91.59226317905808 65.65159136090683 26.606498576075133 20.377376081142618 80.32790960482114 23.128431423661205 29.1744438603547 21.10439357410306 29.930446657532297 51.23443373099808 28.687500740097807 66.57377810094741 27.90212642631424 9.91591633850619 57.0674769506014 70.58931068543856 89.68349936146245 36.53398584642927 44.13411603599291 82.75893164666576 50.58322318363673 76.70315871965272 16.192253841921726 26.379579714917 28.35340068530761 2.9617126272548235 88.89546526313491 12.935135410801117 31.342122543598656 24.31447140356446 30.598232424649687 21.338052982597205 98.72946047601252 58.30039995224375 54.65328036121703 65.52887870298866 31.531522460532482 67.78511606439405 95.82671635711306 88.76475743371432
30.899535084593804 28.255746130104235 76.73337428845214 11.559447581131717 2.8522341282489716 65.78320826907391 67.15820423679725 32.410131703934894 18.71004847995792 28.166341482718348 62.717101010475126 10.19114591130709 55.798370476644166 88.15554107095919 62.66397819909287 85.72122925373371 61.56300342801256 60.08663434673072 57.40472969905222 67.16428181017595 64.39701321193957 20.010642156532032 91.35285461598026 12.686706144483786 34.36145327175197 67.12188987631917 19.67605062086332 28.016046340417972 78.33700594114168 99.42577249019983 54.74833415443326 95.56616055802938 44.456056893364654 58.09277843638023 67.56264460388232 85.36619295040147 64.23802057563029 98.91028423972236 64.75406766699065 13.439215661844221 78.13943536729379 82.23469919054797 87.33441319774045 1016.7435339970485 39.64102303572506 50.04830527276553 63.94989526387733 99.81413828651569 12.052764933969106 26.632562320980533 16.488212103836872 92.74230725180688 94.78167736293676 74.08769584203328 40.27784417762727 16.266994225451736 16.043171256631936 85.78731894606652 16.317326979387197 75.93909697779549 24.7768969117559 90.81725286620342 37.14878056440579 65.69910906924495 46.901714931965934 78.14412189757294 39.98095453390857 42.826659245136604 97.86432458008461 52.9857602374082 94.394080049079 49.463398256069524 3.8287640304541473 90.41678746471854 91.89112317043315 24.076119525840355 60.979605813454086 99.70940716179784 99.83740340950268 28.943007851695974 40.74830949267911 75.0962722890829 47.74410362956522 8.760919306971156 70.60604367025745 57.461260035047644 66.58111497201894 69.96760271189734 48.26379277151827 15.74906590783626 20.551705617042217 67.18695025989155 32.68788121842945 33.777312021417586 71.71569109550843 94.93403156134382 83.92988188885872 98.25349481835134 2.5666300577395216 1.049012088322661
29.480157914648647 59.126721233993464 47.16893379794214 21.265749558904567 39.66706224034699 63.11706017364067 12.334328364320227 76.61319958428427 10.372475415495154 5.06463195975042 4.29774162433118 7.965736522485425 24.97902584287899 15.016304795398868 56.220027595682396 1.1090073846239998 75.44263120167815 75.73379774187548 89.01826040349681 65.39976910777435 45.43954231787938 32.296075864849556 76.27865700878351 17.925921050682867 70.64706177980176 88.59789821436958 33.079131436576176 66.77574585652042 64.02438548583476 99.21349407302564 19.888687719484704 95.68367833784636 98.21498775122735 39.84159524420256 29.68600246241679 93.65163537877238 90.36756305765078 94.14289434619741 89.65826518804553 24.547731073473557 30.557111368747954 29.136914705691613 74.66790703647088 22.98426208917347 1033.532361758277 81.53204411350681 45.04799878297534 87.88040777676748 53.750773320128395 13.731820280085675 77.13841257551518 29.209233846082324 84.8211588491877 61.61441494292606 32.90731955292656 77.31839933154366 41.06697156902382 95.7482676747348 4.383614058219028 35.4165004830582 82.5099618858193 96.09648894816787 24.098254639482562 24.15367658583154 10.479693222121005 26.110832160748362 31.193923784638933 16.834691555470492 84.19939591768055 29.45314982922431 63.523465557110065 73.42612711090433 87.56177646941224 41.15173871996854 97.7020486319243 44.301257030101524 73.7609809505204 74.53156367411908 75.03366567953918 63.73844247488547 74.29609498557748 52.027408046590615 14.25967370853451 78.3150879163243 72.82598651027173 71.61238271994912 34.99928115480944 79.77056687934281 58.986752574224056 58.33011164984437 7.885076824481466 60.61969942717738 21.74787830881971 84.50746906528842 69.33323205791194 32.68642458659454 87.75844659061575 8.001999449033292 42.27628146077407 25.303887415831714
86.20422628717937 43.24415543836497 76.83098555074378 17.509799052232854 50.627243909985665 24.00799378142665 61.24402425337442 28.244072223775916 6.105890024563418 32.95859983661166 6.892356337501541 86.80045479579591 37.941099658655716 81.05226427940136 71.89929391278716 7.08761224494898 28.385282204187888 58.854752497336364 67.40933280281526 37.6367314261495 83.71505246668049 7.9699165146497215 35.84999503144386 69.41697493888299 30.70374206617521 89.69327321476331 30.562077039595408 18.55306496107041 33.20455055591953 12.099828441810706 96.61943483417791 34.1809695145919 92.65166250284288 40.61754979941272 55.07347266863201 7.992770202304527 35.672054133740104 88.48376737913584 47.726073456113056 60.27777089706721 30.368349015169212 10.897771654269848 73.13226456433087 44.27713434325841 26.87164368604456 1069.6343080402564 45.11045221775858 1.3066805295265334 78.29324802991263 93.74659217199593 61.9908539699122 60.570289909181085 26.116292467148998 98.9474687725822 16.138559875706434 3.232212952833414 11.355424726533766 15.54280647077781 49.89644052534361 34.023379260340036 78.39587886985025 85.96392050995831 61.67896699863487 64.63958154981339 70.04755769694734 75.60058441669328 1.1258602235608062 91.77395093160784 15.43459619530346 79.05256885933277 59.61401546657491 38.70347164764422 17.646866804117607 21.06576745672655 53.55440239409912 30.1350220680483 41.01431584696323 43.09667872631521 13.555682203678021 58.37080850940801 34.05084036515152 60.23281962240392 33.75779642558193 19.57634884221895 86.00173207957607 31.945825482951058 72.38967379023681 47.330755031286635 71.53747135495544 49.66039657814325 94.04318408457311 85.98086648599504 97.61003992822754 22.043211862409848 93.02047137997637 20.415946460047344 62.98289625497463 72.27008626993836 18.272055331578176 1.5813656793827828
32.755643228272916 52.07669546867543 74.46018568694146 26.165797142932128 54.8424022361259 92.66119203257786 22.739565495602506 68.37993882551667 54.12544786507599 79.1275328489519 44.49111926209092 82.29478520592899 65.5822521318094 62.39865663423641 16.19580451804058 8.31755853673665 53.498997418604056 56.290397561892654 57.57332868217094 11.243317747536276 82.94068551715478 68.78642936146016 46.70899401004749 59.94934856593145 6.045858919985143 23.561642337888983 70.72510175203804 80.9760208137898 53.07186429903696 45.36374787805466 47.01564190487538 64.13956949753674 80.12986658999058 53.24800682567647 93.33142896822238 83.69308993986226 52.81713497005271 47.06070161739719 95.59589045534418 4.880618908811723 59.011373240867776 8.146844479956194 99.83691718944424 66.04801134255716 72.6996779642202 63.56391770159196 1019.9134811256641 71.64433438249905 96.64292388286327 78.32082691673796 69.18172319949029 10.275187349566519 53.684646098435515 77.11917223985476 69.44733954378978 43.22991372297026 67.95364986110734 97.80728438130829 75.38408563002967 20.589088770548848 47.22791645146248 75.54986082899295 46.44918418255701 13.654758420282176 66.64179858142202 81.9342032904025 59.89729389576964 3.8310795475586183 8.449375350883834 24.24877698739313 8.291906227812012 33.334980432783176 11.203999964107807 4.31530705853859 81.21551042439877 26.415846513346185 89.91126655094477 55.88017946738295 43.957921467892554 94.01678741001919 66.12334443261527 86.52887716893544 63.54816320803751 76.05451065799046 6.488030469512551 29.83198969762212 91.1540418355405 86.5591077870623 89.19977717990176 64.15024914212339 36.96094921112979 18.64358549713095 48.38994695980937 32.96490971443532 96.88908972423194 52.012512238869355 36.48420893550043 10.07642677837603 74.83453514569553 9.311275498305774
68.4835498743613 82.24097996678529 90.50389448583734 33.13246256573886 60.48192641029052 67.98009579272069 38.59961771098671 38.28669244621516 95.81642957683016 32.807304425022615 60.64979836889744 22.972683857011948 43.8288978430769 91.09067806424859 13.633718483454837 34.35726419151548 70.42275933976123 69.84331806301995 22.935291064513315 25.666496835594025 11.303159818138951 31.079628363414596 12.671093777645192 61.843397127477836 68.9372807656477 75.331108856307 27.517745937336745 87.82096390636339 30.923609101456318 79.80940196929153 10.736131524347972 88.28084047117007 16.289915486939066 39.95894993252767 33.41022514026733 47.29591630842506 71.46336896584967 73.55594042103226 80.12911884941262 68.2374907775544 86.93493241408405 42.98935504752984 87.95021526296259 16.025070369755856 16.50391748822909 31.053418595418265 45.16235797742257 1020.8688552201143 54.08831609554968 26.63683800636948 15.168909481192483 66.58064346531805 79.6129003219664 57.00558454056915 48.002257281079814 83.84876938324416 89.1638366978693 3.4826577489708703 66.34090359543933 65.07924040583087 10.273276941743882 65.09733666531459 72.7554553851453 48.99868373321456 19.469259522310146 27.760171833242 27.234817149473194 41.855489158675134 96.56812934121325 83.18351001311277 50.383239407550526 7.9875367805589645 36.36138690719328 37.91576708560043 81.42759594658125 10.638957997045773 24.53294442016668 20.464695829328296 7.084582158766473 57.66581638137738 18.877708482677715 63.031122936480976 99.8183760773644 29.457981829708714 78.74905773654493 34.537544987487806 87.23940075685388 85.30332404780933 62.070853788517624 48.26589197333915 30.924705827650055 99.35366721627798 92.84436282577957 34.32771734260212 82.69198864655397 22.003672854281593 34.30209010217662 73.42984775413302 2.4889541857277107 61.09822125593149
93.08288367089557 41.38918332810778 64.34027857702586 83.07265740251621 59.49070085209466 73.41722899046606 23.266204700084966 79.4288199700992 57.52312610844965 46.1453779263061 32.83846046514839 31.780389466393032 11.801668679503278 2.8753235357513582 69.3086244666848 29.91108127824582 26.640818224528736 29.29790724923103 20.04363121253474 29.50829502917544 66.92706481482105 99.71718132538892 68.0888939742608 45.523611287241685 92.37472037774774 42.130297287994836 45.31048589117369 13.046774445084647 41.29533955101264 6.556145696329803 31.334382574800472 43.44871472142348 89.08234093099965 11.629789737679358 46.60990753595527 23.231266830033004 96.64124800151981 90.02569046953944 51.37806528545516 78.94458287666029 53.01855911043048 74.43397372023632 32.17836785248258 9.066563881971245 25.746295996082416 10.99325542108845 77.7824409886959 21.072667323768137 1052.9035446269547 94.2924373835876 49.70335805938692 6.038523967308435 37.680331990401456 51.746011095732236 62.91641823319839 77.30696327345441 72.12852860908846 56.8668361788324 42.05092956785223 60.10647920942025 96.98680737672487 10.547500657472966 37.02167052762435 17.62766096547301 6.564695267522572 27.807713014314047 70.42319945382827 5.342071235860048 94.07688619947922 20.97886480171308 82.63492435952486 12.6763287698064 54.05593909439762 15.782464118442842 47.43907194445184 51.44672745015027 14.473947393042664 26.251979540399237 41.261412398615434 84.2308731301834 41.13239753838719 53.378539027354215 97.01644406107528 21.12187810463558 56.66013959709396 54.484518638599205 43.98519618833223 11.807244989961 46.70588802248165 69.20886783444877 53.927553486941505 88.36033391567473 79.0050833177439 62.78766820273063 67.35553638287897 54.53686805551624 27.32099625738059 96.50573589719876 37.923632597737196 97.66314040463848
22.945713516374926 57.04386081527188 30.79000550361576 12.790427721940075 2.100941482712379 55.818656261942415 55.65770122519371 80.47376131972071 8.760783700307062 48.322305188690116 58.80976131223797 5.622666653727199 31.348412042738442 9.880745641691297 2.1934948512529453 67.45229407830938 80.55695358384749 55.12782667311029 95.29966257532264 42.63024587319206 51.83331588406166 5.290223129441237 49.508177266191815 46.712472766289274 34.29874222041651 52.67320320680976 70.35462629005747 78.19710194896018 99.2676541675871 55.9119385956573 52.66899711339526 91.15296193198134 82.03354007161025 10.958371616704776 62.664202739102514 56.85346455116991 54.97852450955574 10.424922518063891 95.6523466286147 32.17926726848782 25.804856129282115 65.8339608742901 1.661689382539099 92.84889372199127 2.7880709295262323 89.79372682009281 18.219557588182926 22.54608100898099 24.77755541319749 1046.1540928386278 50.7977033096175 76.10837598017245 80.40238601184095 96.8961437907386 49.394088694622255 75.94507632412737 70.58782745072482 39.92303803164541 64.97832491655228 11.602350878958815 58.39113407463488 22.917743701909924 68.42874830797643 93.43698642779594 62.190652624626026 89.7751280128292 9.925667332380144 50.27812867736017 68.1992953017643 48.03407952978487 6.392792269665614 82.95567689974816 55.18287946044588 4.719008863552674 47.40493724190365 95.17826740006322 92.31601396425214 12.412388513847958 22.67797462868743 43.77904022724445 46.95905889325202 76.5760720114817 42.00393156076754 79.97539525915323 72.21184788447093 63.21748198732214 1.0984927381729461 62.52426788050292 32.02274802804469 17.905931212817443 86.61790226172289 44.95190474052657 14.903077584417616 66.6310921483962 76.22822167319646 80.01351018204983 16.45212318511893 83.83261124469819 76.02760576140629 81.38180223195232
45.998521856066034 79.46718296146955 51.126636430171914 82.59290686069384 29.121194520327364 92.99353154015384 93.82551940943989 6.727203734116528 25.165295324925403 85.43428339154276 6.521416133915243 64.3450932933662 90.38716856053018 72.87647494523485 30.922694134104034 46.43033844963744 76.42880758561606 2.762654368969316 79.026094735397 1.0167839780158048 68.92769520426933 12.80439136510827 79.37986800445715 69.58688852039535 56.225541393202406 43.22841454597005 26.052636444428696 5.013507469466305 26.5141787402929 94.25505092676545 82.68706639344434 31.965206590593894 94.53585667078812 54.07486212385645 34.869079245298266 89.44420645972637 20.54651243267278 16.77859266248079 16.84788751946376 10.300240912682524 87.2999358331941 28.34078842467816 26.58585242653484 93.89076881922551 18.112614890853102 40.8616185889822 1.800814930553663 45.80946729636048 39.05057531428718 55.85487467898247 1035.2414206641065 31.64093743320445 19.38295354109902 55.37927762336282 32.22767745731656 8.872032317798647 70.9284223156338 26.925013126045005 13.862691963009981 25.338685579578147 13.599112738314194 80.90290830944993 56.60071517963311 52.60861327783861 81.12013734678396 77.65784359206803 71.83182427627689 58.35494045442332 13.80334157629743 71.53784258330948 58.15017188205115 48.35062090836602 78.22459990071748 17.41381479283387 27.54439208984426 58.609238084617104 8.100959934233739 32.66819958198197 5.753405083109948 8.867764553286014 80.71096489575109 11.547784722842415 85.22302316374255 7.68026740631789 83.29759241820686 82.60398870793863 73.08582502684938 43.39096926193785 31.589541298802555 36.33792080522604 16.904090182036647 40.239312729037685 79.33297919039175 50.13019307024282 81.80502312112247 3.369326243275733 75.81012709995991 37.92050691647389 60.80200527284989 77.46674554300428
72.57586185079603 40.87853063499415 85.23452150872357 44.99193808120999 73.1676046966363 72.40269020987222 56.271195948952595 52.41053523850839 90.24508557732688 51.29918327157839 9.954131836590365 44.40247037729599 14.368277081332687 15.833429681090488 13.680442917900091 15.319495566130001 61.22942960492888 55.83576127405533 3.0972315786618627 82.34546331373188 35.72927338216187 47.896055906916764 87.86395183384607 7.738033077018815 2.6490020447409 87.98554592097341 11.847360885999176 31.432368227845608 91.55112047744714 51.78902129196914 46.10350038174801 94.08026597358167 90.55202453426664 55.56845435356483 35.133060434983854 90.66750015312914 69.42195494531563 48.893398439362706 82.41045256053009 85.39701831258151 67.14443612784534 5.051739674949457 83.43071590175545 2.1756671898688555 82.08702866608272 60.96331860779914 41.79631790532088 19.421729515289428 91.69230905032872 35.971904447912976 8.75408247080053 1040.6699710268035 40.90456938893222 87.56285043980446 85.13503134840437 41.62806940276745 20.21621414701432 53.25038172445129 42.550483019233056 98.7233166304966 24.875971700587957 75.76302841829957 22.330789053814044 63.95309102544025 69.79013188136277 61.54553263217899 78.6924764698426 38.7253275895685 21.68762736270393 34.51665475569008 95.82655489999529 63.62614754148101 58.916616039569654 79.12732172526366 23.20581621933488 18.479491556569062 50.4735854892185 20.52656330138928 11.596233622579351 30.860325824714625 31.06608072345735 47.7750936609236 29.17413132686642 31.362902125097325 92.48422104286036 96.01952396186532 81.12765945830544 41.33463010906139 31.662715121634186 19.108706416776684 2.1343202443517217 76.10308415373761 53.453789416050114 57.92456035759015 27.652684992678772 77.63663923844848 51.51499096144836 62.12643301823717 68.36942287180331 2.2820849060552577
83.17632738175038 74.31179990154935 62.33245116712843 39.16847237137047 68.53529635126321 37.218386174437576 83.01076329756573 66.46015630162046 31.99884495657395 73.24858134917484 17.43921292604866 24.29940892032955 36.113730760288426 21.678241233252805 12.786773542704463 93.74698152693753 96.79450916497358 41.73013035343821 5.365292319879299 43.67435249206257 98.17198461591364 28.26001639817244 78.73036485727056 17.154004346124808 34.88218177942988 33.85627925043808 13.540860246560392 10.815875506504904 39.86958388248377 37.058074691328216 7.211275081091102 50.387865709644316 4.309443837131754 49.49389240590259 69.5410977350161 85.70130347835361 21.7424359801521 38.17874289461906 12.010588489603307 93.32757736676027 53.073885724347996 62.8278423518082 80.48499890289322 78.0231747428785 42.482858451091936 44.465569624890755 1.2081901903429504 38.31629051712464 81.93782556627119 16.982327875460744 15.672492318260478 67.2362128797861 1039.2230584817198 95.34148052036937 58.30156675636105 80.44499977903351 42.124436986951515 1.8382326470056074 57.605021381615856 4.64187755911815 26.127396886824076 89.1748630971618 97.73440626832952 36.52922790002503 37.792093240214896 19.997050030528115 20.15286761861787 97.41970021048098 27.738424414903253 4.8797231280501485 50.059933160338474 1.4586132722754155 42.67707704171292 8.656818816326393 58.18111715410217 62.46989332966501 38.56293302212536 38.90195447681342 13.236684380198035 22.386620904185186 75.81983728123353 70.67475614004707 23.02080837921676 19.918876767063576 60.78102799999394 17.1025355173875 28.177866415252215 84.70353621638705 66.8637614731163 57.878969206819875 4.25040627578841 71.17764688587214 87.131975132293 11.135928302921393 45.782661407941596 57.44244201585491 36.26907805453533 6.500022642898415 63.178101766942426 67.59326660057596
71.78026669859689 34.78506554345304 40.01782382824597 22.887596653028172 68.66841433876587 92.19688588852755 47.40957107091932 78.58227763932572 4.106806274352037 36.02304853223965 63.816679722578854 48.567471516983446 27.758169884342436 89.01565305819308 42.67701424117767 33.09262724321263 20.329053250618635 39.72790951384776 52.03453073758007 90.31304637810071 98.99591348539374 42.65053918466775 60.434907325839234 47.976222577688276 85.42777491655563 57.12310204983025 59.18828642034255 24.28251361223961 38.10956431275475 39.942995840373186 10.539965910494404 23.969233453997674 40.37953480581764 33.37094892487466 63.081062106232636 4.595179416233822 92.93122811869438 91.5501231304177 23.047392142655195 73.41188995531304 37.907998685889694 71.45748836876928 8.001100749986886 90.19228159481335 22.77149025941929 31.546260431573366 20.86713075042625 79.83128758523488 44.126086747204184 18.168728739328035 99.13769232692444 79.77090971848789 82.47210562392745 1043.850061560757 67.09939179054196 19.506692832224026 73.48683491952916 77.52925538354037 71.72785370849545 22.177046743780068 39.086771335050656 66.80334093230309 9.757179302252986 53.12726021890163 7.655994284005335 13.106786154738527 14.096989592278394 99.6919777096547 72.13005171756288 3.215638068381743 98.6665368336036 45.83044559428649 45.42201182897661 81.0602759055127 57.38447766492052 33.962916306125955 74.05319916538902 36.26376559610963 16.966421379719286 62.705917054100524 43.81164371867763 54.639806049822305 27.49311489055709 30.065919597338567 30.609825391288688 7.230837402428678 24.88158819347515 3.113181038699785 47.71261356416419 8.73910718024034 2.1997492359178246 30.70228133626466 44.074925775297174 77.53132646512586 65.89275237092532 83.21784287567488 42.615400838441396 37.320570912606115 34.301118690047694 36.40107394684271
2.9555936640317078 20.952545774096397 98.05745624228202 8.405686162059206 7.163523126358023 83.00128790009094 14.123647582490053 75.74333435065863 69.90781183570508 71.33847235212698 83.49814243764037 79.88425123475862 4.671774843850347 51.62393523880277 49.85869481639385 23.41762495064348 31.286128819788612 49.32498920895817 36.559290990509176 9.479026049920252 81.41370574054444 28.218561699402414 53.037595614709225 14.29814715484377 8.67190157564163 24.55618375045132 66.4129610204751 48.05215963072953 41.020701858804 37.27203530984634 67.37284001390287 32.30826764436496 88.46331336929035 32.64616596983207 58.212368289383946 42.316284886158044 86.01552261833724 97.70862661391682 36.227426485890334 89.29782027447878 48.47345156147153 95.05604269061672 62.13707104695548 18.576768827070303 58.88701431438219 99.27124429603133 38.691362390613605 84.71202988829081 79.25117643285193 86.28438143550058 57.29184575765472 6.506487166990368 50.22910639080928 80.49526493209231 1025.1981232594735 19.04364004151942 51.23857564916538 34.33375403066057 20.325606540646266 25.80083774874018 31.7395100285816 53.09718454435365 40.6655758128468 53.037724837224786 25.873054239262572 5.522888047176573 28.516156242391208 38.738029388405415 83.84667972814809 74.20427273886816 38.35400844560468 64.66123985286843 58.74383465207234 97.49290049839983 27.514779497646348 29.03129832723428 43.91532985602128 75.59193956177424 49.925348407579 89.22654849230841 70.88965176773229 13.803491990549935 66.07598183081909 68.77531559533308 36.28351060913666 36.050539281110424 12.154126808609494 8.534526678265388 70.70973233503643 91.66293120125351 47.45185818504044 99.2656673125416 16.24823072438796 74.23339358902835 98.2464807570238 68.13477158367617 64.38427620336523 18.6011620070017 73.39286701365002 50.85805962955844
84.66358556470817 30.47347283748771 69.6603733146112 96.35900835449351 16.84257676075994 16.37660551100879 24.660494738151794 24.59282501567113 23.79793668989867 70.50082718869784 28.652583329589433 11.79928985725853 53.06844422714934 89.00112726662988 77.27186948763365 63.236479568355264 5.452641575573938 51.812088521259916 27.824165982582095 43.534108568027406 91.59121542277387 56.807095874374376 94.7367792249246 55.24063585039809 96.73051606265187 62.38054022649169 24.374974985068288 49.91891173690278 83.50328198671792 43.481301042347084 95.950498086796 82.32541623165972 89.58798777158667 25.380716340068172 83.39109615748112 97.4410482620786 18.91128579890497 32.103287053282955 38.56563406832617 35.38933447263763 59.47819252772079 9.867802369012463 82.5037714104379 46.27261119965129 13.07757512443398 96.19777092714958 78.4235211555208 8.188957987143233 23.602128633300428 38.74210161705536 16.985963951458718 47.60583572504104 68.23642215757188 7.148922904809417 34.7329634433213 1002.851974183825 90.69773108991582 99.62873278920615 70.6010090676139 12.506104481036108 65.71388392221479 22.498694952802335 71.31562793982225 35.368467886601096 1.9203562491948178 8.968013350922304 53.79112619912364 73.01470269893035 69.8935292933932 32.384617587527956 13.345591195618255 52.68353249635797 16.523648871505248 72.22084285824309 5.2929847652929976 13.34626473032056 74.16343769852405 19.82823031713229 24.96365151593934 72.47011185815539 55.989673410904196 73.68534558983265 45.040446828862734 16.083631842404372 59.76238898309471 5.124796540747779 89.05165915137243 95.20400700200227 40.66214089493436 83.10073774919572 68.1446843729299 31.057313604047692 40.687522515759525 71.99985673630314 20.487595524544318 40.11447116594759 84.33703168717352 51.183574641194824 70.22187694308067 4.618544618671038
6.334117534462712 24.266979927371956 5.485603742903686 21.415157338722036 67.48335778958555 92.15944093543746 72.23912681763376 43.4081268162353 25.87414314945522 23.212733300771728 79.86052045312238 59.32005686416692 96.15324516243199 80.04022674486447 94.16799005493014 57.8039285042132 85.02224451549688 98.12151660216897 83.84881298611838 44.57195500151453 90.68447127419154 55.991280311656205 19.423121651871163 98.42253393297923 53.0981636752926 79.85195262083722 52.04656209042165 59.738665671006004 58.72591751516253 95.11033152500745 52.551088104230935 87.50254298363173 29.945222536900406 25.441973415283098 74.16021295406108 91.92886613043308 96.10877269777434 87.19685520286889 4.6365771542370995 24.491188983275038 52.01879720295379 69.89621278418788 61.40473740490943 80.18679783869572 75.0042609017951 35.804146793912416 30.598253980737162 1.9268005080373798 50.73233087705289 1.873504333005854 30.224791465714066 39.69987890363389 18.736589304283502 16.729154768506238 26.52008036249918 40.49829991882462 1058.5512109351537 33.620952213734114 75.10472513122942 73.76725103180897 76.51174113564626 84.91470237703933 40.56083198216169 63.61394544527937 18.47652698909266 59.26141290913286 91.2012958599855 76.89703593363095 62.92865686877191 29.470517691994143 66.65377304455136 62.03808085789672 87.50434965307166 80.8711532072327 37.81602985849769 3.2675556740377147 81.24744008643312 95.20017384979583 6.876239094797497 27.691380525688785 84.95567597618863 47.04684231551094 10.150507131965393 11.898421326326249 7.370714055309356 21.77228183881772 6.894887027287225 53.63893371349318 64.84664462277112 76.8662468405255 22.100161662298667 63.99430289537071 39.507908556246164 4.851917499753322 27.63684667691625 8.662557901679683 69.31781052187253 97.50226716962145 49.19867789642353 10.074745848800626
32.65354818553726 81.0265508552948 3.335026088658525 26.87439252237708 65.05572116219516 5.996962629060141 43.7317825074128 58.272918050143424 8.629756384548365 27.117121435353315 20.579001525741017 83.32748596678069 55.81882108754171 4.8801833509637405 63.75664915204318 18.28186239614366 21.39054358634173 74.91066109354554 2.1227861832871717 89.77359584866855 35.50563528357151 29.8957619658229 22.61985402506157 37.99660108505217 75.5421073632253 4.2346728831334595 44.92329889945486 24.211338555604883 15.725229877735204 47.27444087460519 96.54869801543086 45.364630370296226 40.98398878111505 98.35856095429844 60.641869401572706 23.73663085975251 84.29324606600377 47.35324144055593 41.88374016330494 19.903145877541277 86.06370474635301 84.13685303867759 79.39796827125599 14.178386377154652 45.61156121422561 42.2212056110103 17.321084417429443 92.51033103205985 35.00958258153219 46.88473158577285 78.44701878025178 71.22979784963272 51.61671077999481 73.0763391780034 38.357334669553275 19.538724413950515 17.52822784714083 1052.7434324183962 52.374804326074596 2.3073434435500517 46.88697926818546 43.38249120434298 44.888707062323135 45.947960013166224 89.31916580852727 49.33040187751699 47.99846562147913 11.55499580567035 3.9044772258571996 32.35819002238199 86.39576306585806 63.62825192899146 33.04977078094942 15.067543433099091 68.5707472406932 91.58888616653813 11.974503082529763 34.366381281737915 92.40094627010849 57.44177673747809 63.44848602456886 55.56441296307051 13.346744582979692 40.30932540173994 40.334563110887885 49.13507147390406 35.7559595418889 78.85357741056862 56.25831495431016 42.87494207675196 96.16682445998228 22.15465107386635 72.78585620887957 34.75306074374032 14.08083052922631 48.36104925447242 91.95998450715074 73.8950871243153 48.533932184845035 13.132145934493261
75.56250316702386 83.86412575120487 77.60913018780526 24.6215696279907 90.55262193237695 29.310297602057855 3.25088393599605 54.487970460079644 94.53002450192224 30.905901133815753 14.244668007373233 85.74014902380273 86.12395513137801 64.93141565498331 18.66549044626283 38.81575187627437 23.03693892563536 11.011857317481372 42.11327054720591 63.654115496708265 72.79330699269434 41.14689991160184 13.392839371529352 35.81422522872917 37.31285069432913 95.25485551446037 12.219384064351065 54.92986184590874 56.82318290477241 95.4724278370566 97.20434561584152 55.87972044002188 94.08205646713985 99.37321976008168 82.55539424406837 89.54908150576478 53.05361993009418 3.215050662039499 80.42924801061324 90.13014668739288 28.983997797456073 62.03122614424772 1.716937539490016 96.32826053625227 98.07030415637301 17.260954029562466 68.39416140449723 85.92044466898349 62.972608970193036 52.89227016401467 71.2779637150699 50.51703150866315 96.96449279867669 88.82502515354595 48.68574873841634 36.13135692814949 35.84493141150772 48.39195425505838 1011.3645972013065 33.91931325620435 19.049563061308177 57.55644395418798 78.76066266584967 45.837509014330415 4.29394943909136 46.67072931441975 82.02431235801606 5.937663818127806 59.950367152343176 42.88684699006171 49.75652280730308 46.30910161208071 18.37382478013034 21.996609776298563 73.42510210556351 87.68768546295034 88.44010702797208 43.42227566773754 98.26432918015652 49.21281834660012 61.96743970200969 34.59549189355404 34.93758241942099 94.14937614886328 66.67784446466416 27.098594709203603 17.26360830769834 53.670878430861094 77.1302837986601 84.31976251737632 91.11046706315797 9.289157514317811 24.618181626251157 17.58395829171685 41.97194515209641 81.94852532729914 76.84541691776289 65.61717845915707 45.87938266278974 36.788770782119045
38.8638903083276 7.918992126165309 77.23398286233014 52.89947914445509 41.83422768532649 82.97391378941731 88.3817251518415 13.874142281865893 97.77070564501784 63.51211169359158 78.8025132022346 94.41372199690974 53.10938834874061 55.041749381463426 81.29871556355235 48.918689887799175 38.71555121940821 73.80172023706545 42.16696734582707 91.20633343064348 5.149346865106915 53.44619300422996 29.11134403754143 56.51428416519363 63.96986624616333 38.421546854049765 68.23730894869502 1.5532690235981792 91.05543925111618 34.007241389467325 64.96990304084824 48.55287966517383 39.55376663823376 79.94493385625088 27.35060773436381 93.52263109284631 66.31210246345819 57.98102847117958 99.75093105715706 81.24148118823524 73.34499228614875 48.46390104624844 61.28562996141178 48.75585670400485 51.36366393004645 18.049807996187965 3.314872241973617 76.33341342739394 54.98029045619979 87.6869982449813 32.38722084919653 77.39234728914369 46.53312454101004 11.2511057703643 73.82673504482801 35.69036662384226 31.100324384155904 64.2954250225447 54.91808766460981 1008.5296422662672 34.94326092647887 86.18329747932052 29.856498451426024 98.83266293709482 31.819489220663296 45.61894997143102 44.35646613413668 55.14205993550551 87.84959505183811 68.24477086428293 55.587091584715225 89.71186185709124 97.12212724565434 68.00964088954186 42.09106749864278 77.08076723055565 35.662206445947476 71.67595437443184 42.17398028441042 15.064477079295349 78.35734212111205 59.873209675108356 73.42374856842389 15.536971354862583 70.11503615167666 35.47045145517788 55.79528122036505 8.98146686702028 20.677443205063536 99.0647833828147 82.03120051947768 3.3646371534940878 13.48500681723105 35.642774081611456 32.925543953392165 74.33246132119588 58.85715636690595 45.342664164535655 62.11607072578202 37.12522514582169
84.7664969066255 73.66033723101812 59.89155880934927 51.42009490274171 78.96458026387143 45.770634427440946 74.77834455279826 99.58478207883402 60.92058916463585 10.140127266660787 69.12252181632975 17.23088749445613 83.33639729230195 54.44539514357005 90.39831119061685 87.92718416548959 39.755134468057776 53.06236332851634 40.427283861148915 57.03592101094597 55.034094437980805 16.82906976645724 61.51620441116871 31.83399682681624 84.60195525602298 72.39299205805489 45.34486281367702 18.580907689290967 28.98093625676815 93.36062942317699 33.308385944397656 32.80855164860489 88.27765105827741 41.20154003946663 23.000584183437205 54.242672877290005 61.21546213950742 32.621406692191854 30.760288606786123 82.76150811843134 61.65902300868157 2.295846588943448 38.36744860697574 17.520963117548792 47.1005672431528 55.76478369807424 3.6850313319122616 17.15930046712311 93.03826294301177 98.22456543233 98.30516547064384 34.99443597766209 48.83181293870705 62.08339297247297 43.0862581729471 93.82341920600759 66.92952761863553 72.37001823573503 57.67455499520072 59.56452638166928 1021.2588204469057 75.03392782006888 12.975529651298137 26.97901595915525 10.469719223847367 51.98212379115318 96.94489799879202 59.97106730458761 4.11754099139341 50.23735702101941 85.39540337135941 28.908841870504656 43.60517974253972 81.21629951290905 93.97802191503699 58.12257370982144 80.08017813852504 21.179661361305016 43.21250297804178 7.810278538139265 79.80024766429196 27.125863656958778 44.09689310042292 14.100147327093508 60.42425201792606 96.63432525445747 83.98660962780878 53.65570868280921 39.84948222096055 61.94482781903349 59.64695244297131 8.004191368805042 29.42261458761184 39.802110086529396 41.03171343659674 18.936001914978984 89.45101162851273 56.571889401791935 10.792428462398792 14.787916202718623
68.57901234986132 87.08549228845257 51.797860929792954 52.307834478015295 39.65955967410603 6.308818622296403 93.1731169334353 15.870106118487804 95.67931079147468 69.13331381881515 65.24271472053553 22.40628805028099 79.59465176950863 97.2255442450365 4.971560987414264 10.058527196187145 91.63628154166015 60.484115473740935 86.0297958904591 3.009653878821294 77.05124254452397 51.068127349146906 37.31588593829267 22.576391052329566 69.39354940409301 48.8312427158145 21.93725123146077 38.75340739466844 79.80919420735357 3.6889127106172555 28.52071508293578 50.58193192051148 30.4698214122636 98.16723078887391 92.68247074783194 92.30577014636424 41.46047236542487 72.09868059456868 31.020278126277866 90.17409469337066 19.568351020906604 87.59623454625174 89.77454489145042 20.763204466325455 54.084749159022245 32.11618282894969 52.22522157278365 1.9991600369484943 33.71178825947567 64.80055684820817 17.271161417074023 25.32077106739279 19.87962915156017 53.89007193260743 23.755456893535996 66.07550955498624 51.18602657236581 51.71159233291608 50.82763286655678 89.99639486609856 30.118283108447894 1049.7395981582956 71.3119429254949 42.18767299942541 94.91865460983698 66.68325220517325 32.94005297903561 24.96299485829112 36.39153472973009 46.67246683034846 6.399011669962089 13.38867794742101 55.644237072945 66.20183696038744 24.409781241706515 64.84260281417306 73.79881040968068 9.190279699829377 52.88760112055981 20.533226845992992 20.010480512282328 28.291820267977062 22.130379990210653 27.61978159389319 59.67738912915657 76.3657546030402 19.687393507619895 95.65007028783347 96.26068020666608 27.59873776923587 93.00202859854919 5.933557040756556 31.53171202273627 15.720518315903693 41.8966870276654 70.57980454343145 57.89615871849139 64.25404047933614 45.765651514144736 43.08876324118023
11.334702385861926 91.73134223193037 16.8924356802224 41.05732937906821 14.38478605704837 45.507718099740956 97.7248103106718 14.417656384400502 92.68562852170562 41.599361828528586 52.83656471970231 28.65114876417713 57.60532061993465 58.407886514362 10.749932633593037 31.697862563463914 18.751722198694406 67.77244526716275 9.13090107006483 14.654905506219173 13.926370668175236 93.95744947990832 50.01998574914346 16.41199817662469 77.99518575944916 9.970647549952966 11.240013817561685 21.821188683679715 25.682677788014672 47.32140502259849 69.09918825834266 34.66088274673861 74.35116581537989 35.57539070140534 1.4171923846198409 89.00504744222769 32.685311436616644 29.53427521009654 3.1966102915334176 13.178180166433766 78.68910156449948 93.21272173182417 47.01016366129492 17.3182688895476 74.23098392182922 8.802285557234935 35.02699378869192 97.66240474235768 42.34016916317697 5.812522522071607 6.834833690957961 87.85165639480795 57.687882614529336 54.54427303620332 27.31432714611355 98.78079402798689 65.22368949877414 30.848038946373748 80.29949233004983 43.24668701710991 99.2005874066887 1.8639560568340248 1062.2782350129335 43.47987669604058 22.300675681398246 65.74705542472259 28.56359595543301 9.353975165610718 35.90804684638375 68.04283463336596 28.08792458082613 33.86668134704067 29.03188780451949 47.57274352568878 68.51511674980247 31.60944423270901 64.18646642717854 69.04433395590348 69.25033597900358 81.10090220614813 51.296432842371054 18.898401991525883 38.45336059643499 68.9958120716888 63.528574497210236 83.94910861100112 81.43050780718835 58.47532596821989 79.54031239529431 75.92446707116659 30.6672385938081 46.281455671218964 95.2133739442275 88.58404594462361 11.915287688559603 41.71835707828135 55.03502978677545 92.00140850857264 28.94438203456959 63.43983330446081
34.077856719969134 13.778118681497343 95.78837992703376 34.75803829841061 82.49705369145121 32.01303811744564 50.455803978936935 45.56067584651714 92.07907196098165 46.30466646513818 99.54758593067666 88.46073892092889 77.91604395569871 5.829780205946772 41.391835175182656 55.2180409156357 58.64037874118026 34.423505683972785 42.049478855991424 35.764259386135734 54.98523555795179 77.90028122248353 27.03705294095464 83.26617835572631 95.47192375389673 37.96989462870971 95.13876971214775 42.43545494759019 44.755963297233066 2.263543530281915 11.615371125390881 87.66553137129996 97.6607410207374 48.8224183275132 97.538551657265 94.91735895669537 8.844102801186473 85.33228150354046 99.60403047204957 59.42437600135496 23.39333866253192 9.359862372317147 66.35913122077558 54.06348082340098 89.19422737889877 64.39277469910519 96.8399883097954 63.03607841698607 8.960565868281964 18.49845733041985 56.91226683351181 96.86110330096587 22.38953619904612 16.0259434110227 78.43025418389558 7.038383136532059 65.16923218019753 2.604007152903316 58.048828728735884 68.07623224227751 98.63455311140012 86.47460618712512 41.84799344753734 1055.599392649216 97.29300166489746 62.30744196470678 48.7422810207158 90.66221764351828 97.13672817913331 13.935914924786603 77.4487163877577 83.46422720533863 18.112273029999447 8.715413846306 83.82300607074477 31.7990766997943 47.915716406148405 72.9477370900772 50.300750793279754 15.309335571553593 70.83622295388017 87.92994868533583 89.07393597777434 41.05576271494894 27.814468871967286 6.933898461478735 36.791990347609485 80.41961658906845 14.55157534428393 70.47239203711133 34.15613309041019 77.85351883487174 21.8504598975911 87.20404892266644 17.587940885212436 56.91792217154096 15.361090136034957 68.01780191522239 32.21967828677077 23.288276614691384
44.90320603423775 41.35499224280875 67.80761969899507 28.143685667891127 68.91124461804611 84.55743434537249 20.60390242189548 36.790641065880905 15.070952105076774 6.736766882811978 45.03460262384414 81.87145672269705 14.58310739971316 64.48216642457464 52.31917661464427 18.590330558561 93.60634498481197 66.34820626791821 88.59595539339402 21.66540472123456 3.528697925219343 77.13542061975302 86.16714355306085 98.97306065739852 17.787997977488452 95.27801044492905 93.33493166064147 36.49927801902508 81.13793581166149 35.300391525935666 97.60103152028802 86.5614873870869 25.279287952734474 30.104428684897165 52.85968020366941 52.586974403714414 26.078804044968745 87.34146529668041 48.58756284263771 2.417624102347816 14.515529984606825 26.603248047635674 48.74684286423686 72.80976348898976 56.188696724351196 3.4147528225454824 76.38431027527464 60.10087729335068 58.194035294625365 88.83325978031286 95.54368885274324 23.684306644552674 32.13178774376415 41.66921820627394 13.981747939726748 98.94759566317704 89.69851716405384 66.16703742083307 91.02710172126689 58.696889098534754 72.85613126437413 41.38008569105036 22.87792836030152 34.512293627127406 1074.8257128313314 64.57674840856384 33.32789792237111 61.363150478904224 54.2274020647746 42.3096732963253 42.943428047665705 88.47284967702883 88.794438714961 66.76924982626485 48.0259272660971 63.47565009868856 65.04156107901927 40.57122238428672 51.98654141031602 86.91556233362971 16.0271047542646 85.05947270901679 80.16299076419705 25.860535199318715 20.653635211448538 85.76058208318437 41.77243261735058 58.262673505721025 3.7556021974891305 6.602892858109632 22.619551120420137 30.157954596379383 82.88000683943844 39.40701069403896 45.911650249525074 17.316424893852272 35.6338575002972 86.52260086830714 49.46723922075252 42.91137764661091
48.98224611633322 37.21724419057609 54.45828455118322 59.20866836544416 14.888890588274537 17.882350367749552 63.70238517992555 8.82101421138362 84.22267171868924 64.37578462341405 84.55770213212938 78.4593668549261 86.76858560135621 99.34137360060528 86.42934456051356 49.103545601900684 29.21136263222088 26.219780921007814 70.3561551955391 59.04763608805797 31.6251501756041 61.971050632412094 19.591020418176942 11.457565414461255 18.008067100961924 2.444535437386835 1.5564539755701525 18.499807136168453 67.73427675284806 85.5422505385766 57.98896739990763 83.2781289724848 58.15221673255168 59.333605882769874 75.1425531490763 20.42126495507314 77.38012626762549 45.20671299852733 6.000241839878925 34.981433916420066 96.2216665873882 8.825581163592961 26.37712327137528 81.50531770227148 14.070160305023283 20.03552457278548 79.81150064169756 88.8785246796273 54.54568455692371 64.33557086514273 94.28394349075882 12.27539870277964 53.01879665583595 11.696595947011863 13.97422493379158 83.65640649098656 83.8771065873074 28.872509549097284 86.6359644129144 76.48966851597203 39.02634425028074 11.338579558896926 28.598333818667378 27.76496173320445 71.64878693466453 1031.830466219102 8.599013450192633 23.343983047055573 29.749359450421643 51.6933771477138 73.16751624985207 77.24009370083508 46.850765074926606 89.25586415353905 24.714279572717455 57.22236434164593 83.81297379507672 84.38840247508185 41.44230848124979 47.17940684182388 38.62931115196485 4.943902003731225 77.37943863451564 79.96848424997559 56.37897399033163 17.95915040301994 6.0846910454276 85.73920219718005 69.88432538828683 12.965695189992974 88.29312819352621 67.59376433724468 18.533798595291803 5.774849223649619 73.21193737876557 49.34895538096794 97.17345050822244 33.18965361050043 30.603834019099533 62.93336988561407
37.13652735552447 41.94438527856124 65.39570639081073 21.207459478935665 46.240029943330526 72.59504230020629 70.87829684338307 45.96089413969079 10.419660475695565 93.88688397407526 6.415794278070985 62.42939730587059 50.72286217765001 67.0948171805306 6.886559177713821 74.76705298496857 59.30457071596727 81.35405298349693 11.182662077282515 38.3381262779043 40.59375015987755 95.20371039394918 71.02458179634773 88.70450460948274 18.975936820744845 96.9083599070992 3.2192953464448344 88.30784096249036 5.0770868585993005 78.66838426177125 28.18475552575527 48.741906678682334 75.1373015919252 9.569835155678067 59.072318354461686 90.14589002721955 83.2955961282881 85.73945630404008 57.085171550791856 94.29901632258446 7.018790963823925 73.58312268552952 76.23853921717618 86.94200478553792 55.09682465491465 87.17391536212364 33.760953205470585 63.37713150487197 93.09819971806108 8.237460263168146 40.444965583112015 7.004629650872575 9.789894725555344 11.505946952773847 15.339794211390254 8.38673178068003 12.325963577097331 54.785758038716594 7.961303075739721 68.00561997672585 23.402029368603657 92.66132121513401 13.366993927893791 78.45494192090831 14.223658453981958 25.855894031038925 1067.6126141315344 24.32692447529755 14.37397695368454 38.520722702772275 98.17899253494346 66.22987216789618 62.564700993999075 77.32503322133114 8.357178166533416 14.424142963171239 78.59413245776676 43.29157065610783 98.62940587540834 97.84685825346511 29.897146293064363 55.20084724330424 18.75033801061954 26.15207463238172 34.31576204046161 78.9479280986753 78.8301836321453 57.359287830675974 92.42722570839362 66.17071190233573 71.5904738789392 31.505311102218727 40.03650894368185 89.29314272435573 72.29132186318928 92.31181764012167 99.3080445347741 16.808367235654913 60.508526448214305 23.362220868937985
66.12816486407678 69.68506787487227 22.237298283719277 74.00519880170593 33.768266927506026 91.24943675719403 6.691928150024394 2.0530843215674333 72.36149152162812 20.05976601393556 63.217632935711855 59.408609490106166 84.08650727160509 31.899109523330637 69.38850679050329 75.13912226128954 23.9728229833583 62.798054433169 27.74317378197109 51.28144877033293 96.45359606526272 36.27378148250808 48.774858840774044 73.31292827517879 75.77043708939593 36.526428683039875 77.51168683633506 17.398125903676736 80.95661011926117 68.58022696255438 74.82818383863165 80.56803393266817 50.60999832348071 62.958073454324925 10.405058191216824 33.57126893108631 3.152775847386038 36.74982923103268 58.74684084533035 91.92288894992845 59.84705153863657 84.63171432787377 57.930732885399294 91.66884162285061 47.62067005685892 45.468491380722135 66.44618598057211 87.64926763663223 33.29461806843335 72.66685740944506 65.11811352948244 45.68144582448127 63.68731682061115 82.83624543634944 10.933096049590821 49.420739567599995 7.751398353601407 59.354082505961216 28.533269471758384 24.17327307254982 44.66180725090461 34.71682492500758 18.771979358502545 26.40875864137701 62.819043133861186 83.86509294356009 28.614344256960646 1053.537954160013 86.66960080822737 40.716463188849374 19.115507067676692 78.4883910436609 98.5315299020718 31.887554039740472 50.15304396096638 51.20589519344035 68.36691228804015 16.65238954696583 21.114959699075946 46.87843443856687 2.9312661770223367 26.682099357971094 5.685629616816474 51.0489104849435 68.88481074860681 84.62834031603185 3.0866304448728403 97.82035464146958 25.5586274265041 33.37856439869859 55.455852188988004 53.80767941070418 66.47410870318596 69.60594598622859 43.14221919575841 47.31437102755862 96.6724422134075 91.70912126762424 49.74466325604017 6.009696235944515
10.221364767313366 50.66202947123191 20.602244117150285 84.02857156860058 86.2709073415452 28.840119609578156 75.30181209376859 87.27105554555447 29.846304361831493 14.188743149601686 22.490397517994698 50.573877809016345 63.41619123808276 84.91045336808409 48.895339053813714 49.46892092393155 11.747921493789331 70.96549103863627 97.36116932560056 36.77085601970086 9.932180148066125 34.20659711589132 34.934813784958074 67.22169210288091 86.00579239467673 82.50935912237767 77.07894821719526 37.36688034755732 77.68947038937974 71.0852361898494 75.06420007534751 55.96104074931634 61.37198130605362 2.2036115849651035 85.05237968044274 20.239577636482704 51.205902040996456 57.39374350422349 29.465343868408993 48.06335367043359 96.19496650390377 76.85225600451045 5.253776682582565 79.91265560999939 33.39125334552234 12.423544750617268 55.09595625910787 93.82341543570062 26.851363143307527 78.98420079046451 4.642728113746166 8.28000953735771 8.305185976408064 88.07599158956357 33.39230220501884 13.316172660507382 9.332713863318203 85.3853397215826 22.018924224727435 26.73435395615191 80.17105384008626 63.11961436168879 40.01042086066179 42.983651230953804 66.32325077590674 41.23465014585108 73.36929202809809 84.47869144807453 1067.8534507850263 85.0908204567083 63.005483327293646 7.083865773626723 87.62244994022049 33.65535407764229 88.9656438856285 20.8561332930499 46.70690075587664 8.54017292738407 37.582366714211716 28.478202911469978 92.81383936135387 52.99394419965043 50.38536905806852 48.4152234322527 53.96680290869767 29.13007116056778 95.4675790137056 72.48853964463979 69.79774972889548 50.24634734244691 96.69797111841312 6.193920009783484 39.263001358915446 47.41368575781754 61.41657789233571 77.46988359785023 35.62075293501462 60.39599793661945 37.06961327615065 9.836653041937206
47.034910265890815 18.54866695039408 92.08228683376923 18.27975024120054 14.630286977600466 64.65447972306677 68.81967880289118 43.78404882882461 98.42666828442093 69.91707303268164 28.751235929134147 70.2781122026541 43.402364702520124 21.27931352251872 8.460686882014825 29.41254249261568 26.77256111720912 51.967650989336114 40.16753706541003 43.10955449628312 26.595490929076842 7.483483333824111 80.24746962866347 33.73800578361987 98.4510376619996 26.53920357125798 27.706819487102138 90.8204696411244 95.2025331867736 48.05857341437994 45.88094410023696 84.00612781329981 19.843925962227082 5.032018800108161 59.560144178105865 11.851618507988976 33.881490730362096 38.09041443073506 46.73699501132137 41.774022072181275 56.8300360563397 49.82022971262932 89.09036015222111 17.246093575256236 62.59526333417482 74.50649706901294 23.65908157145096 21.07518338264023 67.46261552873794 25.635377365335966 24.252682961327046 82.50955350375592 91.29690518311159 83.44383271632059 16.89301158355341 13.017864736001476 31.915645857326872 1.1151950924251257 20.15816824956673 2.3083268034258655 48.14054578400333 7.801337300131185 65.23800604081265 2.161142590434049 96.09475454852175 6.117272829645513 86.48926029900498 74.32834471714715 91.91236518659582 1099.457590747324 44.12282988537037 45.75291011416917 50.69925940187878 72.19045230804159 54.02556426580812 76.78028149015744 93.85055987709295 5.735851589411077 76.13829286284164 29.322138061058496 82.24684591575675 40.102818406223406 16.869524672174997 67.06352985138709 31.440225701087023 99.39676407657667 87.48592265999628 18.06990532183338 1.6387016717739558 22.95603633936554 90.99119221358346 10.933718727712874 56.01722128572137 55.410890074040495 99.81063804098889 74.1195657511177 52.85557013934687 37.088468583924076 68.32937215856093 81.05486198337938
6.917508059447653 68.59293097997002 1.3624388084511108 7.84612039213672 42.34329176525618 74.59413972562379 34.23444719972447 84.22037671294662 87.4191730766028 86.06759195149903 27.542261994699867 75.2457916690491 19.676883121775003 31.49629174371831 12.917247823662276 87.02537696725946 6.291523682071243 52.336304863505404 16.4511835561917 87.27062911907645 11.929232991359367 23.08998789388618 71.37204757534458 57.021646059580725 66.0579570027117 17.23339755243701 9.81477568813171 82.32663634269905 25.40743179929206 55.02724019879989 93.68226064742181 25.927607321566736 54.90165721758449 61.54117002624357 12.239573807970991 12.266310215597723 60.63278205140725 33.95294603793706 47.266623417574024 74.53078929610413 97.44866934701152 35.29087967067467 64.41810250820825 35.77911989265351 70.53419073018762 21.483828518900967 77.3580228402847 56.44325270971294 22.3383251712744 74.01612274217608 59.81417738397049 88.01587116000913 48.31517864431046 46.68627190271 80.47858705295029 94.08963067499657 16.225926035819583 72.21414112008804 93.36899234930183 91.22662917274481 88.29590887053868 85.79019584645933 69.94775507739632 72.67105881523561 56.30104082006918 44.125404866065665 90.42565972693241 50.85210057132171 51.718323894549236 78.07291433775548 1013.399938689074 50.840472176539876 14.458591170184965 23.041915090222766 90.42572561712511 11.835984973330625 49.46261247175492 15.358095781986385 56.47002445309309 88.33381210934152 31.760360819301066 25.236867245573844 48.371919291360925 43.74725923037316 45.31353043352938 17.858061790609785 24.13982519802192 70.01606274298918 63.7855925804102 83.44341527848688 52.307351384411405 31.620047832818237 68.41282819393261 82.40497567436046 50.94260036861087 29.48254986194877 8.635261782117084 27.35892643944313 72.26187263126066 93.04139612839457
36.71244123667335 77.25795631003483 98.13625948007434 46.357838605781794 11.162837892584035 53.422483882815754 37.475158330860054 40.44720592623159 40.760997100853 81.34513603517284 25.486822076120546 75.25446385939813 90.23825502417746 88.33660853595758 75.12991076246297 87.61908450603258 21.1417305111568 14.752357029747982 25.199120737085384 41.663506387609004 76.48582973000353 57.63321068810799 1.9282077928594084 13.63060945113717 47.28400610746193 46.669476327701865 79.1355886842491 17.686218548927123 31.49099911705961 63.22055671595172 25.673445313275806 4.0896253291331455 92.9189620039993 78.21832058657566 42.63994303430657 37.85466656848586 71.15680414463245 59.01922002420127 95.68608254999455 62.91121942625579 30.607537125839027 85.60220845120666 63.51199036084221 38.77591368070259 53.114396644954425 42.38796660527376 90.86974587017828 48.82172317745678 3.621504299414551 39.08691675755222 88.28498210404948 27.096848661163797 25.202331682085894 93.17557288201843 71.86473353140151 37.54895072381565 11.06668711617544 54.86234289446423 93.24148396656456 27.05035924988286 96.82015694691833 66.20768835292775 34.39013925943915 64.97915413891451 94.61500286131789 60.104527273895684 24.15687295936939 4.603862180821226 67.7194081357056 13.574830470369472 26.240812399617305 1066.7501457426995 6.22456308542335 13.516382886841136 87.5667744779074 2.272745056169559 21.417757721631666 40.54372498851962 63.57188081588654 47.818923528517125 48.96078224624703 69.74224698034465 2.223191605078538 10.534158270663518 46.97711437292198 89.04174067936444 12.987037100253392 3.613415472797194 65.94755179160319 30.65530124846492 68.00623521927226 9.997593214912598 34.12480099024447 71.6047954963074 9.460263382611169 62.798160460837835 6.6605642392712605 15.857607637528801 24.686607493275513 99.06575297262826
36.38340229219025 67.92341667773248 61.83937556602706 30.323978703528688 84.96227542107728 71.38348652157916 44.42593295348859 71.07607275434722 72.32854869436852 42.107204519007134 74.74960897679598 32.317865033564175 27.894443114989564 6.392204631169054 12.62767946025079 62.35369103473397 11.847517836754875 44.98625296373779 66.20264858813691 94.20709950190124 29.750099075969235 7.8991022164923095 60.077506863495486 57.73382023453892 46.08612800959628 48.81096068537279 33.50306980092832 80.54405400707965 41.340747609934915 64.45450125496139 7.777679476844783 94.48846925512753 88.80566892804998 13.418105056501563 41.05603988061311 11.294786820127541 80.71408701161582 97.91569135111642 28.732385430445248 49.38402700866875 47.37086518818892 38.01324391262847 56.11739160400103 83.66469676691548 66.4800463511724 71.04635232394217 27.18079327045684 3.917875028919147 85.36259724246628 26.46865769999167 90.63292493288823 55.07677332895089 61.78876214189328 63.699740142860726 82.48263567722238 32.41257610285 88.02894228240365 99.96701625779504 83.28315923039968 19.386376626366598 14.768308041893484 26.632011186319005 29.227899830864857 65.41158985283393 45.15406874987973 4.556511837343104 42.63105420042286 74.63792706735082 9.638950568286477 37.21317655087584 7.345464895268867 53.93431640317818 1001.3631307574847 10.252119419700849 43.22536789693243 30.273111404201618 89.69495484533394 97.63165066503431 40.1675739475964 23.52347030274179 65.35446654443807 51.35342854066897 85.92514412799777 90.99977131579907 6.108922804398175 68.65438517068947 30.583938476916032 12.288837474258749 87.95228331575278 97.8762459881679 25.413909609569135 54.16888418942091 75.55308873043877 42.2257761385001 43.16950897839498 61.99377179394882 80.31895197731689 30.345475245838422 79.32350286373585 10.141002483491885
23.336791860820313 58.23581964766308 17.913080478713447 21.89230841107717 77.06132588745561 10.383933081913577 6.920264367526801 67.08523388646776 92.33032927436321 97.87186967983835 68.38736699058548 90.30023340735086 63.937536846959404 74.25242609994939 66.81172709667261 51.14355378712329 86.99679906190651 61.1841882534868 91.18302723127194 68.11350836357829 30.542788458048282 19.312872247300135 31.29741030759849 76.61513605790961 54.03095868038419 65.64632826840902 57.82186215248306 75.09018693779574 18.584172966299267 59.7113940181376 1.9391910261264156 32.727109712704674 63.67748812262474 66.40761446937177 36.71199087698233 41.429172786564976 55.88715686938221 28.953971909426592 83.80097691748335 79.9903722122837 26.596272283190416 66.34230438761621 44.15536085536875 93.81526483450735 43.19304893321353 6.963496320027587 20.54226108606164 85.30844557852133 70.02768129514813 7.5745065589410485 44.27577558440844 75.78302829274554 73.40987526834101 34.03865238751614 34.208922358866346 16.04017403158757 38.08237363439915 70.24765388204426 90.7708791390579 91.53595092340665 64.97263341931912 82.88416959277615 66.09436827291168 8.221729510960138 54.31014967231956 14.6658679066577 72.20283065774912 39.047081208396826 7.450826070369111 43.550780385987494 95.14493647272499 8.755672275386075 89.75777777251656 1029.0626775258395 18.401696481528568 89.15210162820598 46.14290147492302 26.800156887839773 79.50244284501454 69.81067117274274 73.19643069568349 15.595579278598475 8.754323267807761 14.791519682591682 53.05578906135365 57.869271820244705 12.091749928479063 71.59806508504322 57.46693588587962 37.08080644696926 63.729616972459624 68.07056976379211 11.259723487473769 44.060523630774085 49.13710653062713 25.15918052389846 14.778568106652356 75.21612297218503 47.11394472273188 1.4573290736442912
60.493918006626444 95.00260575805714 67.15156719146042 40.99883903778218 46.01142984009636 29.516740585881212 17.81424726665298 73.82842520905501 80.02086643875148 10.100295806956192 50.50909677798018 61.97107276388884 17.862840585641244 45.059510032822466 26.537726007952084 6.171164579421292 12.294153911554657 77.8238868066228 6.048329653773746 79.08970202577356 71.29859850603027 18.322871383352588 14.235445510560552 59.92629393755656 97.33690952227504 7.526649568769102 54.7011022235521 35.55655474694089 86.67899080826292 70.32831066417974 4.699928610285725 10.695267136949592 15.495755730998855 69.76968771027184 15.147637027386892 77.36911753463922 3.891983348713904 46.66053513382082 17.610170179616926 11.053803232880345 2.823894681412286 23.201755447631182 48.87078806338852 46.720744298332235 76.68612223903253 8.06285824177835 19.99084856812321 93.41992294301886 33.32799707382836 61.10516387546565 52.38444459549914 19.607039892344087 41.74438841668272 49.05541516026215 77.34424964218697 26.68703552717618 88.13472837911014 27.208292027623905 50.518007850676305 70.67320253423304 23.002432525443098 25.715671367040173 18.027432413499618 24.14368109093296 37.87416978918432 98.56507656711749 73.31300284872044 87.17545913204808 87.37382674572883 28.678657234163424 91.65965300384077 65.45012837981247 30.852921962332417 58.47429882185661 1042.2237845299853 18.030149811834868 29.220320643192533 96.09562159544716 16.32647479459839 44.10592699194405 12.432391812874739 80.31035204829602 37.30853741003931 44.05148735057479 20.641763283378825 75.06536144373818 34.42056818330729 74.99185793942215 65.19207665589123 69.63836778662122 74.57042357460546 76.25619444039488 78.20537856675234 25.806939154673067 39.40775233246729 49.83996128214459 51.307216070333 73.84912940873447 87.81972843097323 74.80481330264477
11.56511483529286 72.8690247076041 61.02567036100411 31.015767352564765 92.33218526052951 47.14971606718794 92.91303301051248 42.515426717763134 79.81058728463856 85.22997855357633 4.341931208267093 4.591338855092288 53.34920771580282 73.18771515335725 22.43250288476775 99.70873982024175 44.75677912534041 47.418648452765645 86.65450857778356 43.47951429780061 74.56187266687176 19.07928028408437 68.16871329905965 30.890623801673875 77.09075338521218 39.38835231583128 82.30455025273332 18.62056052569667 86.24545188184592 20.23177897427517 94.18821403055891 31.372507584346337 91.2451306829492 55.1989362473623 14.640622027456457 52.874990316641956 97.98588948818046 4.6917275795426026 40.27027362621037 25.97803141961026 88.52166276510427 54.55768224194952 9.20835186559054 26.50816749608525 4.092920428035071 51.44200219537674 34.44153048915585 17.281642541019995 81.49636159893802 46.69640986772879 71.31963817260824 59.85698483054225 70.40721067216015 45.0770089163447 45.63552443068866 9.98003092539833 12.900968793202107 1.3392742051328483 77.20272466825251 70.68497732208728 18.170336299015613 20.129955154331828 7.6378598857170505 94.90950775838813 90.68300971156854 61.66362708841024 37.15038574336374 98.85304769473127 13.04275365712938 85.12827495371617 21.541668902971317 20.718520635912803 37.59122423929354 24.793773248709154 82.3980278745262 1070.4172704908876 61.1676950232026 31.057332162136742 88.50665694421389 26.2024851543776 77.29821077517782 47.14029310050895 63.18200546153889 42.25961997441936 8.865709787614422 71.34785424361911 74.16775411878572 11.154069479556597 94.33265184056037 54.48870601917954 94.33704671360566 85.2317046707534 75.78983783185085 60.99884867975016 66.02073727365962 91.4899532259538 5.718365518390562 3.639877075813912 54.49470852833068 23.160384778590384
12.886205491229223 35.07520401562369 80.928134586434 33.90137669810291 13.359859790907743 28.003425028764333 4.974218766114424 25.105142986102617 52.78436853161778 17.416427750538418 89.6857170326246 56.44704959261295 65.91592632835761 7.973520224688172 29.556959338736153 28.380753684803878 1.3276587770742387 31.260636297361216 41.54592773931749 44.282189112112256 41.82387614613682 47.192475413494165 97.56593271922625 36.08472648715438 41.97693610282765 81.53249768398788 65.84511547426558 13.851803215484907 47.31789792294264 51.173308101771525 23.172322752402657 93.80174371009696 15.468475116544969 4.319853382994775 97.01992234073717 72.51430567819732 19.30497435695612 82.12321938915264 50.08592531716691 13.783604795794853 31.94912606197706 98.90299540957497 16.04765160839814 66.72798769557673 19.37735220743483 98.54329514152028 76.9738035197475 99.91360851689944 40.88174355442906 60.216631990393026 6.040246416866006 83.99689450733051 10.246322061978796 25.185902470390435 87.33267452275585 11.933905156297024 93.54872917183633 54.59413488012436 47.08991667921525 96.90656264049403 74.39234045967738 65.60377373760674 15.405732609064653 29.840193409834892 59.6828635935821 84.46555629742842 61.81118690553337 43.71270848896286 2.935709458131729 67.92085061892139 76.36034340036447 38.90636477751531 51.494116984741495 75.02871559270334 74.59729274809854 68.36943409148276 1086.449198556424 47.40252611556898 73.0649630890421 26.7647084683423 75.84340122822321 14.865952833084265 52.53013471494606 23.022251510850275 43.373286020046585 22.862957642252915 93.62287233673497 11.109275942646546 7.2499781829002785 57.51129196240045 43.197204538034406 82.65769648819828 43.02448283991237 73.22322002243072 19.220382296945363 17.340107236409427 24.878634618048793 91.48357866776307 29.900141313436833 52.99808261965258
56.95206714931293 6.643302181532043 68.81928782015343 32.241390426653744 61.64078685629396 43.2204732454599 43.50040987178857 85.90647427403736 96.55415876302501 84.29095641391622 31.759524364615014 76.35272451726118 20.120471058738314 71.63068101298428 52.25440756978339 91.27727763004373 34.91234985339661 54.40458205349292 89.21973891557198 38.56850168423335 61.40647140813162 53.730356759294395 97.62986926344557 62.64786592722851 59.90207341195225 8.952809072953992 15.382242760736633 18.97828658286796 23.667247071437455 61.27858412493014 25.074057738615213 65.38903992893371 48.77464008588884 85.672495797571 83.38632637407584 86.69782291121712 15.021445671167102 93.42398366959902 13.333077456205181 92.89182340325782 74.75186803659844 47.38660803321443 7.212546576114443 5.423562782147076 41.81381978227831 41.084175969384404 89.79330748746855 66.08309434220557 12.061940568668204 22.077965110751588 4.81072356142746 36.664847031211615 26.794789637541488 6.643006878109547 13.174764798325333 82.50640647835728 26.365778516251062 43.51934632788998 48.10556386132942 79.94986432134573 31.521777776583928 31.6989792123635 73.60686805591723 95.15108014632284 77.75800727495184 25.384820919475967 27.17089420979341 54.95096058285431 78.32169802386831 87.87427091313307 35.92917001833963 15.969838393782405 63.629814145209274 51.32673498808152 94.64842022344513 6.613512050779788 38.942810901116985 1073.0607222443282 87.73695942208042 42.04123023500696 10.684031117906509 22.215509743611957 5.803314977952692 12.300430348042177 73.91683757139283 13.720918317075082 54.260686092194675 3.919999850361691 50.213611854952525 82.48824194695179 77.03480326421291 35.47806844228023 71.94300349658003 70.65897448466717 82.8554862638458 5.985670637271193 45.53970350156295 43.05634976520106 86.13977048269388 59.33767622407622
90.8989219973583 74.45661559420033 58.507084153062046 84.33002887120486 38.45618884066567 50.395249697583125 29.65279693163238 94.44005213558418 9.340165284709228 5.440979992830531 37.68205344147031 80.64855801233837 1.5444384631318697 13.560822023568917 55.820352637122205 76.49772172064509 31.37159484963587 70.29782561174025 40.08322427043827 33.10016687124983 15.171111306698867 15.664755320319566 13.057927104494917 67.5029004125191 51.620566864542376 82.22936380097987 94.42834372989168 59.87202983743961 18.561826489445483 32.13562556412481 77.62243952731468 10.079872449197579 2.021770861250711 85.97547650576188 7.041223818390008 38.9675042564027 93.31402449675286 15.112247235628223 36.241021866381416 50.41921698870706 56.608912841457 61.252449392894164 26.95624143437992 98.22419801079815 49.421641054968504 29.953793257193333 82.97746386935617 90.22283346646773 22.93011523629597 40.7438286251388 57.77236058962866 27.34106540955536 42.124192475720776 11.084471281399578 83.04910054578109 21.091580260794327 79.98326461276969 66.74492690209254 46.585172772601666 75.265018623819 64.50122508992578 78.79686079029658 16.746994782284105 31.040430707876695 98.49046884970429 60.038680899363776 25.651004652444154 91.25469681937783 54.49463264959137 19.759568778884613 12.92726831834448 9.782263554510445 79.84198394035441 29.56110915381831 19.644524182156186 43.951620453405816 78.87372026091089 7.3185030599080365 1024.2618836294162 84.5977769190439 39.83292261115234 96.15439256670273 42.990408626488644 45.60449443878522 42.98864863774365 6.355971584648135 25.753549332736817 7.337138943959289 6.59269445386184 87.28972707202286 35.47954233868749 78.84584316880303 74.96422505818269 49.23184124152078 65.5893647734489 33.06881759778915 22.211417131233805 88.22741833057334 89.85430355242133 95.27456378795745
4.125419351586277 80.1733909184519 86.9006015245753 79.41389899901212 7.321802211969966 43.72805268442538 91.09130135890688 23.316656997203467 73.40308040344074 65.70867369093943 45.61834564215112 22.903611053367364 99.50101475426207 68.67105082236344 1.9637927749129005 49.4171115012775 27.623190978638434 57.21477073733404 41.30597096984008 41.524597365341215 56.267995112532134 22.577298691615745 21.638953706027756 31.70346052521529 25.011837619014447 11.061664602888714 86.59384525323478 37.0898903986403 40.01967227399361 52.879602075427954 28.395289544445415 43.51708606080885 48.06188851808252 62.07827281556062 23.23521022840802 80.13073649962242 46.609246535993194 63.418103094164316 28.539795457782 38.84987936029814 54.35697847153286 65.09094417117016 16.444886014192747 63.596507406633336 59.87864923729154 74.62571254668615 71.53848784428412 36.50861455415162 72.00444638613898 9.18083596254924 96.57502073681869 78.71268244209263 37.9821189488963 55.2936110922446 31.451004281478998 78.84825192136756 18.26701250471232 37.85299936299746 31.709438613736367 30.30606592385841 24.669484874757067 24.378850950279997 19.252925900299257 81.44780101505451 5.2636177269582864 77.38435352646593 6.187498152254375 27.139357942005486 98.94319888616678 50.25036076048843 64.09314305079292 47.21569135407758 31.939980326946728 44.670486979985554 46.96804000171452 93.6320764868014 29.370737087316236 93.91597831316798 51.933365276650996 1014.9672720737309 10.304498094422215 93.77316198146136 33.225745262640324 95.86224478851062 48.26854568181455 26.621901007212056 72.16094144347794 46.08186136800528 62.43708125207556 14.932544700470672 69.7537875707575 72.21836543695699 81.41955311039902 88.19133469996189 80.81170591064566 63.56880213298242 52.93125141778555 17.50144103320111 66.23489040881674 54.560279379778116
15.186506082332246 57.67140802016659 38.42805215420171 51.81090063972277 96.84410936137687 72.20084418034676 63.623730805228966 46.851155615125876 82.10789263916554 86.61955432031351 72.61334720095674 32.83211831270389 3.908844141756996 94.53047131727529 88.68518530991521 10.439903975943404 38.7653272780829 14.459402645229773 47.18862139182343 49.04108875501787 48.15403547505487 45.4609972978917 62.057189478798485 76.37453879400967 85.44953255397469 75.58846615434219 60.82358709254836 85.27634507670491 81.02923266808969 97.57720375558758 29.40431384136398 81.62034609142097 80.59348001115175 41.93118271402503 99.0397161231577 54.444237273324966 6.998533411233142 9.608340429479165 88.99129349194371 25.207422603460078 70.30168983121344 43.94384462360759 49.29851712584549 99.21275346693889 44.7213819947408 87.97865724366441 3.9187165927593988 79.26371951438786 15.375420128650347 62.95648878321843 25.111426323720885 6.411122186413051 51.83436717254205 18.895214037670378 37.254406955422695 71.88781171965013 83.16990895409464 38.94107650166164 55.25269187114265 12.917224975900707 23.095077938217603 44.033929848802906 23.464693370192336 44.32516071318459 30.42172637325358 12.164675571382137 87.22984897113926 13.948183104525677 48.779927200293535 56.788041260878465 45.30289533138859 77.91975534673124 97.43414566175757 83.01152984798429 78.53027573800019 40.879525214644296 53.050827137786996 35.50069585813936 31.810387410865548 84.58768172356172 1099.4146674239832 16.376368160093946 10.838522742389383 25.87456119411654 61.172174299353 95.06312193173423 96.22007424472442 35.586411946201984 54.50792960937251 91.5464287117965 89.34793734914916 22.6251211595489 18.69824804833255 82.59233443622718 93.0781835527668 21.983962920810125 92.67794711466419 65.14012402412274 29.51412180148203 3.8697154456984344
95.33609388686385 83.27644823653787 46.61131637531047 60.442537323422414 74.28916128806678 40.24908883631861 39.97879196931584 59.61499050125755 65.84815027099236 13.57241034217878 75.3190346967575 61.83186088940624 54.368639866545855 83.22364888999854 8.561439595092612 99.94212639768779 95.68889374784686 99.41826765544045 20.825803131643344 57.3952619742786 20.652335494541575 15.59728291691931 51.70262037198417 69.44702293291195 98.65013776081081 61.03569848301009 11.417335695746287 50.83355544651454 28.20628724154265 82.13695928243816 19.45827867022913 66.7101548293498 50.19130717022818 12.968510132829044 62.41746737699416 53.676808763813284 68.85424340987197 75.27517340797762 18.77792906900831 30.310335263834027 89.45757088575536 39.22468024072742 69.58846302897899 27.315876278276022 1.3438929804914452 78.40724888877588 77.85618108132229 30.071255471811206 30.201327025554672 36.43345134995002 58.24489440209731 1.152056568064613 80.12842265113031 99.23683825770956 1.4516571506351552 19.841177408551424 35.21840573012474 68.04002104608024 43.910268952822115 84.41387679316895 81.49564785202728 20.915025148778035 22.82956723430519 34.65890807048867 53.66627548297383 4.877757458095941 11.702563536190155 73.11802924737142 42.54504243976132 57.44922750222934 11.369103164796547 92.47832032472536 98.97489523130707 6.955190377976661 32.96342848918535 60.88706187833124 63.0504916960171 4.292591277493225 22.429474081144956 71.96035844245081 63.87864697409695 1015.555973579663 70.02961649099143 3.0516967672610944 24.040446380800773 13.980006693788464 40.362740660057334 93.85187835289055 19.36695111559958 23.409593180834122 46.76061720258763 52.18479669484101 38.48467727560673 10.859995204233208 43.19763710439669 98.74471883828686 9.261977676006254 4.062622759365632 48.7831759721661 22.686875085595062
66.48556762016347 60.108121547698246 62.102182995119136 34.31438282848201 53.47659786350295 90.20342588365327 20.82100774644961 25.92843545533647 23.322729862738793 44.55755285344988 64.53377565649564 32.83376392596966 84.01706984427955 87.5141130433637 91.21541135888337 82.98719816195852 49.03320353131293 89.53643328347133 51.28166484766341 1.6346850376586495 95.96635383481492 90.07369437791414 55.308642842733704 66.18844480098879 72.00174280308745 82.59810593819371 6.634959547858122 94.35819875781978 56.67340047131194 92.68991145434154 49.73738329511262 53.656129253884565 66.60140379473883 46.71565122185573 70.29937412673337 1.5441686240246733 56.91252863972527 2.732630511757386 39.60739312721116 51.334325830048215 80.37625451242025 44.32322677892847 15.8968847368044 32.453451474715024 4.339294593860556 17.733298364058875 87.46917955964086 97.47539656806234 24.834070905330826 90.48899769725797 52.953263947729525 35.150507448083005 9.757485982193321 62.308060275639335 65.0730450712155 35.340749711468455 20.7857111735944 38.93699109193929 83.57058835986821 64.30504857603626 39.586890554548845 9.62083922364208 20.174655324280288 57.25352861479416 59.04108288708994 96.16036479976056 51.98618235049525 8.552246015880087 23.5569780447025 83.02904675990752 42.34583174414091 8.710731913955573 9.477895983249331 4.365284196668009 58.99617584994242 72.43554214240646 70.38138112670262 99.89635956247828 94.8426237850484 68.21670090491067 55.49221248696299 58.99684249610136 1001.1865156217038 12.30006510427068 26.479194157377435 35.89912891711499 24.286019575820553 57.06023399770505 39.65213827083092 82.46729989522855 88.90625375388683 69.11411859716681 61.63175581720126 23.27639334191535 62.92865669872244 84.83185262154764 23.099017421812576 13.28432660660422 70.15327860356683 22.847157083005488
18.205148248600423 26.645270097119422 95.00240246932539 31.311785807538488 61.92408723471285 82.68050851932891 36.66788701447846 26.84429117415677 41.27652244803687 55.00590468028315 77.98516143028756 72.32932294168512 82.05569492070295 42.706464170836526 90.23423810209967 84.46927423419014 21.12713133584994 27.356950418385583 4.094921445306451 63.213817874815966 64.09780350374189 20.98366141017519 94.49666658949683 94.83426655368869 95.9870934495524 60.03997756723208 89.61719672173906 94.29171745355646 90.56776554914116 98.30352744310461 64.81087800455882 70.61660963383942 82.04969913626265 56.574727395941814 81.40389492547231 63.751076134001124 56.46788809364573 28.376285051798448 23.939021126521098 29.927421739176122 53.302003166492035 12.556439795220395 15.257106664485521 2.5815849000071824 17.038768318328355 64.06001652518196 41.863916097215025 31.569366111747435 47.94916271848315 63.955018166504765 48.07009311284764 57.95673792356594 92.05141692025522 44.88419013180685 26.203392518289704 22.840108917278634 63.613749207494536 35.97740312138716 65.80110015280363 72.89438724084712 64.21928055141031 77.349428978128 14.173600726304791 73.08713944601595 35.994596240199996 21.939087129573267 74.54296867510214 71.48316278770258 35.41426039964617 8.848237766273803 17.682833196539374 33.05128398550207 46.15047931016186 26.223466051122376 12.030665725765992 13.290060347858766 86.75667151397113 18.39119229780853 91.53895481658871 97.82023959777214 55.329666276844215 13.503962152412216 73.80027650382264 1042.838944465563 86.79143442224762 20.412047379029172 15.521032224714155 55.45995114793873 12.630012190407614 15.266720277978946 96.8596804981782 58.20761104573905 55.80080769755948 72.08576470021502 65.96168103484557 8.800644227545828 2.185962894954104 84.78408308764816 51.8891388192642 92.61455786907683
9.76702206283799 92.32726870057256 88.91439086095606 45.25919583981932 66.25776473365002 7.87425443429243 96.64629965669168 10.838334717018773 51.73721647029649 26.38943930445521 22.05092637892238 14.869915794284667 61.88338840923924 79.30006941993494 89.5071342551408 61.72469034555153 40.23472635823693 70.35869785489338 4.253704338834972 83.55336874884298 67.13638010199207 82.3682903154791 42.92416082133504 17.965432843238194 32.3587690364607 64.22128551327776 29.450183181596106 68.0180628234941 72.20477788210452 75.71004083105807 29.375833573590384 68.91775695409046 15.136083588556277 86.55285914596531 74.87965413948945 93.65586841669513 36.399034171550724 5.037640000590598 55.53080184568129 54.88057337747308 75.90294567788466 78.10863562602506 41.69462235590816 4.96417639534539 59.15498227702485 20.202777510974325 5.518679737063947 28.649761916753583 96.61339916328755 76.76300445565718 84.36192339759761 13.587066492118746 21.55187590407201 81.7837132716347 14.63938120397555 82.28230954818035 48.39869602460852 77.6618419126627 2.6063140326804213 31.993371505836055 10.888273035052508 86.5318779489971 90.98412321762231 86.61746067602594 34.86745331205451 32.01035670881461 23.0590667360156 85.05045278221027 14.307345739957505 47.37586676162829 1.0557882458945178 89.33573641466202 91.76189255678379 80.07729312075215 57.91308287593988 62.669315378079645 44.89813075751039 26.50623685288696 49.327584257515944 2.1769337277284313 95.07212605973511 23.303836709245715 41.9115574196758 59.44202499377806 1057.3492693760597 28.401821441454672 10.480747420111369 67.97027952569245 35.297560828850294 22.137296719325953 48.03070579957271 42.67043980350702 47.77534858518837 20.958328465217704 79.91656445973102 12.259988451623265 98.4145240417548 37.683583135506794 87.4761142470723 16.194263935908705
89.3729380661837 1.9891570294973064 30.32762085058004 47.85499196887474 5.1134491923199406 83.75607838234 8.043092111530404 44.528828554995705 70.64646999790232 13.757910915225095 16.183540545814253 19.55072053431994 68.41010397347198 31.105856503760652 9.242729864705524 37.666586445838135 69.08835007821615 56.087102325782205 70.46527472883373 89.86991597604282 90.6001894803187 79.79572386590984 58.63893491461087 87.4045128375213 87.06615701178303 28.733726000178102 16.64699685761695 30.366916759135215 68.27854194059262 96.20307416556149 49.37322173756508 51.43546228927524 75.32021850203083 2.5270987802872096 90.19979902488225 75.3537828724699 70.56425225203456 33.097594290257646 66.79250245416705 92.81005802965254 43.28115222252726 73.05793328581183 88.89715235502928 69.31994508516966 15.927796055846311 31.245935561696587 47.72717720666044 96.1153878309823 32.92463903625576 29.366848682258684 13.525993282899286 99.4011245181306 10.334841575043427 48.64605865762091 65.45420561501358 24.571593020682382 84.35000099557696 78.74719689751653 90.25155338344213 12.212786573018077 90.70577761352611 68.2413638396766 37.3579098951721 93.19179605753347 45.59613657009388 59.28365745570799 95.43092406220688 57.17064499792477 91.53278632782609 50.716498318681396 33.953128467929 15.492047214160305 22.866823023036066 60.727838998977745 87.09544434718883 65.6168596756017 61.69972855148208 85.63919070197066 22.942033235516444 60.51000749879718 81.7108712936975 71.54446558790724 1.0546793550933364 25.321072043196537 20.852575878627405 1039.4338667494662 87.21306566410824 44.54183094260844 61.02668288760681 55.0515885414249 87.19049092671061 16.713078957721464 92.23129643452496 91.23611544526025 37.947103628485124 49.41908150878359 54.245972790543576 84.6633110736071 92.21896459786501 69.46388177138473
74.95339988970815 54.52741623068392 66.96385654281099 53.039179631788826 52.51868190806608 63.171934966617144 78.70365128273347 15.155861561703011 9.298397180883509 39.06487110038946 58.01719016711166 84.44656833402342 30.13516470777715 11.072185482651436 69.73806719481972 47.87083252836037 69.82424990382576 45.34158492401773 3.5592668298930628 72.67858008205543 86.7532795513658 12.019846532752304 95.08413979646417 93.83203058825724 26.571694181459684 16.248225562040048 12.27508948009015 55.499509674977425 88.35484262628727 6.068282034914308 33.343612669814995 42.6550076548573 77.13964563110999 85.64094810787495 31.35266948680871 30.488082411447856 97.2592564145883 62.54312454409824 37.41625188802558 13.578330193968194 3.4522033483357943 72.08041047265887 90.23780406013375 95.715769731951 86.68630155427218 91.15861813700974 79.17001069026304 18.796215729680892 67.55706232416554 84.1324565829746 96.25047983712933 81.72732965495813 95.72065142439922 28.086165731773097 78.83773199691925 54.18827258819793 66.18959101015045 91.95343305103576 72.14360478568818 50.65154020356609 3.7683647050946285 31.788290610832465 19.235197922948302 63.51334910958188 55.72304177061247 36.893879556091264 96.74898727530521 79.44918116095732 94.92019277709338 1.893927585696367 98.71713817397062 86.09118916020917 58.08916060719159 85.38645210799258 68.01976040530536 53.522324070562085 8.425676681651915 98.59527230830709 17.974731127827194 71.64824495429451 98.33185050903816 50.24544222912457 84.94297129755806 97.21822992182744 75.88472022909065 61.28351473496786 1083.749271117611 52.73616487961822 12.620717251045784 20.99951673354768 61.61604754228665 49.424550928074694 21.106541965353742 49.72218361967317 75.0909921156216 13.564477786553105 77.83156654689351 25.915297894056863 7.705753069798861 16.388472769428375
55.94750616649077 81.63188135809183 97.22168111361768 21.576962533685244 14.510826737617176 45.87878426182712 9.375063341870549 97.5334845961751 54.01370024252372 99.05857551713754 13.496195648618984 75.8127389964641 89.71445709018919 36.9485698474852 84.02019998912549 45.50986971577807 58.93199228392 94.04691596961862 89.61589943764167 4.434962991013511 1.5468648448495261 65.02139392130586 77.54006814135342 78.5825645982719 7.300867363154805 18.713863442355372 53.400552972291464 62.060763353831284 34.816822186371574 89.93734847583633 55.054927420815766 46.75038894446569 29.93140840355321 85.25695568929272 11.04406147345765 58.84526419429148 72.93508440388977 64.96480113947828 28.683677979856974 22.812369081970562 20.571620882579737 87.77781900268467 17.707698021229767 24.517642593507883 5.17936458281629 24.32839319665477 52.27828990742893 82.86251331470929 41.37774711143727 78.65950775092988 65.52722427983696 65.97794144062983 88.2776026043319 95.38629245343502 56.7227782582982 9.010866863283676 59.11112183136072 57.51966959996921 67.49810576005581 43.36465142196682 77.12904744758366 52.962350207622904 31.2975846609732 29.924760964426707 3.331735549424351 23.329897422969598 53.092320822356044 64.76972990185209 52.737081945638494 96.13800894882974 95.69860450537622 2.094133253827828 92.59957452194493 93.8769342940157 38.50337688003539 19.209620293310646 21.44426344624767 88.41386486628015 58.22270354269254 23.257560599014212 94.70920786204127 13.610130927573195 17.04730463918405 74.30864860776258 65.83107318625213 34.198093461943394 89.75441818271229 1019.5222066745002 60.33198583669219 13.694247167476252 69.49927519486128 21.459968755707173 46.56596378037356 79.69167672665426 58.19120113589489 61.3367973664404 86.55589744564833 44.44062909398559 68.78085625800085 40.11296374237297
47.08073136763032 53.223439244501044 9.086712026653663 49.170276918401775 32.17420014285544 46.9971992327876 43.44630626661876 7.877178164539114 21.590295052632296 35.618828047941534 56.898503235542044 41.93097107166255 70.69644885135276 95.316563833798 25.465058339480038 68.98492780917906 12.072814853310582 52.63285239366911 46.10439573145808 27.38319854397229 25.15069536533408 43.53628703971465 82.83005716334047 27.21894583549618 40.94346031319376 99.77432918549833 79.49634351177009 60.25326192173786 66.18697870728415 80.4853784746894 7.7515162895379515 12.53567541387553 71.85985622902044 33.11934620674966 77.6452023534614 65.13830025790823 42.07530759893445 17.048370685030683 97.18202028212794 18.804911103602695 1.495961742452608 88.51947653106774 91.33078681247285 29.545195693215117 29.09960522163864 55.38577511648677 80.04745848080081 9.257719250327723 74.54912871618649 43.28444265003673 49.05971015091622 88.34924241774263 23.688585213714422 49.09154275903776 63.642515364533175 45.84422907742655 13.799005008380401 56.07126632103231 44.913370204397935 21.263720505659414 25.453642952508886 1.0809727141461676 92.8535513217188 18.26959767626521 2.645289872713179 26.588106061368947 23.072752521137758 64.27545863601284 66.06586732519663 4.556068013588589 87.81429751578354 90.47387249057623 88.50657150576808 69.67978755065559 52.08001186215664 19.813276057252942 11.300922882657648 88.6732926332264 31.13168118472626 53.539499480476856 16.449572891268385 15.404460528850663 20.483380575703546 79.03312889128595 31.383534890988663 94.59718996951847 81.8966292369586 26.93182106231087 1010.4503794887372 99.95889405340918 90.93793899986878 12.020690150717831 6.683917542391841 67.36191071033168 29.613273750248457 85.54993343210458 59.96720135726312 68.49342391150948 39.53959245314646 17.189997040533683
93.58611408063128 60.73948762711699 92.72668798732526 22.211793088113694 69.41656708772645 99.43172850042585 12.58953563623133 47.41027383106561 98.24938992422265 30.993168801437925 59.420410193402134 46.182188693032465 4.877240718664915 5.3327155329243086 68.67736374500879 18.951467570674733 1.7975300815378663 44.49117855916266 86.26548244189466 77.92554541995811 16.7104477187694 41.81525425715638 36.47009215594423 94.29202166413347 6.843882334065783 62.75425800483977 42.70280247562774 48.35889536458439 20.98467817931487 37.397961519049154 80.48014013544334 21.290137634056812 46.29544406117493 60.93247286465216 58.03354681451477 31.01829873260973 99.96401098308709 53.560635599332365 84.37254740671553 40.71639162168585 13.869403165137882 84.3942968571659 51.874086801381964 12.268806271818473 57.563020640527625 54.22860917135256 54.84077318430174 39.7593220830769 7.87166224390432 29.08680239515624 49.69590252041019 92.42146233334226 24.761381601448537 50.691692810996976 33.92876145223446 49.747406439614075 26.405369468278433 53.2397738859247 22.31362457348794 51.870947242363 72.39923018433964 40.28816992919352 8.296039919978135 14.626728207841678 11.570586937281396 14.69263561891579 49.78385818445054 74.31250875672674 79.31119340138153 49.886550884449946 30.040905265856406 49.801201599097006 73.18303640330986 84.6647843194956 79.33861878498553 52.83195913679743 92.3819518162823 49.74735512983624 77.4350813698113 88.02311476618762 49.098347879673526 52.5508130591823 70.62910342989218 13.886947393417863 33.050392694056775 35.33814822491121 21.745468446637357 94.47884733125959 38.33720752906765 1057.1085509846016 18.243519854666534 85.28774139678089 88.46658104987826 40.952600265354036 6.8388249929521825 8.43625389581113 79.91890664360973 54.8299214292249 6.272636176363239 40.55062470306834
37.500735498470796 99.06897406889127 87.65610340243191 30.641696831881667 95.00537068671818 53.42166154624164 7.1926093714159975 43.544717326973895 14.542329761259392 62.35151451035863 27.587234760412674 99.65655325393985 46.792900885795 14.232656801350544 97.92803752263931 80.61579529240922 37.97293236760263 89.39014246227165 8.996721230396899 42.68138761893175 75.40157044976563 7.885396075852231 94.8364002711371 7.916864954272642 2.452701986974917 96.13505108176325 4.302755999519944 79.12763118338005 93.35588382933744 27.770933736886974 31.22284425056129 20.316953191588446 79.8480739370653 42.84310122284088 16.668814125446143 18.753798773199332 4.487571443416202 65.36910976184025 85.15505683387788 45.88148026602887 21.157398415818527 30.933288536311956 57.8904813941285 72.38082129977622 58.77554178928098 31.843501626461137 82.46962991331577 20.7372098204439 17.499212588143283 29.48715155300011 55.298809883584404 81.16771468532097 23.741748571974252 35.599359565891625 45.54751767981903 98.42800411218619 41.99950054469683 24.04021908757766 30.462314779538993 90.22260676397485 60.5457280125917 82.18915199357514 47.29826786189546 13.391378761778626 71.20090124017905 72.10045066263194 17.061217041275267 82.98885420282527 20.39202733092581 34.69967208532632 6.488690849239599 86.98019610723905 3.9416361432901894 34.970588187218006 54.36273763563813 35.57788268647554 74.45277948614171 96.81528075044686 59.246723483650655 64.24134891221948 16.702587843150162 24.66220085638397 20.759357367996405 13.840666600749904 91.2592039826733 34.44388575033994 14.826166758386037 95.22618805301538 75.6245684444041 66.52544979669659 1049.6860166339404 18.809405749763545 62.26247109358408 41.83334717494749 9.865404298989843 89.14299928441167 44.75699988616373 81.34734189119376 5.949819538357386 29.298614099038588
15.39004450935377 13.479811392710001 58.01341396534997 63.567619904388245 31.00009331064075 76.36493712598028 71.17069132407768 9.774589102252369 19.279582071029186 62.82535674846102 79.72665997517585 76.03725465192286 64.89576867690727 19.13966907585292 55.78191271291572 14.022173398872745 50.286860419069654 56.79000724164 44.2510387586486 40.37569234748091 81.04899664567645 51.92265881311261 77.00081300874334 14.574737755244419 18.42621684051294 42.13149568541173 87.90269084650683 27.857413099599277 93.07378461775738 88.68955795048562 95.27476924149703 65.09600493038009 97.71155260497771 1.278339630931622 29.120817997986517 70.7966690704672 31.572754589946992 67.77634598954869 44.17937156151437 20.738390615201315 39.33689839688602 22.37871472402013 4.171300677676832 28.696992426177957 90.32893764920703 45.59239632265371 47.085659922978515 86.02721259571183 12.653375825141769 10.678193651738297 81.9502676728649 50.63665804153836 85.70117493986758 36.64261453736514 51.57083096988298 38.67221531648594 56.233492006971 91.03747598012528 87.76244711148387 63.72818743468206 65.58386837807895 72.62872628324014 89.5467988022052 96.19810935904856 17.549307645790076 34.98719985798916 37.47985800045703 9.639460701442044 4.845140378693539 96.03205476448946 62.51703478788773 44.963044784826494 84.12120360625914 38.59032464740446 78.21565220797729 42.2329776629606 96.34533352297221 28.02449270653139 18.303984089898428 26.398980229136953 38.21313585228563 26.13190514078971 84.17903335730983 65.53668651284148 34.6534031690106 63.6311081451731 10.97234952119884 83.51684701236702 18.16296692765256 79.15249985224197 15.203421350452743 1025.380638238827 88.73724954637045 84.88553845869393 61.10032193230166 74.94634940776837 36.44833152679535 6.159883133694025 4.6748028179511145 37.3088180773223
70.38881526149815 62.49552294754731 35.64915309199348 44.18227620040965 81.54582019465755 89.52231586630475 72.41617506206 39.34442534466696 29.188477988163363 31.870597188052393 51.488139873594626 60.405552879913856 15.102259651105815 34.56234343912985 85.03906278466722 19.181757812972485 64.62792053404482 82.52351178211866 79.12513849845642 13.222934330035985 85.04068869451663 78.92963009511023 14.728594474271294 45.653141721419736 23.41294978401125 68.53059282559435 46.34997186649728 29.81569823516117 91.75399954184836 52.33578178952325 52.04831253465753 61.536954907482134 95.10184195054855 90.86044763831906 75.1665089306713 12.781040297021542 5.07676105168271 24.98477241745261 3.8987362464599586 68.65086247443534 97.82205537687221 76.14455463256198 48.50497160970334 37.97491951905519 46.7082829289629 18.94516330376525 77.08944274218325 92.45096012257488 8.050688158291889 55.263977070489275 27.35540704473159 14.82065176754016 3.147048584594644 2.670992984043636 99.63901782940918 48.03314186874721 13.094974220350142 78.51249602259341 45.306133569753534 18.817427116471677 66.16048279770418 87.34802150519675 84.6530680638785 45.0265606791816 23.366802620036594 29.18727238332386 77.13445788790493 54.22377109781438 39.24733671247573 63.14411952736917 52.085042317664325 43.01612774970812 64.5082735958293 10.344208621976879 91.2825371545153 1.1456124644167645 16.862897699300063 81.10200737667476 6.62818000261805 54.35086383973561 79.21444548044894 89.00234470917306 49.50893618969434 26.117767335040718 52.21077759356528 31.91859126575026 15.798882287222595 7.7318362551368525 57.45717660713292 1.2163474975947026 91.13229909399325 44.77351731620087 1034.5416067247975 22.24051654638817 11.422116284962424 58.83851574210942 31.294126519651684 82.39052572000037 7.638327802612131 62.60851480546369
84.75922351720273 62.15058675051974 42.65365478817365 30.60140919992562 33.234299340689496 49.53507225288862 7.804432348462407 47.127290357147025 21.385419248829056 62.16117357972833 31.756351925339324 39.60210215245483 78.57186529078895 72.47669200727866 79.70068731502508 16.24524829785635 39.80960767288773 3.9541846920765003 71.53139884214762 44.12108056232949 28.129760273374526 44.421518105480644 14.33650706834098 54.89599826071302 92.03321758621365 54.063799965764815 18.862545752627383 87.78835006482444 33.277056379249686 24.681004735515934 88.62822365696776 52.243181937206366 21.04112332429302 63.04274888222344 75.67336470195183 71.98526096416374 60.24122608160366 13.131621718234987 1.6174237822848114 94.52037743837124 3.912478505199428 48.351898617943746 21.181135342438697 47.98129501124619 25.838805120157634 17.325572536088746 42.345936091488284 10.936350701908175 61.01368532984029 81.73519739119497 2.91743558653398 66.08280024862502 45.75600405543553 97.3424615657129 18.20313086667273 31.57727964611957 65.92795123532755 79.40359020216295 29.240280890728453 38.77770503732834 80.21713063803138 22.6972587457027 26.76715177030202 83.28076792579691 25.0135480967483 84.66148071435624 91.21274893004487 40.70211063627511 13.999199725072023 27.926546820160375 46.042549873081825 39.48277686080392 38.330618356760134 96.54382879266808 31.137475856260647 46.545361097237624 38.48257307759474 45.256663652872454 12.136089427885858 55.83421939097586 93.18805641833161 5.1326306161915625 61.0621042555822 24.035641194570847 34.59746633814307 35.66924620431011 25.269409627446827 20.500127349382204 14.67763656308643 30.10558579809094 68.498233623543 36.792143506765846 40.08506878252302 1024.107760706724 6.776607967385828 90.83363748111374 94.98737861772476 51.686750855865945 78.97411796203623 85.9613306743905
46.21558549850092 67.25223696916137 8.96495482570666 39.42854779895487 97.59567207887838 99.96283622843657 14.368539732205342 68.32848237383352 60.516846292935185 96.98474658145395 91.50607318324468 47.86883936650561 6.8438035098528935 14.682289635822508 46.12951607049429 27.843620207361408 59.46205090334177 87.142880911799 13.156370398526702 21.12254443286514 26.915246076125985 88.46726878191436 88.0430970199716 60.929714726805194 70.09006270376123 66.98888147251036 4.134182467848114 57.80735097594436 17.62230479588524 55.49648306415684 36.1170066325902 43.155897282077866 26.431260706003584 78.27899572829782 89.89027059440654 36.700262119531075 36.020076406961806 62.64373308035703 2.100122202956654 11.688401287766338 98.43096726644589 47.06352378537675 27.762103724258935 12.943048963123388 13.09448491596875 45.01355002142338 98.82925695834636 12.4780295485718 96.18898996930496 46.68630515637832 55.87217079455262 43.07367336367437 89.82040841979467 85.92653199528328 28.1121476772116 72.23125326831939 75.4834143100649 29.953226537547533 52.49466538136292 39.4523076301675 40.67537638047643 38.225405809024416 69.42653421587454 82.25777468333648 65.0084541886362 68.13100880440899 36.054963044807074 31.24118106649702 21.10413091144902 86.98385276097804 69.17089642553454 49.773231690775766 81.60276221420077 15.488580722439552 52.22164814322339 78.86018709966052 45.84302456556837 41.51095038724735 68.18971693563901 71.65710246538058 88.23539604989456 37.61265193844314 94.82023852123785 56.930903910092724 2.675969392930222 68.24062588223708 47.99170365593911 21.26761645830572 51.4076887149782 56.497591257469054 66.20331880179002 99.80771861613451 94.2858049111798 95.6043160261568 1053.0298785128973 52.330785061607294 57.7264831018747 85.3095731600286 19.212177331372494 20.75597919039633
72.58258150750558 51.436284150228516 64.342712831744 65.63846443655304 82.1337759612937 49.8194910946474 42.08174825535877 60.231679636525136 89.58744675839505 58.226394214387 71.84633639101159 72.37792943627699 36.791145431980894 38.09116507835902 97.37251649056405 51.92697322097098 90.13810100502795 84.09674109071585 42.05441271620461 95.1616820747243 29.674228482560945 77.50124816635828 79.1696061612082 91.85356295591683 12.13341855788883 94.47533220101396 21.689911705079908 64.94530400944191 95.9025024161007 63.18055698294601 63.27692416686673 95.33181985851657 5.41753278057503 17.111128386527405 92.08147058516427 22.407138594384463 34.251398613122696 36.990300540038376 66.64138761318208 39.58289669215226 29.765329195911875 33.67243011333686 66.24578250812787 42.31489061517214 75.17644322592754 36.22198806835151 50.70944398331554 34.224118033361435 76.43110538835059 70.37449837701473 73.2294956033926 87.17624077353842 13.302749019044109 69.88814459254965 20.557980506946432 76.90681734620806 20.869729102727725 15.449444982578385 62.03595264696054 60.53578519295473 61.11114545455729 75.53271858133189 67.86959479094295 44.21661360864696 95.47501991704799 94.76742490477014 65.09172168654764 44.38047776065077 31.583416196245654 3.756431611864571 34.43875434162708 99.43585299503293 8.120056984810743 46.97883273094285 94.52363124991784 88.51611264725432 96.33665711889063 34.430553917662955 88.31467673938329 94.3727256722083 23.43728834653369 48.808828355520106 86.54873140216145 39.47155479491842 49.310388364830835 23.050165878121188 45.20249950156978 2.549050121384259 9.843065863808373 70.5478224311039 99.15361163006875 78.4227355133341 92.18105847029501 30.30321976181879 69.01727785269198 1002.3225622644632 88.20909971818163 53.58696034344883 45.52997188218981 50.54478343224295
88.4194643280898 17.248052234599804 30.50653183998442 23.0652073725046 5.799829789387924 83.19357528877676 37.81600019391719 85.9336693333651 81.30498365040064 77.15131971580004 71.81527156864178 76.8767999865553 79.3718587414818 30.331635630370656 83.61803505210823 82.3234676850819 59.07741082593765 35.04228758126907 76.07084633113624 59.84258986664711 53.706623823753446 87.94718689628807 49.67522038911308 35.6938786569243 70.10092610079089 80.93164325120048 5.974536295663583 68.16377568462009 33.652965291045184 18.617929777979423 19.6709846657843 44.46950722759567 37.20883228891279 48.38802291969959 32.161585329968645 74.35737611286386 71.2821221849361 85.10935349112931 28.81426295768463 5.056698433089718 80.24422858487031 80.10034227890966 86.24248946898784 54.78367724136031 55.255289032040466 1.6381658585639571 53.72468507767942 18.819161815601905 10.229112513477817 67.47649950423553 55.217525937974415 80.10448036357958 22.506777632815222 81.3650647821318 16.685514491400184 66.1581547520574 72.1925555878912 14.1106590217325 76.77021246792962 95.57004515516132 8.887361343840793 24.4457062735405 40.1864438670891 19.81273104957482 88.00177478460695 35.58192805654629 26.97657339534842 52.143941281723954 55.920252305954854 34.24294151434763 19.86195565269502 86.45151502742408 46.915918398768326 98.98384968212068 50.126386326768014 77.93488543532025 78.65882432498185 84.90472692138877 44.61142294561438 78.64662662923257 27.28748404966049 44.9739912435956 37.47009010210959 23.444262029348536 57.02694125218075 19.696816371611018 37.222890416262764 85.71834903911765 54.28874097690235 41.4923110107445 53.857600525139894 70.84353014467187 12.249290075609304 92.65695739960374 75.70605637938085 3.062008818010925 1089.7178957995166 54.554224604777296 83.44246261077339 47.39015542848963
54.92521774177032 64.44857977438681 91.94588482801691 65.30739836747578 86.65549911631062 71.66068398129666 66.43758960335478 16.99110190341828 4.162610126592579 91.14545415845357 57.452252045029866 67.671051129263 40.7119003180361 14.746727497269571 50.02651024467547 41.80537146252724 21.614700488471385 73.4085286093579 42.21802370172728 80.74578939469683 55.315741227764306 28.330414312446397 78.87916455315364 55.680946416384906 61.225698439013875 89.7124391155605 59.74242854311827 50.75331013131183 29.94607254536432 49.92042866708005 62.94320023508581 53.80730339683756 79.69373203070192 4.121068143780832 14.610041017837265 35.83306229239423 89.0509789619854 78.74592005489616 2.7353836198863806 47.64752400498079 24.99076856918882 62.958773942724456 40.849657946150415 87.50141457887766 81.2286202312527 57.53396994950821 92.8882415449367 39.4516363040826 3.6117253972703853 86.02352408951852 18.660710233709615 16.745045375093 35.49275579753343 59.03351496706846 97.29182911247273 75.29426707956583 22.791680084669864 72.48529682750717 94.48503684624636 30.98050502424198 81.3678782441603 4.06138643619151 70.37178114387865 96.15122508952489 55.445613699330195 41.93120072904833 78.06436587233466 97.29002568191272 95.85122511902198 56.64186123642555 6.455988111933778 34.961625266806145 38.71830611384849 69.71352674183314 91.56781964894147 20.88188029221762 6.2467689097451515 26.316297585110078 16.35773147459719 55.91338944570494 41.91934018634533 23.310093719934173 63.113220208323106 53.614378543635326 96.25099620700033 75.1680493763732 13.096351276577519 82.64157403972136 43.260194541207554 61.15807361443637 11.878421817822215 21.707191858739105 97.76724371963466 45.905511541244124 21.684182640840007 62.662845156553026 54.17735274526952 1017.1202790347089 84.75076925586524 99.03942418524137
18.866418995393847 2.3222702312626464 1.1142991184221347 43.367631850156684 66.50812289706522 90.93662902233673 21.786923117662628 20.81778946184775 72.01457091599076 24.43821989874486 93.47420856248196 72.91474790200722 85.42384598382158 68.30767550720469 78.03387106428333 83.08874275185727 71.6644988185083 47.15442149072923 90.45436024892263 48.867661529858864 96.35068839053518 98.65889132487631 29.599643767487354 86.19261060729666 40.96164910662003 31.16017253861566 71.8364017541606 28.671119583986485 44.61089845381772 13.718262585608196 55.64935214450625 36.00696259301796 19.62999869087865 44.14972449886527 27.034743365946873 16.794519574874045 72.63415668490676 86.99823984727861 67.35713668244865 65.06400151654917 41.89527794115178 13.03406839896353 76.12907276769755 76.6739467478364 15.398468362236068 98.92464007724924 84.61979942126993 69.07089803685719 15.080674187835088 95.9240422216275 86.93592604588504 95.48924132977069 28.93930365834266 31.43466097577758 30.98425682671624 34.73015557973475 23.131851717452605 11.799796661761965 96.62254141290782 21.715860063694507 14.252530529754743 30.055182302354808 80.29830913520492 1.3994439766482536 62.87612708264019 10.284932269817494 61.71246262550163 64.14612652999895 6.778782975069426 2.352118716174604 60.813868148074135 61.01299451901653 80.51485281181196 6.161268595781173 34.9768720337985 68.35001817342899 57.68309475470994 76.53876677195453 64.63102288932973 60.168847394627456 93.03815138631781 73.779747560103 11.394114222418054 20.572814795763442 3.951113984481313 68.37954204441263 15.385848604540541 70.79212708695272 93.28513604315408 5.366694377975122 40.30135755896531 46.590791497013555 19.164907333814963 29.810126511135103 53.99579113925085 82.27683546317357 4.455993071203578 54.805036879483346 1005.5274674119083 48.50427913860557
33.40706783226251 97.54822369167803 24.34985452326205 25.54588166777223 41.333472944985736 48.38893735802805 36.92980552032888 42.44754577042722 64.41449308507384 43.68120696867657 25.702669198274126 9.656591064893844 88.58466377241058 1.8232232164268294 82.00777332307577 40.340078348869326 97.40000951660215 6.516471011632919 26.98910309020232 62.535445400845 79.1371246226704 11.28545254012376 77.32455736081474 53.63266643632112 66.0115658303773 68.06265294098516 14.659003553371521 22.73187810461557 71.48852121941994 60.55485967023296 42.831744201398095 39.18049563398385 29.004017371250576 28.625442033681022 80.66802629702974 32.01996158944479 40.719956611749204 98.93696547787681 53.95842314621218 42.426696470192084 60.731473500134534 2.4556050905297764 59.50653114881055 48.98486132616978 47.896889461675904 35.323873702407404 4.330110920407067 75.33523928626234 50.989176149596226 85.92870382889099 36.81419868766762 51.32644792038218 54.46772614553181 27.86553484944093 92.69289788776254 72.35866042347851 84.99459959203436 54.01859407783002 91.197231631827 14.791231121998985 63.7610817244074 45.4532463450367 54.77167914804206 58.78605566006592 19.82737972790592 15.321405038694092 8.0059530526365 74.68765835394345 32.918755104619365 11.368839881119383 2.1105826830042194 78.15199631864269 28.358062108097283 85.63809811869439 37.21550682123851 4.920093773233825 77.56144978881903 51.53914199463954 28.558378152597367 35.194280433925584 53.983322758790656 10.519647285442916 41.748902249461075 36.701807260665596 59.436101715736854 78.34890447738515 86.38870603682459 11.845997955090969 63.953162572928285 61.234321127849896 40.430543692410275 59.863546133569024 54.36295240091244 48.28374009990955 22.50950205503159 59.6736961152212 81.5082423467972 79.35847410099139 62.18895568775428 1099.0827570285962
