Matrix L:
1023.126357708722 0.0 0.0 0.0 0.0 0.0 0.0 0.0 0.0 0.0 0.0 0.0 0.0 0.0 0.0 0.0 0.0 0.0 0.0 0.0 0.0 0.0 0.0 0.0 0.0 0.0 0.0 0.0 0.0 0.0 0.0 0.0 0.0 0.0 0.0 0.0 0.0 0.0 0.0 0.0 0.0 0.0 0.0 0.0 0.0 0.0 0.0 0.0 0.0 0.0 0.0 0.0 0.0 0.0 0.0 0.0 0.0 0.0 0.0 0.0 0.0 0.0 0.0 0.0 0.0 0.0 0.0 0.0 0.0 0.0 0.0 0.0 0.0 0.0 0.0 0.0 0.0 0.0 0.0 0.0 0.0 0.0 0.0 0.0 0.0 0.0 0.0 0.0 0.0 0.0 0.0 0.0 0.0 0.0 0.0 0.0 0.0 0.0 0.0 0.0
13.47447016916348 1012.720449169807 0.0 0.0 0.0 0.0 0.0 0.0 0.0 0.0 0.0 0.0 0.0 0.0 0.0 0.0 0.0 0.0 0.0 0.0 0.0 0.0 0.0 0.0 0.0 0.0 0.0 0.0 0.0 0.0 0.0 0.0 0.0 0.0 0.0 0.0 0.0 0.0 0.0 0.0 0.0 0.0 0.0 0.0 0.0 0.0 0.0 0.0 0.0 0.0 0.0 0.0 0.0 0.0 0.0 0.0 0.0 0.0 0.0 0.0 0.0 0.0 0.0 0.0 0.0 0.0 0.0 0.0 0.0 0.0 0.0 0.0 0.0 0.0 0.0 0.0 0.0 0.0 0.0 0.0 0.0 0.0 0.0 0.0 0.0 0.0 0.0 0.0 0.0 0.0 0.0 0.0 0.0 0.0 0.0 0.0 0.0 0.0 0.0 0.0
12.471743175839768 42.265866925533096 1023.8151738828665 0.0 0.0 0.0 0.0 0.0 0.0 0.0 0.0 0.0 0.0 0.0 0.0 0.0 0.0 0.0 0.0 0.0 0.0 0.0 0.0 0.0 0.0 0.0 0.0 0.0 0.0 0.0 0.0 0.0 0.0 0.0 0.0 0.0 0.0 0.0 0.0 0.0 0.0 0.0 0.0 0.0 0.0 0.0 0.0 0.0 0.0 0.0 0.0 0.0 0.0 0.0 0.0 0.0 0.0 0.0 0.0 0.0 0.0 0.0 0.0 0.0 0.0 0.0 0.0 0.0 0.0 0.0 0.0 0.0 0.0 0.0 0.0 0.0 0.0 0.0 0.0 0.0 0.0 0.0 0.0 0.0 0.0 0.0 0.0 0.0 0.0 0.0 0.0 0.0 0.0 0.0 0.0 0.0 0.0 0.0 0.0 0.0
79.44673124210536 65.68940048366437 27.94389739654732 1060.1796256890445 0.0 0.0 0.0 0.0 0.0 0.0 0.0 0.0 0.0 0.0 0.0 0.0 0.0 0.0 0.0 0.0 0.0 0.0 0.0 0.0 0.0 0.0 0.0 0.0 0.0 0.0 0.0 0.0 0.0 0.0 0.0 0.0 0.0 0.0 0.0 0.0 0.0 0.0 0.0 0.0 0.0 0.0 0.0 0.0 0.0 0.0 0.0 0.0 0.0 0.0 0.0 0.0 0.0 0.0 0.0 0.0 0.0 0.0 0.0 0.0 0.0 0.0 0.0 0.0 0.0 0.0 0.0 0.0 0.0 0.0 0.0 0.0 0.0 0.0 0.0 0.0 0.0 0.0 0.0 0.0 0.0 0.0 0.0 0.0 0.0 0.0 0.0 0.0 0.0 0.0 0.0 0.0 0.0 0.0 0.0 0.0
1.6795898083764946 33.68920918709238 85.29868822777794 57.87756586587622 1082.8785062636498 0.0 0.0 0.0 0.0 0.0 0.0 0.0 0.0 0.0 0.0 0.0 0.0 0.0 0.0 0.0 0.0 0.0 0.0 0.0 0.0 0.0 0.0 0.0 0.0 0.0 0.0 0.0 0.0 0.0 0.0 0.0 0.0 0.0 0.0 0.0 0.0 0.0 0.0 0.0 0.0 0.0 0.0 0.0 0.0 0.0 0.0 0.0 0.0 0.0 0.0 0.0 0.0 0.0 0.0 0.0 0.0 0.0 0.0 0.0 0.0 0.0 0.0 0.0 0.0 0.0 0.0 0.0 0.0 0.0 0.0 0.0 0.0 0.0 0.0 0.0 0.0 0.0 0.0 0.0 0.0 0.0 0.0 0.0 0.0 0.0 0.0 0.0 0.0 0.0 0.0 0.0 0.0 0.0 0.0 0.0
91.3987634356466 17.26843736525834 47.55034111560761 46.12757912568251 83.02480695301057 1061.6166141438516 0.0 0.0 0.0 0.0 0.0 0.0 0.0 0.0 0.0 0.0 0.0 0.0 0.0 0.0 0.0 0.0 0.0 0.0 0.0 0.0 0.0 0.0 0.0 0.0 0.0 0.0 0.0 0.0 0.0 0.0 0.0 0.0 0.0 0.0 0.0 0.0 0.0 0.0 0.0 0.0 0.0 0.0 0.0 0.0 0.0 0.0 0.0 0.0 0.0 0.0 0.0 0.0 0.0 0.0 0.0 0.0 0.0 0.0 0.0 0.0 0.0 0.0 0.0 0.0 0.0 0.0 0.0 0.0 0.0 0.0 0.0 0.0 0.0 0.0 0.0 0.0 0.0 0.0 0.0 0.0 0.0 0.0 0.0 0.0 0.0 0.0 0.0 0.0 0.0 0.0 0.0 0.0 0.0 0.0
99.26332268431491 15.866934362885846 10.15269699282275 60.31481492547877 50.080902779595505 12.285075606854557 1032.8768692248389 0.0 0.0 0.0 0.0 0.0 0.0 0.0 0.0 0.0 0.0 0.0 0.0 0.0 0.0 0.0 0.0 0.0 0.0 0.0 0.0 0.0 0.0 0.0 0.0 0.0 0.0 0.0 0.0 0.0 0.0 0.0 0.0 0.0 0.0 0.0 0.0 0.0 0.0 0.0 0.0 0.0 0.0 0.0 0.0 0.0 0.0 0.0 0.0 0.0 0.0 0.0 0.0 0.0 0.0 0.0 0.0 0.0 0.0 0.0 0.0 0.0 0.0 0.0 0.0 0.0 0.0 0.0 0.0 0.0 0.0 0.0 0.0 0.0 0.0 0.0 0.0 0.0 0.0 0.0 0.0 0.0 0.0 0.0 0.0 0.0 0.0 0.0 0.0 0.0 0.0 0.0 0.0 0.0
89.12815235206965 18.645140093023254 58.372307892135574 87.69193574606437 51.14946980668739 1.331036040145598 57.97213342122404 1009.3386815824107 0.0 0.0 0.0 0.0 0.0 0.0 0.0 0.0 0.0 0.0 0.0 0.0 0.0 0.0 0.0 0.0 0.0 0.0 0.0 0.0 0.0 0.0 0.0 0.0 0.0 0.0 0.0 0.0 0.0 0.0 0.0 0.0 0.0 0.0 0.0 0.0 0.0 0.0 0.0 0.0 0.0 0.0 0.0 0.0 0.0 0.0 0.0 0.0 0.0 0.0 0.0 0.0 0.0 0.0 0.0 0.0 0.0 0.0 0.0 0.0 0.0 0.0 0.0 0.0 0.0 0.0 0.0 0.0 0.0 0.0 0.0 0.0 0.0 0.0 0.0 0.0 0.0 0.0 0.0 0.0 0.0 0.0 0.0 0.0 0.0 0.0 0.0 0.0 0.0 0.0 0.0 0.0
8.973610145706964 84.02519926226886 83.3743583740671 50.88969958789014 44.14493406150628 45.298800337742975 -5.739427107539541 -13.842340786763968 1083.1856456639769 0.0 0.0 0.0 0.0 0.0 0.0 0.0 0.0 0.0 0.0 0.0 0.0 0.0 0.0 0.0 0.0 0.0 0.0 0.0 0.0 0.0 0.0 0.0 0.0 0.0 0.0 0.0 0.0 0.0 0.0 0.0 0.0 0.0 0.0 0.0 0.0 0.0 0.0 0.0 0.0 0.0 0.0 0.0 0.0 0.0 0.0 0.0 0.0 0.0 0.0 0.0 0.0 0.0 0.0 0.0 0.0 0.0 0.0 0.0 0.0 0.0 0.0 0.0 0.0 0.0 0.0 0.0 0.0 0.0 0.0 0.0 0.0 0.0 0.0 0.0 0.0 0.0 0.0 0.0 0.0 0.0 0.0 0.0 0.0 0.0 0.0 0.0 0.0 0.0 0.0 0.0
37.92927520339713 84.02907203494303 56.02864947871471 51.57528217529388 50.632000451136015 58.80083008335929 74.41674217593939 54.597038322262314 62.451995451346065 1028.5641225129193 0.0 0.0 0.0 0.0 0.0 0.0 0.0 0.0 0.0 0.0 0.0 0.0 0.0 0.0 0.0 0.0 0.0 0.0 0.0 0.0 0.0 0.0 0.0 0.0 0.0 0.0 0.0 0.0 0.0 0.0 0.0 0.0 0.0 0.0 0.0 0.0 0.0 0.0 0.0 0.0 0.0 0.0 0.0 0.0 0.0 0.0 0.0 0.0 0.0 0.0 0.0 0.0 0.0 0.0 0.0 0.0 0.0 0.0 0.0 0.0 0.0 0.0 0.0 0.0 0.0 0.0 0.0 0.0 0.0 0.0 0.0 0.0 0.0 0.0 0.0 0.0 0.0 0.0 0.0 0.0 0.0 0.0 0.0 0.0 0.0 0.0 0.0 0.0 0.0 0.0
89.45585231849319 33.259405401044134 57.479479398555355 -0.4544133008430258 55.37817650466857 45.12050649365919 24.97495335483868 9.07746438891219 43.372261858385826 53.77279765722281 1086.0090108164623 0.0 0.0 0.0 0.0 0.0 0.0 0.0 0.0 0.0 0.0 0.0 0.0 0.0 0.0 0.0 0.0 0.0 0.0 0.0 0.0 0.0 0.0 0.0 0.0 0.0 0.0 0.0 0.0 0.0 0.0 0.0 0.0 0.0 0.0 0.0 0.0 0.0 0.0 0.0 0.0 0.0 0.0 0.0 0.0 0.0 0.0 0.0 0.0 0.0 0.0 0.0 0.0 0.0 0.0 0.0 0.0 0.0 0.0 0.0 0.0 0.0 0.0 0.0 0.0 0.0 0.0 0.0 0.0 0.0 0.0 0.0 0.0 0.0 0.0 0.0 0.0 0.0 0.0 0.0 0.0 0.0 0.0 0.0 0.0 0.0 0.0 0.0 0.0 0.0
11.145748892233012 67.56210187992009 88.3116150106303 -4.133012120561828 25.938368058736778 47.20752433215502 4.228806095794164 -4.182212844733513 32.05440152901275 6.057774985974845 11.297943945255463 1021.317795960029 0.0 0.0 0.0 0.0 0.0 0.0 0.0 0.0 0.0 0.0 0.0 0.0 0.0 0.0 0.0 0.0 0.0 0.0 0.0 0.0 0.0 0.0 0.0 0.0 0.0 0.0 0.0 0.0 0.0 0.0 0.0 0.0 0.0 0.0 0.0 0.0 0.0 0.0 0.0 0.0 0.0 0.0 0.0 0.0 0.0 0.0 0.0 0.0 0.0 0.0 0.0 0.0 0.0 0.0 0.0 0.0 0.0 0.0 0.0 0.0 0.0 0.0 0.0 0.0 0.0 0.0 0.0 0.0 0.0 0.0 0.0 0.0 0.0 0.0 0.0 0.0 0.0 0.0 0.0 0.0 0.0 0.0 0.0 0.0 0.0 0.0 0.0 0.0
53.45156101799349 14.401414378357806 13.759062930458345 10.000723143858059 51.52776029737534 78.58891338545837 44.826228132004765 70.63899862546911 -7.021430282867582 73.81685608916786 45.51683944304175 80.23411188640156 987.6887297009041 0.0 0.0 0.0 0.0 0.0 0.0 0.0 0.0 0.0 0.0 0.0 0.0 0.0 0.0 0.0 0.0 0.0 0.0 0.0 0.0 0.0 0.0 0.0 0.0 0.0 0.0 0.0 0.0 0.0 0.0 0.0 0.0 0.0 0.0 0.0 0.0 0.0 0.0 0.0 0.0 0.0 0.0 0.0 0.0 0.0 0.0 0.0 0.0 0.0 0.0 0.0 0.0 0.0 0.0 0.0 0.0 0.0 0.0 0.0 0.0 0.0 0.0 0.0 0.0 0.0 0.0 0.0 0.0 0.0 0.0 0.0 0.0 0.0 0.0 0.0 0.0 0.0 0.0 0.0 0.0 0.0 0.0 0.0 0.0 0.0 0.0 0.0
98.47013924192737 71.51142472978387 51.58363541134007 27.541345104887835 15.147486632836287 53.659324765190405 14.52204267595378 -7.156213995067018 14.54752675623985 43.78489063474754 34.84484588536223 27.16015650409397 -2.348337294001352 988.8247716167274 0.0 0.0 0.0 0.0 0.0 0.0 0.0 0.0 0.0 0.0 0.0 0.0 0.0 0.0 0.0 0.0 0.0 0.0 0.0 0.0 0.0 0.0 0.0 0.0 0.0 0.0 0.0 0.0 0.0 0.0 0.0 0.0 0.0 0.0 0.0 0.0 0.0 0.0 0.0 0.0 0.0 0.0 0.0 0.0 0.0 0.0 0.0 0.0 0.0 0.0 0.0 0.0 0.0 0.0 0.0 0.0 0.0 0.0 0.0 0.0 0.0 0.0 0.0 0.0 0.0 0.0 0.0 0.0 0.0 0.0 0.0 0.0 0.0 0.0 0.0 0.0 0.0 0.0 0.0 0.0 0.0 0.0 0.0 0.0 0.0 0.0
55.39553149967526 53.47760870039224 91.25323890909296 13.81452260745755 14.72395286706021 -8.700024484002775 18.485653234398598 84.4452532104684 75.8039213338804 64.2751077606044 29.554846352942352 78.08735178941197 5.961426530682978 -12.944650822602798 1032.2249443583132 0.0 0.0 0.0 0.0 0.0 0.0 0.0 0.0 0.0 0.0 0.0 0.0 0.0 0.0 0.0 0.0 0.0 0.0 0.0 0.0 0.0 0.0 0.0 0.0 0.0 0.0 0.0 0.0 0.0 0.0 0.0 0.0 0.0 0.0 0.0 0.0 0.0 0.0 0.0 0.0 0.0 0.0 0.0 0.0 0.0 0.0 0.0 0.0 0.0 0.0 0.0 0.0 0.0 0.0 0.0 0.0 0.0 0.0 0.0 0.0 0.0 0.0 0.0 0.0 0.0 0.0 0.0 0.0 0.0 0.0 0.0 0.0 0.0 0.0 0.0 0.0 0.0 0.0 0.0 0.0 0.0 0.0 0.0 0.0 0.0
95.90309089414548 56.4155660333124 85.10479759494334 59.076319678014286 5.50039644501835 7.580075460673083 28.427153282023575 53.078558160971525 43.48612258757106 12.264460007315542 51.27422473602401 14.846252258331205 49.48825113203999 26.76684865012284 -18.522293428858145 1056.843428877507 0.0 0.0 0.0 0.0 0.0 0.0 0.0 0.0 0.0 0.0 0.0 0.0 0.0 0.0 0.0 0.0 0.0 0.0 0.0 0.0 0.0 0.0 0.0 0.0 0.0 0.0 0.0 0.0 0.0 0.0 0.0 0.0 0.0 0.0 0.0 0.0 0.0 0.0 0.0 0.0 0.0 0.0 0.0 0.0 0.0 0.0 0.0 0.0 0.0 0.0 0.0 0.0 0.0 0.0 0.0 0.0 0.0 0.0 0.0 0.0 0.0 0.0 0.0 0.0 0.0 0.0 0.0 0.0 0.0 0.0 0.0 0.0 0.0 0.0 0.0 0.0 0.0 0.0 0.0 0.0 0.0 0.0 0.0 0.0
93.27331749482316 1.9556133867022911 49.70717922973201 2.4091691023891117 36.96589341967912 28.59159805775834 -5.454612789576473 13.045221288924024 17.19553308472115 80.7087222151786 30.796361575524557 71.67860353740173 -5.51048964184864 55.49508277509082 16.254030567398928 69.18416482701429 996.7882989801988 0.0 0.0 0.0 0.0 0.0 0.0 0.0 0.0 0.0 0.0 0.0 0.0 0.0 0.0 0.0 0.0 0.0 0.0 0.0 0.0 0.0 0.0 0.0 0.0 0.0 0.0 0.0 0.0 0.0 0.0 0.0 0.0 0.0 0.0 0.0 0.0 0.0 0.0 0.0 0.0 0.0 0.0 0.0 0.0 0.0 0.0 0.0 0.0 0.0 0.0 0.0 0.0 0.0 0.0 0.0 0.0 0.0 0.0 0.0 0.0 0.0 0.0 0.0 0.0 0.0 0.0 0.0 0.0 0.0 0.0 0.0 0.0 0.0 0.0 0.0 0.0 0.0 0.0 0.0 0.0 0.0 0.0 0.0
93.9980443411763 12.76693955503151 53.477339396927654 -2.4887249009213583 43.56447358868635 37.70626679201351 50.17725314602734 31.267248746578062 55.03399380642217 15.604753870400636 -2.819785587890866 59.2330810865817 37.89206833773261 52.20990467729889 -6.993424156750185 -2.7126041446891556 13.894756181474161 982.3404130854478 0.0 0.0 0.0 0.0 0.0 0.0 0.0 0.0 0.0 0.0 0.0 0.0 0.0 0.0 0.0 0.0 0.0 0.0 0.0 0.0 0.0 0.0 0.0 0.0 0.0 0.0 0.0 0.0 0.0 0.0 0.0 0.0 0.0 0.0 0.0 0.0 0.0 0.0 0.0 0.0 0.0 0.0 0.0 0.0 0.0 0.0 0.0 0.0 0.0 0.0 0.0 0.0 0.0 0.0 0.0 0.0 0.0 0.0 0.0 0.0 0.0 0.0 0.0 0.0 0.0 0.0 0.0 0.0 0.0 0.0 0.0 0.0 0.0 0.0 0.0 0.0 0.0 0.0 0.0 0.0 0.0 0.0
57.35328733715927 51.9400056284301 12.244182586609071 90.79833489083632 -8.283689785947406 66.11342855788234 31.983138306806772 55.42225541576537 -4.589839558784412 63.76960205048749 54.417057299356316 13.13808146524256 67.31564611048398 48.59366777065694 53.416450714970146 71.7460763676732 50.93853835269532 39.09568760204802 1003.964831246889 0.0 0.0 0.0 0.0 0.0 0.0 0.0 0.0 0.0 0.0 0.0 0.0 0.0 0.0 0.0 0.0 0.0 0.0 0.0 0.0 0.0 0.0 0.0 0.0 0.0 0.0 0.0 0.0 0.0 0.0 0.0 0.0 0.0 0.0 0.0 0.0 0.0 0.0 0.0 0.0 0.0 0.0 0.0 0.0 0.0 0.0 0.0 0.0 0.0 0.0 0.0 0.0 0.0 0.0 0.0 0.0 0.0 0.0 0.0 0.0 0.0 0.0 0.0 0.0 0.0 0.0 0.0 0.0 0.0 0.0 0.0 0.0 0.0 0.0 0.0 0.0 0.0 0.0 0.0 0.0 0.0
64.30231077968878 29.611479622118857 45.41400845942336 48.88686215885432 9.086772818399403 54.094119267555755 57.96455591545694 57.18202456147981 26.299735674521685 4.562001550581357 84.02323563476568 40.14926596604019 -3.347209534108053 -11.421946210329853 70.51735806996021 50.80866223719714 74.4797191867074 -15.445548050406604 27.23182050879314 1039.4491948615273 0.0 0.0 0.0 0.0 0.0 0.0 0.0 0.0 0.0 0.0 0.0 0.0 0.0 0.0 0.0 0.0 0.0 0.0 0.0 0.0 0.0 0.0 0.0 0.0 0.0 0.0 0.0 0.0 0.0 0.0 0.0 0.0 0.0 0.0 0.0 0.0 0.0 0.0 0.0 0.0 0.0 0.0 0.0 0.0 0.0 0.0 0.0 0.0 0.0 0.0 0.0 0.0 0.0 0.0 0.0 0.0 0.0 0.0 0.0 0.0 0.0 0.0 0.0 0.0 0.0 0.0 0.0 0.0 0.0 0.0 0.0 0.0 0.0 0.0 0.0 0.0 0.0 0.0 0.0 0.0
48.329592110522256 14.221743750315312 40.96400252149375 49.92817843330485 10.437562321850661 50.21666424068578 45.98899449591228 55.9965976869066 64.58452154785918 53.139135772363275 7.382800490744973 45.54288809066651 6.626728520712778 -4.493098097806005 8.216628510920572 8.818770563622 70.45378947186025 38.41022057136002 -18.884425376435544 52.386051735690415 979.1199245696316 0.0 0.0 0.0 0.0 0.0 0.0 0.0 0.0 0.0 0.0 0.0 0.0 0.0 0.0 0.0 0.0 0.0 0.0 0.0 0.0 0.0 0.0 0.0 0.0 0.0 0.0 0.0 0.0 0.0 0.0 0.0 0.0 0.0 0.0 0.0 0.0 0.0 0.0 0.0 0.0 0.0 0.0 0.0 0.0 0.0 0.0 0.0 0.0 0.0 0.0 0.0 0.0 0.0 0.0 0.0 0.0 0.0 0.0 0.0 0.0 0.0 0.0 0.0 0.0 0.0 0.0 0.0 0.0 0.0 0.0 0.0 0.0 0.0 0.0 0.0 0.0 0.0 0.0 0.0
18.530424783111172 77.41242798390158 2.084415966024024 33.52694713020488 74.73014743257235 70.16330232611112 75.9671558518614 53.51649749695825 36.54580105776874 72.04861207875281 21.6354251633606 -7.574162063770241 73.69442886184086 7.2029479309744815 1.239980094839023 60.43940303002841 21.720041742736996 57.03905332221313 -29.08068351800312 13.97438041748833 -3.7773740225063435 1017.0743682988021 0.0 0.0 0.0 0.0 0.0 0.0 0.0 0.0 0.0 0.0 0.0 0.0 0.0 0.0 0.0 0.0 0.0 0.0 0.0 0.0 0.0 0.0 0.0 0.0 0.0 0.0 0.0 0.0 0.0 0.0 0.0 0.0 0.0 0.0 0.0 0.0 0.0 0.0 0.0 0.0 0.0 0.0 0.0 0.0 0.0 0.0 0.0 0.0 0.0 0.0 0.0 0.0 0.0 0.0 0.0 0.0 0.0 0.0 0.0 0.0 0.0 0.0 0.0 0.0 0.0 0.0 0.0 0.0 0.0 0.0 0.0 0.0 0.0 0.0 0.0 0.0 0.0 0.0
70.97520395466637 55.125700884478796 35.94081482653907 82.56347160418505 3.3398318038465113 65.45193896782904 13.61615867056203 73.02425562590818 55.01886683176444 -7.638906993358905 43.94751774851154 72.78552712374619 33.553832137394856 59.17823892878205 41.61094692871073 72.01274450788475 -15.396390059991129 27.207863114973044 -10.17068492444513 16.468072010061757 -34.056997296882564 48.861289013999205 994.3112561676552 0.0 0.0 0.0 0.0 0.0 0.0 0.0 0.0 0.0 0.0 0.0 0.0 0.0 0.0 0.0 0.0 0.0 0.0 0.0 0.0 0.0 0.0 0.0 0.0 0.0 0.0 0.0 0.0 0.0 0.0 0.0 0.0 0.0 0.0 0.0 0.0 0.0 0.0 0.0 0.0 0.0 0.0 0.0 0.0 0.0 0.0 0.0 0.0 0.0 0.0 0.0 0.0 0.0 0.0 0.0 0.0 0.0 0.0 0.0 0.0 0.0 0.0 0.0 0.0 0.0 0.0 0.0 0.0 0.0 0.0 0.0 0.0 0.0 0.0 0.0 0.0 0.0
45.09193248879155 13.57446724455131 93.93697947686096 48.14678989986945 -10.840740553310015 17.14176732465499 35.62687487982929 62.06182062556269 13.297543677716837 27.672147202733747 18.316817447290454 -11.834103500275635 52.27724208541932 70.5483324360242 26.61459003453155 41.17561599763254 43.80857764406717 19.920966958687018 -2.8625221264455263 43.035305589705516 22.65505082013358 50.898022186898146 26.018595036993386 1012.7571429768287 0.0 0.0 0.0 0.0 0.0 0.0 0.0 0.0 0.0 0.0 0.0 0.0 0.0 0.0 0.0 0.0 0.0 0.0 0.0 0.0 0.0 0.0 0.0 0.0 0.0 0.0 0.0 0.0 0.0 0.0 0.0 0.0 0.0 0.0 0.0 0.0 0.0 0.0 0.0 0.0 0.0 0.0 0.0 0.0 0.0 0.0 0.0 0.0 0.0 0.0 0.0 0.0 0.0 0.0 0.0 0.0 0.0 0.0 0.0 0.0 0.0 0.0 0.0 0.0 0.0 0.0 0.0 0.0 0.0 0.0 0.0 0.0 0.0 0.0 0.0 0.0
60.31552054466065 34.44674332423948 69.02359043548606 15.348878750499793 47.28685922057498 -1.2354470255649606 12.364299717536934 29.398441633639166 53.00019332039874 53.46017295987393 -6.988364996060197 4.530770077799678 29.27555116357273 44.59517563405579 19.2906036957951 -7.298268481814645 10.079915040599307 71.3206258299239 50.84543510023423 39.47852599898219 -6.413970855322656 -0.7135868754968229 29.583722574198447 -10.241732581607614 1057.6397168721883 0.0 0.0 0.0 0.0 0.0 0.0 0.0 0.0 0.0 0.0 0.0 0.0 0.0 0.0 0.0 0.0 0.0 0.0 0.0 0.0 0.0 0.0 0.0 0.0 0.0 0.0 0.0 0.0 0.0 0.0 0.0 0.0 0.0 0.0 0.0 0.0 0.0 0.0 0.0 0.0 0.0 0.0 0.0 0.0 0.0 0.0 0.0 0.0 0.0 0.0 0.0 0.0 0.0 0.0 0.0 0.0 0.0 0.0 0.0 0.0 0.0 0.0 0.0 0.0 0.0 0.0 0.0 0.0 0.0 0.0 0.0 0.0 0.0 0.0 0.0
68.01195966279538 49.227799857484605 10.32523839008361 34.33800288938393 -4.487998965780305 61.73257019065022 49.743032524085336 7.7132568016172804 -6.993018387005918 76.36988426309136 25.067299228382268 40.7518297842885 66.114433475463 -19.478950393645338 2.880479527016476 32.03664644719206 78.85026084447364 70.97632652984431 28.392975830562015 29.535311878711763 18.957327758701123 14.473976354131914 22.48246948387402 23.882357640477963 -8.588423270389715 1056.8169042373684 0.0 0.0 0.0 0.0 0.0 0.0 0.0 0.0 0.0 0.0 0.0 0.0 0.0 0.0 0.0 0.0 0.0 0.0 0.0 0.0 0.0 0.0 0.0 0.0 0.0 0.0 0.0 0.0 0.0 0.0 0.0 0.0 0.0 0.0 0.0 0.0 0.0 0.0 0.0 0.0 0.0 0.0 0.0 0.0 0.0 0.0 0.0 0.0 0.0 0.0 0.0 0.0 0.0 0.0 0.0 0.0 0.0 0.0 0.0 0.0 0.0 0.0 0.0 0.0 0.0 0.0 0.0 0.0 0.0 0.0 0.0 0.0 0.0 0.0
62.617041048055796 84.07392655870922 69.56173755996988 84.01175058098573 61.22245780801068 23.777479347884587 -7.617361679010305 -11.602639506184854 -6.208707384726813 51.457360508862 15.401572510394832 3.508256178978158 -11.765421401422055 80.52146211040764 -12.622613106677555 12.975195673482025 57.690130359786494 -1.8048392500338295 53.28410502881127 70.74829300726671 61.886300758015636 27.16290001054447 38.82831430432254 2.366867862906709 39.44963098746859 -23.211044354985507 1018.478540140237 0.0 0.0 0.0 0.0 0.0 0.0 0.0 0.0 0.0 0.0 0.0 0.0 0.0 0.0 0.0 0.0 0.0 0.0 0.0 0.0 0.0 0.0 0.0 0.0 0.0 0.0 0.0 0.0 0.0 0.0 0.0 0.0 0.0 0.0 0.0 0.0 0.0 0.0 0.0 0.0 0.0 0.0 0.0 0.0 0.0 0.0 0.0 0.0 0.0 0.0 0.0 0.0 0.0 0.0 0.0 0.0 0.0 0.0 0.0 0.0 0.0 0.0 0.0 0.0 0.0 0.0 0.0 0.0 0.0 0.0 0.0 0.0 0.0
56.741388152705724 61.098512853136256 9.815624690349473 60.08248598644133 26.761345444881947 43.087823921127104 69.36983968493048 53.81300811863143 -5.29855895562582 -0.3700787674379882 16.007014824850202 -7.301725372713589 62.45520476766408 -12.101014560885638 67.66324907461177 59.208214128684105 78.01037850106391 -7.480361120163291 0.8009940905320221 10.823979754119364 7.054322168017528 31.616317621032774 9.68126259581037 -22.977456554012207 53.916634538618055 -11.816315892066694 -4.221353834118037 973.8121410888577 0.0 0.0 0.0 0.0 0.0 0.0 0.0 0.0 0.0 0.0 0.0 0.0 0.0 0.0 0.0 0.0 0.0 0.0 0.0 0.0 0.0 0.0 0.0 0.0 0.0 0.0 0.0 0.0 0.0 0.0 0.0 0.0 0.0 0.0 0.0 0.0 0.0 0.0 0.0 0.0 0.0 0.0 0.0 0.0 0.0 0.0 0.0 0.0 0.0 0.0 0.0 0.0 0.0 0.0 0.0 0.0 0.0 0.0 0.0 0.0 0.0 0.0 0.0 0.0 0.0 0.0 0.0 0.0 0.0 0.0 0.0 0.0
36.20205154385086 47.757712697461464 15.619264475045298 45.79794021720232 -1.4914517325433216 -0.6146162828831816 68.67507430778764 46.69216405533845 75.5082445397312 76.26796647984864 -6.303524495358992 5.238577040445918 -11.50686217193412 -12.514085423318011 56.03241824814207 -10.73960606863363 -15.731950586844942 -7.351221189975464 -1.5836585725997203 52.61472374233641 34.50962086465353 0.573360157796337 61.30615375901656 0.572438274253237 0.8826724287593635 11.155774451352741 -8.610078902826906 71.95124104518706 1066.1689364289325 0.0 0.0 0.0 0.0 0.0 0.0 0.0 0.0 0.0 0.0 0.0 0.0 0.0 0.0 0.0 0.0 0.0 0.0 0.0 0.0 0.0 0.0 0.0 0.0 0.0 0.0 0.0 0.0 0.0 0.0 0.0 0.0 0.0 0.0 0.0 0.0 0.0 0.0 0.0 0.0 0.0 0.0 0.0 0.0 0.0 0.0 0.0 0.0 0.0 0.0 0.0 0.0 0.0 0.0 0.0 0.0 0.0 0.0 0.0 0.0 0.0 0.0 0.0 0.0 0.0 0.0 0.0 0.0 0.0 0.0 0.0
18.904874469918163 59.99356061146332 31.769965263747547 61.22042626185364 52.53480140521712 2.9662746319713253 23.390885447709493 53.58771179975936 70.88518966827985 -8.2002485278373 50.98740323904104 1.3480343540644117 39.978888848936535 19.124873571398517 13.051896801639606 72.29281223836134 0.7201601296095035 -10.674684720472271 9.302954902689656 -11.989419281831196 30.57963474686406 -4.825481055975349 68.12483211558398 24.986440663258524 -3.7949871538682736 60.60713497007474 17.247255076622775 -24.19604565124074 25.80022231670044 1045.444782969151 0.0 0.0 0.0 0.0 0.0 0.0 0.0 0.0 0.0 0.0 0.0 0.0 0.0 0.0 0.0 0.0 0.0 0.0 0.0 0.0 0.0 0.0 0.0 0.0 0.0 0.0 0.0 0.0 0.0 0.0 0.0 0.0 0.0 0.0 0.0 0.0 0.0 0.0 0.0 0.0 0.0 0.0 0.0 0.0 0.0 0.0 0.0 0.0 0.0 0.0 0.0 0.0 0.0 0.0 0.0 0.0 0.0 0.0 0.0 0.0 0.0 0.0 0.0 0.0 0.0 0.0 0.0 0.0 0.0 0.0
92.74654397411638 4.424025344612848 58.33891777796031 13.990876587773558 72.99490639368321 66.14142505926962 36.83273793601285 23.13589667907734 39.95234346205312 -5.885039604305025 63.421655850238764 57.6400081019979 64.23156824568905 -8.045562596087128 16.729037044053744 -10.787921326434518 -2.263003728515095 41.36870293919 66.15840503691113 71.8343262243332 47.64895936068992 63.40651931795241 52.42664324825046 -39.68821743156468 62.740993993198614 66.49018608456299 45.11077175647737 40.80702107217571 -4.258110435532828 -31.90746908618167 1061.6081166213369 0.0 0.0 0.0 0.0 0.0 0.0 0.0 0.0 0.0 0.0 0.0 0.0 0.0 0.0 0.0 0.0 0.0 0.0 0.0 0.0 0.0 0.0 0.0 0.0 0.0 0.0 0.0 0.0 0.0 0.0 0.0 0.0 0.0 0.0 0.0 0.0 0.0 0.0 0.0 0.0 0.0 0.0 0.0 0.0 0.0 0.0 0.0 0.0 0.0 0.0 0.0 0.0 0.0 0.0 0.0 0.0 0.0 0.0 0.0 0.0 0.0 0.0 0.0 0.0 0.0 0.0 0.0 0.0 0.0
49.69594147166829 45.89882185566248 56.9801910832456 16.76663947667538 87.4318657105974 83.02597345084884 26.30152289118215 52.009754782721046 49.3506753230365 60.17184109968632 79.97179223401162 38.880708134791895 29.23511072888847 12.306332446807605 63.43345971253018 42.67658979989268 2.9833887003692894 31.612554524375113 -24.380325739062513 18.776219942479496 13.89866722343858 22.37551498338915 62.23549486719024 -9.606959642002757 30.83580956130156 63.02239000765381 -11.200692644881745 56.612074239787376 45.045033186027304 14.864186730795247 -15.179112096749115 974.8286795305752 0.0 0.0 0.0 0.0 0.0 0.0 0.0 0.0 0.0 0.0 0.0 0.0 0.0 0.0 0.0 0.0 0.0 0.0 0.0 0.0 0.0 0.0 0.0 0.0 0.0 0.0 0.0 0.0 0.0 0.0 0.0 0.0 0.0 0.0 0.0 0.0 0.0 0.0 0.0 0.0 0.0 0.0 0.0 0.0 0.0 0.0 0.0 0.0 0.0 0.0 0.0 0.0 0.0 0.0 0.0 0.0 0.0 0.0 0.0 0.0 0.0 0.0 0.0 0.0 0.0 0.0 0.0 0.0
9.333419819777415 87.29009937510811 37.4935095417858 -4.31951961095735 51.57702359239195 64.09593042553068 -0.9183411132322004 37.991708978286866 83.45249766351644 1.7923822104834422 64.71394830920381 -9.759285350999422 -5.300354414471414 69.19305846668448 42.47594777677026 63.49353298893715 38.2303469762474 -12.391195571424085 -24.661405110119777 -17.704636991099726 5.279651438127221 39.49298245273837 1.5252889083298662 9.899125830898276 54.59995777871397 14.348626246718005 14.17748763162577 71.82003317649966 10.22604147045211 9.939884577502035 6.33188191745969 61.12941034098784 1038.451803743727 0.0 0.0 0.0 0.0 0.0 0.0 0.0 0.0 0.0 0.0 0.0 0.0 0.0 0.0 0.0 0.0 0.0 0.0 0.0 0.0 0.0 0.0 0.0 0.0 0.0 0.0 0.0 0.0 0.0 0.0 0.0 0.0 0.0 0.0 0.0 0.0 0.0 0.0 0.0 0.0 0.0 0.0 0.0 0.0 0.0 0.0 0.0 0.0 0.0 0.0 0.0 0.0 0.0 0.0 0.0 0.0 0.0 0.0 0.0 0.0 0.0 0.0 0.0 0.0 0.0 0.0 0.0
1.6206709061996967 35.36772538286226 42.59164634461701 35.369662541143555 51.204358823673275 53.436451658304335 83.43073127477405 -2.4513092582306992 62.58105896830601 53.262376363610215 22.389187888243406 6.236327521015792 57.118389797870364 67.40568400511323 3.5790562985763774 24.55367911200416 22.036535932378317 16.60905046128651 51.63764302514039 -13.209205978754925 1.1384340643380355 56.564192978453335 77.62097741770614 66.67174563761273 -6.4197239400483035 37.1022350217705 4.8174142352863605 -20.958524370737088 39.26250149777543 23.2501326475466 1.1792244604181867 -25.911619290225005 58.955702184727365 1058.1622359766964 0.0 0.0 0.0 0.0 0.0 0.0 0.0 0.0 0.0 0.0 0.0 0.0 0.0 0.0 0.0 0.0 0.0 0.0 0.0 0.0 0.0 0.0 0.0 0.0 0.0 0.0 0.0 0.0 0.0 0.0 0.0 0.0 0.0 0.0 0.0 0.0 0.0 0.0 0.0 0.0 0.0 0.0 0.0 0.0 0.0 0.0 0.0 0.0 0.0 0.0 0.0 0.0 0.0 0.0 0.0 0.0 0.0 0.0 0.0 0.0 0.0 0.0 0.0 0.0 0.0 0.0
97.04439201527737 45.892624874391224 -2.4686388773083507 78.10811766466797 76.90490250671682 41.19096361261878 -1.7996901692225737 -13.404067046822878 0.7623291832571226 12.76871764589659 11.918718462571485 83.83607202270476 65.42324932556386 42.65541942937904 48.20777541189157 54.26601164868761 56.71471682742063 58.98776137801731 38.62320182289424 34.0114798782965 12.101517862908594 22.686704917722352 64.4723622257874 56.480520064118934 3.2353233281233997 23.370797001954866 -5.988700189513423 18.90672343322828 36.219720784967116 48.05479922146987 33.58437335809908 10.825280385757573 18.507224149989135 14.886045756324485 989.3257304184161 0.0 0.0 0.0 0.0 0.0 0.0 0.0 0.0 0.0 0.0 0.0 0.0 0.0 0.0 0.0 0.0 0.0 0.0 0.0 0.0 0.0 0.0 0.0 0.0 0.0 0.0 0.0 0.0 0.0 0.0 0.0 0.0 0.0 0.0 0.0 0.0 0.0 0.0 0.0 0.0 0.0 0.0 0.0 0.0 0.0 0.0 0.0 0.0 0.0 0.0 0.0 0.0 0.0 0.0 0.0 0.0 0.0 0.0 0.0 0.0 0.0 0.0 0.0 0.0 0.0
2.7015419300767114 1.6461495146334129 16.862259554536397 30.078854099593762 17.377726735660005 38.26654234182395 -0.5134370385794385 35.599120745547445 15.424499416983833 82.2601648435692 17.00098032442322 9.298589102905492 -9.252579033580647 19.636991159003806 55.80323019178182 76.44977033573674 77.77280658215741 12.885890811595562 -12.939934321790785 -5.092098601645086 22.371799265113896 33.670733482852846 -4.466191656617832 61.48960321952655 -17.549803823634736 -13.268214914497575 40.37120783007648 28.8431465002671 81.9323954239311 64.62110048552006 21.24571579763389 58.34425974775185 80.29678692619201 62.75136526694159 44.34184919680046 1019.2516508447421 0.0 0.0 0.0 0.0 0.0 0.0 0.0 0.0 0.0 0.0 0.0 0.0 0.0 0.0 0.0 0.0 0.0 0.0 0.0 0.0 0.0 0.0 0.0 0.0 0.0 0.0 0.0 0.0 0.0 0.0 0.0 0.0 0.0 0.0 0.0 0.0 0.0 0.0 0.0 0.0 0.0 0.0 0.0 0.0 0.0 0.0 0.0 0.0 0.0 0.0 0.0 0.0 0.0 0.0 0.0 0.0 0.0 0.0 0.0 0.0 0.0 0.0 0.0 0.0
6.231185238784483 4.794183279924151 24.740701264321878 66.43736220462604 22.115831914076352 84.99425355189443 12.01810483415764 5.496002017227948 39.71691450376219 17.29788836574012 0.23098855940184748 20.21878796752938 -9.48846978633527 58.92351794745106 65.9489884069884 38.416850945129084 22.47359724153811 -6.105122250159905 50.6309007623643 -18.669389415740717 1.2951707579038434 77.76570738406342 -3.055127831447461 35.311864655420834 65.83592964419698 -17.53114616006468 -2.0877598169912233 21.45286154329734 29.163727221134206 11.456398538993682 70.63538157325652 38.999288938668364 -6.033691091541044 37.66020242830675 47.938636345746005 35.589321829630215 1035.524410134076 0.0 0.0 0.0 0.0 0.0 0.0 0.0 0.0 0.0 0.0 0.0 0.0 0.0 0.0 0.0 0.0 0.0 0.0 0.0 0.0 0.0 0.0 0.0 0.0 0.0 0.0 0.0 0.0 0.0 0.0 0.0 0.0 0.0 0.0 0.0 0.0 0.0 0.0 0.0 0.0 0.0 0.0 0.0 0.0 0.0 0.0 0.0 0.0 0.0 0.0 0.0 0.0 0.0 0.0 0.0 0.0 0.0 0.0 0.0 0.0 0.0 0.0 0.0
87.56770386704437 67.80867294385995 34.310425051650434 88.34565193110834 31.197835312210994 -12.610933882026396 67.89904754163125 66.92894810361479 63.021980191759 56.89284720994908 49.01308601645175 -5.162661064933351 75.08423976026401 31.983409590093274 -10.408721906101414 16.964644318791258 -14.617113066250228 -16.599618573188128 -10.065177010608863 51.188803043729784 -24.646217384498964 55.572438601530095 66.26356199711164 -22.196930059860556 -15.617235289801714 -30.470616138548525 -5.8531931616719355 26.183795757433654 -5.3381722969672225 47.310712195979754 60.54805434063965 53.625094853115584 -4.506245144728627 60.70338750406869 11.826619312302494 -20.924738691011754 45.8123070848154 986.1990376412326 0.0 0.0 0.0 0.0 0.0 0.0 0.0 0.0 0.0 0.0 0.0 0.0 0.0 0.0 0.0 0.0 0.0 0.0 0.0 0.0 0.0 0.0 0.0 0.0 0.0 0.0 0.0 0.0 0.0 0.0 0.0 0.0 0.0 0.0 0.0 0.0 0.0 0.0 0.0 0.0 0.0 0.0 0.0 0.0 0.0 0.0 0.0 0.0 0.0 0.0 0.0 0.0 0.0 0.0 0.0 0.0 0.0 0.0 0.0 0.0 0.0 0.0
16.839017214157224 91.18938603477315 33.21071993610673 51.91381161735735 -7.48587212771423 82.22746820463888 79.18618112704448 23.14026778112716 76.36157917421762 81.4503964107442 23.113028051539235 24.059851381439298 60.553950310666124 16.828317800869307 -18.31595967481417 54.14664164146022 74.19764405578098 -7.087832588984785 37.8157297850133 34.33744998576394 -1.7079514631333836 11.469741187200064 56.48198463772337 62.075055158419474 53.65976858127262 64.41610989205331 -12.952957619738307 11.642935530090206 0.5237340238900927 19.313391829428404 61.72473331317545 34.56759634833538 -0.9315658181063782 -31.720125238527892 46.91272444893626 44.688368966396986 32.446061354240136 68.35415359408539 1021.3691839782114 0.0 0.0 0.0 0.0 0.0 0.0 0.0 0.0 0.0 0.0 0.0 0.0 0.0 0.0 0.0 0.0 0.0 0.0 0.0 0.0 0.0 0.0 0.0 0.0 0.0 0.0 0.0 0.0 0.0 0.0 0.0 0.0 0.0 0.0 0.0 0.0 0.0 0.0 0.0 0.0 0.0 0.0 0.0 0.0 0.0 0.0 0.0 0.0 0.0 0.0 0.0 0.0 0.0 0.0 0.0 0.0 0.0 0.0 0.0 0.0 0.0
3.585206100436955 65.92614116268602 25.026637413750578 32.23298776495116 81.75910588601916 5.56320463236001 11.573917160984514 77.71678835027123 46.10710020872078 44.745058284087094 73.01585826406937 60.09394984172125 -8.949801547885325 62.32306844025161 28.227051559234134 -20.20002772088565 11.536352754224826 4.1594087686506604 24.46195235151306 52.99809295145345 37.624182559153965 43.233413802196054 7.299203821983458 70.44070148610544 20.729431929968356 8.347247329782618 61.38235625360242 2.165967956120788 42.329548233557276 11.51531412772372 24.92960693765439 10.20623429168943 -18.20897521627414 57.68157951551862 40.0366035478627 39.776502092857285 54.59721418289415 55.04729176747281 7.267887503251416 979.6502210746723 0.0 0.0 0.0 0.0 0.0 0.0 0.0 0.0 0.0 0.0 0.0 0.0 0.0 0.0 0.0 0.0 0.0 0.0 0.0 0.0 0.0 0.0 0.0 0.0 0.0 0.0 0.0 0.0 0.0 0.0 0.0 0.0 0.0 0.0 0.0 0.0 0.0 0.0 0.0 0.0 0.0 0.0 0.0 0.0 0.0 0.0 0.0 0.0 0.0 0.0 0.0 0.0 0.0 0.0 0.0 0.0 0.0 0.0 0.0 0.0
78.03076372862438 42.868524267104306 -2.7210099273651585 -3.2207335455047463 4.693293579934848 28.488727384048584 61.696539087622874 80.62060534408447 29.596481730231016 -6.485286628589234 78.09353075716064 34.91910759004321 53.046772250668226 13.916411041335323 30.38815617123278 69.40878259539497 38.40774088223968 39.17315422181261 45.65534443985979 -15.689843688903048 -12.33391102330619 24.52744899286874 12.690249657615531 0.40824928512408576 -24.29719656063064 45.53004174523642 18.238535485054 33.52144774231629 27.92145309569799 41.19066770836408 32.654695240138 53.98432479684196 63.172461411496236 66.87233314950586 60.67915083648787 7.598753956694541 48.55950498686545 17.070243754300783 -17.21609889809865 54.97331524121235 975.9640584993683 0.0 0.0 0.0 0.0 0.0 0.0 0.0 0.0 0.0 0.0 0.0 0.0 0.0 0.0 0.0 0.0 0.0 0.0 0.0 0.0 0.0 0.0 0.0 0.0 0.0 0.0 0.0 0.0 0.0 0.0 0.0 0.0 0.0 0.0 0.0 0.0 0.0 0.0 0.0 0.0 0.0 0.0 0.0 0.0 0.0 0.0 0.0 0.0 0.0 0.0 0.0 0.0 0.0 0.0 0.0 0.0 0.0 0.0 0.0
24.248681996076172 30.823225467986244 66.33452211062415 40.20184164692728 45.940748817431 29.69091263331562 49.10869274839638 1.7664099533841213 19.414080567560696 42.03454655633768 67.15283185579298 61.12496043214885 80.15429941876098 44.08483642234594 58.35024880832921 -25.055651553796913 40.94826603187749 -6.696215035549251 37.33628554883393 -1.422271215965349 34.282089505553216 12.350698100287875 -17.812892334718487 -5.284226588789913 2.0159282895852932 19.09181727814142 3.0915148931255096 25.163017175064113 -15.586734874951743 -4.6060103979854325 -7.568623932357749 -21.663530522794463 12.644313208486587 67.97444018600645 24.846354893427993 40.46659490173972 12.734631026770337 5.001873256274187 14.984999194896567 33.15790795602035 66.7487322730389 1021.0242153939903 0.0 0.0 0.0 0.0 0.0 0.0 0.0 0.0 0.0 0.0 0.0 0.0 0.0 0.0 0.0 0.0 0.0 0.0 0.0 0.0 0.0 0.0 0.0 0.0 0.0 0.0 0.0 0.0 0.0 0.0 0.0 0.0 0.0 0.0 0.0 0.0 0.0 0.0 0.0 0.0 0.0 0.0 0.0 0.0 0.0 0.0 0.0 0.0 0.0 0.0 0.0 0.0 0.0 0.0 0.0 0.0 0.0 0.0
86.02964072111395 6.231111026073243 45.969681341442424 83.49602569983847 68.12861588441159 53.9141841514809 12.178506638005391 73.94728411163399 79.96757199876492 -10.326342732797183 60.11984073184103 -6.23158863938832 28.861826457463145 -20.752040294228426 -13.174748761040675 -9.925038126745587 20.988288647709954 -4.9673815630346425 63.53939705134795 49.15474381962771 44.12789234116519 9.427576213794012 49.531565540194094 22.739666853236862 52.700455292631474 36.161229696179916 -19.375905291742843 -8.852627052967552 49.096953298620825 21.382446747839065 -19.840971092805752 5.421208067365356 63.70310433231783 -12.208060083717786 29.008752808857768 -14.613946994290648 51.66043542808607 -2.9249577619707026 -26.411826698186402 8.22250212873551 3.8207645115143443 32.60111404039209 1005.2292540724452 0.0 0.0 0.0 0.0 0.0 0.0 0.0 0.0 0.0 0.0 0.0 0.0 0.0 0.0 0.0 0.0 0.0 0.0 0.0 0.0 0.0 0.0 0.0 0.0 0.0 0.0 0.0 0.0 0.0 0.0 0.0 0.0 0.0 0.0 0.0 0.0 0.0 0.0 0.0 0.0 0.0 0.0 0.0 0.0 0.0 0.0 0.0 0.0 0.0 0.0 0.0 0.0 0.0 0.0 0.0 0.0 0.0
30.899535084593804 26.177250417413568 74.8078068684394 4.979539150062925 -6.263634527490897 60.13074709288466 55.591757645085345 20.84645177275247 10.685981516504354 13.791810378222525 53.861430963967656 0.9241563139359226 39.43380448460914 71.0408759556178 45.19140332917098 66.0597486157806 50.51802913554042 29.668245614167855 27.60785048208186 43.86348036105554 34.21879948286042 -1.722329193541185 62.3005733697218 -21.333494994693154 6.307235389393821 43.47098689568692 -0.7799640675970565 -0.9976649245367426 59.76140973457822 71.9267846142375 25.033392748532894 66.3160359036309 10.190631490382785 30.587475108593306 31.757002939940335 44.48077442895995 37.36543718643842 72.25632671012923 29.99104016887417 -18.068263446419323 34.02910405837116 43.604988287893676 53.82881082494974 975.4001878766488 0.0 0.0 0.0 0.0 0.0 0.0 0.0 0.0 0.0 0.0 0.0 0.0 0.0 0.0 0.0 0.0 0.0 0.0 0.0 0.0 0.0 0.0 0.0 0.0 0.0 0.0 0.0 0.0 0.0 0.0 0.0 0.0 0.0 0.0 0.0 0.0 0.0 0.0 0.0 0.0 0.0 0.0 0.0 0.0 0.0 0.0 0.0 0.0 0.0 0.0 0.0 0.0 0.0 0.0 0.0 0.0
29.480157914648647 57.14370169446674 44.23712054341407 13.335122963532132 30.138919825046187 53.087820783087295 1.8391892614652363 63.047206807137584 -4.574076284094739 -9.932691689673545 -6.422883529783458 -2.550491642577832 11.491020675445608 4.111107856671394 40.546583952874116 -11.483393699822912 66.0957595045751 57.600366963626854 68.78452717113646 47.34402921473324 18.58978457565472 15.03861848967831 48.65883391900656 -7.568493497147408 50.20216321769434 64.89018244658635 9.073189003634283 37.92706940327919 41.116566562221095 76.68564014555882 -9.757714974734274 66.04382443099352 67.5056931425091 12.829164011065107 -3.616594609522135 63.54111506327601 72.97255650445109 72.70128190465867 50.78880527399132 2.029779663300836 -12.791168698613532 -14.414425993921224 48.2325591571134 -14.740129571838551 1003.1555288858846 0.0 0.0 0.0 0.0 0.0 0.0 0.0 0.0 0.0 0.0 0.0 0.0 0.0 0.0 0.0 0.0 0.0 0.0 0.0 0.0 0.0 0.0 0.0 0.0 0.0 0.0 0.0 0.0 0.0 0.0 0.0 0.0 0.0 0.0 0.0 0.0 0.0 0.0 0.0 0.0 0.0 0.0 0.0 0.0 0.0 0.0 0.0 0.0 0.0 0.0 0.0 0.0 0.0 0.0 0.0
86.20422628717937 37.44552079019988 72.66991787317912 8.162132654070138 39.157258346684266 10.998939271250007 44.723636462589255 14.425590752009247 -6.4041383546333135 15.269977947589283 -6.132944510578001 75.55433784472447 19.731114496883976 63.023964658460514 49.829787538043696 -13.111272475594086 7.564898832662365 37.89727201040101 41.28019373759099 18.45560000424139 55.03906016248496 -22.887546884966035 5.489719378906205 37.47753543581619 -2.5478342005559043 61.70616560128852 11.63335730669398 -14.018011411299028 5.111864437631716 -15.9911359553482 64.79406751070104 4.0613513051042744 68.03444963241178 15.109688887453984 18.02152627535147 -15.35590682873939 0.8766480784793984 60.86269867872358 9.877826689861834 43.1024105914508 -2.4203330269117878 -20.695660966087473 50.607901081496195 13.174427333841184 -5.218345113026654 1037.241571897829 0.0 0.0 0.0 0.0 0.0 0.0 0.0 0.0 0.0 0.0 0.0 0.0 0.0 0.0 0.0 0.0 0.0 0.0 0.0 0.0 0.0 0.0 0.0 0.0 0.0 0.0 0.0 0.0 0.0 0.0 0.0 0.0 0.0 0.0 0.0 0.0 0.0 0.0 0.0 0.0 0.0 0.0 0.0 0.0 0.0 0.0 0.0 0.0 0.0 0.0 0.0 0.0 0.0 0.0
32.755643228272916 49.873346329926235 71.6660906629772 17.577024119709595 43.29032951486746 81.69084575747007 8.415693889719165 50.598905090686074 38.24216826825253 57.772812323427935 29.311769647608163 65.57993468894134 38.18371625206103 42.058340542843446 -11.042212508156876 -20.353768568245073 29.96830484850777 32.29303788574154 28.785567413450977 -9.048576852873316 53.5827861425535 35.107697777510154 21.192176442332546 31.23342038487736 -28.132204525204543 -8.357565796653514 46.64075722076454 47.21142149658936 27.483392930638683 13.210363323196383 8.506396513751675 32.81585767905655 50.157535471537145 23.241629929946168 62.21037365392381 50.04770277263785 7.7489255539556865 18.084566548862842 54.19366983836359 -24.517736961181384 25.962455485050214 -32.91883863369581 61.804574617902055 29.400402553116578 34.30700324973097 26.340397132354695 981.9447057088339 0.0 0.0 0.0 0.0 0.0 0.0 0.0 0.0 0.0 0.0 0.0 0.0 0.0 0.0 0.0 0.0 0.0 0.0 0.0 0.0 0.0 0.0 0.0 0.0 0.0 0.0 0.0 0.0 0.0 0.0 0.0 0.0 0.0 0.0 0.0 0.0 0.0 0.0 0.0 0.0 0.0 0.0 0.0 0.0 0.0 0.0 0.0 0.0 0.0 0.0 0.0 0.0 0.0
68.4835498743613 77.63434868854745 85.56864487401495 20.29519971057531 44.59841490743798 51.57517598571495 20.004687955011516 18.045446498398068 78.46199746924091 8.095695754943002 44.16356312715299 5.7635233097946035 22.794976096257972 69.76116725902344 -12.437627553766786 12.90286448570474 48.49005812450312 36.193422165139836 -8.925213781293454 3.2265667989721756 -15.996562007194449 1.752540277931022 -17.026774200616437 39.09399134182976 41.508550682072084 41.66955033320322 1.4726010255466235 58.63985205044115 7.113752287691639 37.20260189731438 -27.34903534552014 48.9504382001924 -14.7035586840293 6.255485697739921 11.62437255202611 9.53990624987474 31.61521270043759 43.498601075319385 47.24256112375255 37.21847281246154 51.37005367262678 5.1252304477449755 60.33585131761306 -21.47451053825338 -16.351166590216547 -8.744022187569861 4.983286920671439 992.5287049862565 0.0 0.0 0.0 0.0 0.0 0.0 0.0 0.0 0.0 0.0 0.0 0.0 0.0 0.0 0.0 0.0 0.0 0.0 0.0 0.0 0.0 0.0 0.0 0.0 0.0 0.0 0.0 0.0 0.0 0.0 0.0 0.0 0.0 0.0 0.0 0.0 0.0 0.0 0.0 0.0 0.0 0.0 0.0 0.0 0.0 0.0 0.0 0.0 0.0 0.0 0.0 0.0
93.08288367089557 35.127847223691624 60.02772791611919 74.24272778762095 44.54023257146425 55.694803541496285 4.544073438764649 60.32904654550583 39.07252745850425 21.496614795851883 16.728961879719098 12.190439770777111 -11.162776848651502 -20.33390649937358 44.111109976725956 7.712869103378669 4.019415894589574 7.204617762104693 -7.49136512722546 8.75945317043723 40.16373496988946 76.89609523695032 39.87897725854964 16.2082248291619 64.29439741980454 9.246860949363224 21.21353034778587 -14.956346003808576 14.258927975265525 -21.00472072740533 -8.503056044409277 20.582062586764845 70.88930592672904 -20.88484705959803 16.589808800166114 -9.449367534693426 69.52124360835967 56.769668219192916 -0.7292817797370716 57.33291321339693 18.90387308277969 32.06275536326617 4.243367992351455 -20.500759475195604 -6.508419167526057 -30.761159193736113 38.635198784976915 -13.167859854721257 1019.0773417814595 0.0 0.0 0.0 0.0 0.0 0.0 0.0 0.0 0.0 0.0 0.0 0.0 0.0 0.0 0.0 0.0 0.0 0.0 0.0 0.0 0.0 0.0 0.0 0.0 0.0 0.0 0.0 0.0 0.0 0.0 0.0 0.0 0.0 0.0 0.0 0.0 0.0 0.0 0.0 0.0 0.0 0.0 0.0 0.0 0.0 0.0 0.0 0.0 0.0 0.0 0.0
22.945713516374926 55.50038881681476 28.13293926261573 5.921575585860406 -5.337894920906452 48.83834115699007 48.52176652638519 70.75119924565381 -3.709216455267324 37.122187560818716 51.38748886953208 -3.7068190525560336 14.130616570067254 -7.4435114102520625 -16.034951524925148 49.044012365020485 71.02514577447822 33.670534320241146 72.03375473838976 24.95451467533162 24.335784355902437 -11.333200276093965 24.97578566288427 22.8090407017721 14.652087491389274 33.45208951059638 46.28290058323603 48.8151983946436 77.25372097171416 28.993766681656652 24.72304748334541 61.22917034549627 44.37217363885417 -16.903673677953975 38.05463003231125 30.98307498369087 27.468904703235125 -15.570170818886869 71.23382021224009 3.977265175195903 -4.116830253060719 31.1150956157322 -32.482572835386094 62.29757807622259 -25.352027433068194 54.484359344558655 -18.401530186253847 -6.820312324152653 -17.29989331566788 1005.337762378174 0.0 0.0 0.0 0.0 0.0 0.0 0.0 0.0 0.0 0.0 0.0 0.0 0.0 0.0 0.0 0.0 0.0 0.0 0.0 0.0 0.0 0.0 0.0 0.0 0.0 0.0 0.0 0.0 0.0 0.0 0.0 0.0 0.0 0.0 0.0 0.0 0.0 0.0 0.0 0.0 0.0 0.0 0.0 0.0 0.0 0.0 0.0 0.0 0.0 0.0
45.998521856066034 76.37303509787887 46.98728804036172 72.29526052548907 13.486651970192428 76.99593157122354 79.78836154254329 -13.343819182496052 11.499413915187738 71.08445466365332 -1.8819154576993773 51.37782226556407 66.58435821885118 46.61751228174147 8.456759193937277 20.617560031527496 50.12018738870967 -31.23831882433072 38.322026434418845 -21.91084411477512 40.46402498729124 -17.72284842649371 50.366032693756985 42.805830293250665 21.702014999147217 12.348029430280857 -5.3153832125359095 -32.26579619924242 1.1403694677637084 60.20122169497925 49.873552600182066 5.294305655342324 72.77971154436848 20.21015157674151 -7.056139491801261 48.21280942679671 -7.150895594407896 -4.9382805653650514 -18.152796482861746 -22.20085399240547 56.249092712227096 -10.594000897655555 -0.7949949443151567 61.780786080063656 -14.070242603320189 11.314956098548997 -42.208146031427475 -0.20601709833933768 16.077297978554228 25.149495352298917 999.7219637044634 0.0 0.0 0.0 0.0 0.0 0.0 0.0 0.0 0.0 0.0 0.0 0.0 0.0 0.0 0.0 0.0 0.0 0.0 0.0 0.0 0.0 0.0 0.0 0.0 0.0 0.0 0.0 0.0 0.0 0.0 0.0 0.0 0.0 0.0 0.0 0.0 0.0 0.0 0.0 0.0 0.0 0.0 0.0 0.0 0.0 0.0 0.0 0.0 0.0
72.57586185079603 35.99662489470612 81.57914625958152 35.847147458617 59.57391009436674 57.58019181918729 37.71282033095001 32.917626985938455 73.99375376031429 25.36839540133193 -7.627332110100854 25.327997032032275 -10.415087464832071 -4.073915227955256 -11.584358314800113 -5.992340839546138 40.88466254853645 33.75739297637061 -23.444385610785506 64.04435042733621 6.3064650547241605 19.521601442673088 63.34103782273738 -20.92651992445237 -25.06260213231697 59.8224392963967 -5.102377123880579 7.9642745939909325 70.92596973380643 26.41368633823583 16.30306542848576 69.13796107196585 65.42431353463512 22.21723321928144 5.970483073408769 66.17634379749299 42.96699046158547 27.698876230168082 33.81464900010465 64.31055032412792 31.248204730999795 -39.39459200018964 68.27905594876756 -40.47591760526677 57.36393149578747 13.244303025236228 5.288863332634591 -20.014588868664916 46.00340586244591 -4.828691666543278 -39.69476170853898 1003.896994629402 0.0 0.0 0.0 0.0 0.0 0.0 0.0 0.0 0.0 0.0 0.0 0.0 0.0 0.0 0.0 0.0 0.0 0.0 0.0 0.0 0.0 0.0 0.0 0.0 0.0 0.0 0.0 0.0 0.0 0.0 0.0 0.0 0.0 0.0 0.0 0.0 0.0 0.0 0.0 0.0 0.0 0.0 0.0 0.0 0.0 0.0 0.0 0.0
83.17632738175038 68.71684064449177 57.20862929282514 27.844290224218625 54.69365468497515 19.951647555991343 66.28518338735398 48.56033443239592 13.345771495376773 52.569856267419105 1.6578165269911675 8.26017614276083 14.736987992334658 -3.5709755498543494 -11.013410022292277 71.80713327315803 77.09453575278235 12.612054676475076 -28.86003091416848 26.25105673539812 67.8226878495485 -1.6104513874298476 49.36438409032891 -13.840472172755401 5.083742763695852 6.063231239633428 -9.3041452615766 -22.39326335384279 15.307286723768641 13.137875996457367 -24.394593694083436 27.140734138486202 -21.54904252551961 18.53459163564522 47.44506877020666 56.530401156708166 -9.14603832143727 14.437642500272766 -21.577469959587347 66.47170966308006 17.10702865828835 38.867283479144184 60.211253653033154 41.14706394960663 5.3438511687609065 1.8065892005457869 -36.36239427144284 4.662899233898244 45.53567558528746 -6.898312838371094 -18.46996354090223 31.980455276609447 1009.9174376461734 0.0 0.0 0.0 0.0 0.0 0.0 0.0 0.0 0.0 0.0 0.0 0.0 0.0 0.0 0.0 0.0 0.0 0.0 0.0 0.0 0.0 0.0 0.0 0.0 0.0 0.0 0.0 0.0 0.0 0.0 0.0 0.0 0.0 0.0 0.0 0.0 0.0 0.0 0.0 0.0 0.0 0.0 0.0 0.0 0.0 0.0 0.0
71.78026669859689 29.9566765019877 36.59462890992447 16.245737921304283 60.48361407464803 79.87317727563556 32.81907886618467 62.52982395419281 -13.550582057426544 16.03435273305182 51.11937633197206 35.61472790541859 6.357030316349469 70.45461789553238 19.523507229731372 5.4102684056257395 0.5766441372550055 15.52793394531627 23.245538240390506 64.41877807784954 66.21601416727043 13.509375142116497 30.56402708745966 15.594163356908062 47.24398709209675 26.930149315682048 39.448193861809735 -6.597541764407726 9.800354108987872 8.414912276205719 -30.345654908274923 -3.336975473440493 7.222818384822347 3.0415605651653763 30.611793532987278 -31.386810317614415 55.019853387855576 56.611149322725566 -16.7083510734937 45.9960494764061 2.089556039538593 30.650188160732867 -28.28628804365339 56.502700124642104 -12.00310123536725 -11.501105402653998 -19.729312252266844 43.540622951235505 12.939939299084259 -7.210106987269764 66.31885864881991 41.52872895753416 44.85663118606727 998.7182391221501 0.0 0.0 0.0 0.0 0.0 0.0 0.0 0.0 0.0 0.0 0.0 0.0 0.0 0.0 0.0 0.0 0.0 0.0 0.0 0.0 0.0 0.0 0.0 0.0 0.0 0.0 0.0 0.0 0.0 0.0 0.0 0.0 0.0 0.0 0.0 0.0 0.0 0.0 0.0 0.0 0.0 0.0 0.0 0.0 0.0 0.0
2.9555936640317078 20.75373408510731 97.25223662954731 2.276630628996821 -2.419869546417014 79.50748558328311 2.5410460138018944 63.11222610447378 60.158873223772076 51.45040122952061 69.4652597753128 64.00193278300492 -23.561610363718103 37.07056341606786 21.52706315397228 -2.8309236791812324 11.196720879886104 31.939746098789712 15.953794683852834 -9.123387720408859 52.05763525199058 4.593338939069561 28.38049268885611 -10.723778908005565 -22.350761787619827 -0.5271091315746403 52.0575518028892 21.58048923819585 26.806044942161446 14.189680120550424 31.478303212332975 8.89316390359414 62.65365355414728 15.081425186869026 31.000165909102783 12.50623059479597 49.38117524462913 62.606378112049484 -5.40203943997971 61.11938084424389 13.439525950494783 60.77430343031273 22.33807536247234 -17.664822905520964 35.64493134198501 63.48268593209466 10.78461037317609 45.28881162145457 36.338644772880414 37.949584069036604 13.051200016411237 -24.778335614388332 4.857028212617749 37.82161508803732 987.2029869568513 0.0 0.0 0.0 0.0 0.0 0.0 0.0 0.0 0.0 0.0 0.0 0.0 0.0 0.0 0.0 0.0 0.0 0.0 0.0 0.0 0.0 0.0 0.0 0.0 0.0 0.0 0.0 0.0 0.0 0.0 0.0 0.0 0.0 0.0 0.0 0.0 0.0 0.0 0.0 0.0 0.0 0.0 0.0 0.0 0.0
84.66358556470817 24.778471306380407 65.98195410287323 88.46559980803221 1.4512217625664565 1.1951349001788483 8.881668732744068 11.048259794376767 14.067270358003615 55.026926081229334 17.444543709870434 -2.9423440679586594 38.426865714727015 63.27721218861298 60.2998229279753 47.14269680370491 -15.545338902250727 25.841016182859562 -0.11717007984417549 24.4478209253105 66.01519173695026 29.189735837768417 62.301302299495326 18.58897989089182 67.863091417624 29.186610300377218 -2.8306078375945063 20.291818260015305 54.360807411633985 11.858642782164054 57.32956764476651 56.06908935384864 63.02482728120921 -9.06540665043715 46.0105409228441 58.866728037718566 -12.451875949510484 -0.3957783675891804 0.7217169668739558 10.217347257127258 28.334994953041978 -31.545434653172446 52.22067048702786 13.46395684335527 -27.78889974622754 58.74133393178761 35.25934621522277 -23.9078894124009 -10.52746727208471 -0.6229630457370803 -27.16271958894195 -0.47143843865092094 32.44990977805211 -44.585945773310996 2.822751931706744 976.6381661719253 0.0 0.0 0.0 0.0 0.0 0.0 0.0 0.0 0.0 0.0 0.0 0.0 0.0 0.0 0.0 0.0 0.0 0.0 0.0 0.0 0.0 0.0 0.0 0.0 0.0 0.0 0.0 0.0 0.0 0.0 0.0 0.0 0.0 0.0 0.0 0.0 0.0 0.0 0.0 0.0 0.0 0.0 0.0 0.0
6.334117534462712 23.840907622302755 4.4621885620120745 18.91331185076336 63.88024558444909 85.28545850676703 66.07958039783458 30.331196424261766 14.211246159534612 11.530787360118353 72.85810509486681 51.90195784744128 77.01525056150332 63.29324392694909 79.49586235832874 25.251304725685934 64.02398198767811 66.90904705674913 44.35264891700203 14.882411485937858 54.15932087504031 27.689454871736572 -10.583583644873958 62.033258581084986 9.79525050513572 52.62581050917298 20.022841162689872 23.79413727486852 25.894652100740622 46.376537233249095 18.91385602791148 45.522704293329475 -8.067263684214314 -7.68196392213061 33.319196634340955 42.268689683595774 57.92015614682252 53.27985871753689 -34.87995650858287 -12.513749820631745 9.26089418391527 28.892628942221087 18.33002359661741 37.08353800970015 33.625008222013655 -1.9931074697542428 -10.203938147342178 -38.80574889620572 23.713731843798286 -54.57030081836012 -20.503555661761997 8.718883045515536 -26.146548724128206 -17.39346092291024 -19.887539685510347 13.775002028031373 1016.4194852569776 0.0 0.0 0.0 0.0 0.0 0.0 0.0 0.0 0.0 0.0 0.0 0.0 0.0 0.0 0.0 0.0 0.0 0.0 0.0 0.0 0.0 0.0 0.0 0.0 0.0 0.0 0.0 0.0 0.0 0.0 0.0 0.0 0.0 0.0 0.0 0.0 0.0 0.0 0.0 0.0 0.0 0.0 0.0
32.65354818553726 78.83006926675411 -0.441037561805274 18.863173820534012 57.01424900404527 -7.095129782104097 37.197228701003006 46.89983775829121 -6.40704160696481 18.2171847287473 11.949741900375802 75.81498958798697 40.85495956026958 -10.80121989511748 47.517268848743605 -2.3166047163122947 -0.35276310270694466 60.355310240411384 -22.795053480515705 76.73327250237736 9.304473765664824 4.813891509597912 1.6382976479529567 14.233390688135174 47.28784642987917 -21.954311184355948 24.95497488482669 -2.7084472940273017 -14.310957148510385 20.49377451477223 73.53089230985677 27.35912690019665 19.31660328462512 77.50556730144555 33.0811065847069 2.8377984276263746 62.08673364115921 18.52315495313016 8.433146407350229 9.539580937566514 53.26173340931524 52.28448486638048 45.04007268547772 -14.702346095414928 12.976063631533378 3.9003208106427607 -13.713156735266008 69.06462100460385 10.807029046096918 17.688070775678888 44.740389574680876 39.32149703553118 11.420921307661018 45.215761430814084 11.731651058448406 -11.560273667861814 -26.895030909385387 1013.6670910827017 0.0 0.0 0.0 0.0 0.0 0.0 0.0 0.0 0.0 0.0 0.0 0.0 0.0 0.0 0.0 0.0 0.0 0.0 0.0 0.0 0.0 0.0 0.0 0.0 0.0 0.0 0.0 0.0 0.0 0.0 0.0 0.0 0.0 0.0 0.0 0.0 0.0 0.0 0.0 0.0 0.0 0.0
75.56250316702386 78.78131986293307 72.39778937789947 12.013725423058453 76.01272698324652 11.527585077013022 -14.456077099621723 35.91565724977312 75.48983192079314 6.429496428048001 -4.3944689919712285 68.14962731317326 64.67438676238314 43.91823303072003 -6.834168988844752 16.63732377554146 -1.4989927852411071 -16.54454688301124 13.731636598802652 47.75068713591629 48.7505417294982 6.861352192292159 -16.020163553505423 8.537869446453037 6.3720794502002285 64.22443448561863 -6.350696959745228 18.00025763171319 26.14581661634188 60.59763501690486 62.40916453969952 20.80749372495017 67.01093850056073 67.64784609384806 47.41906949388164 58.87937960026883 8.217993100974525 -25.035758382815057 39.73530281298885 71.75295953661677 -2.3600667700545337 25.633352765480893 -29.81614034605517 47.575809162237626 53.958531758717086 -13.35579296754263 23.766712201952345 37.681546776336226 20.05419821670293 19.91605878312494 25.55178856459164 19.618686978710723 52.628218939323624 36.73088072844157 20.98876734761039 -10.308278867920706 0.5483352122020406 3.9332364902062054 970.6842109120776 0.0 0.0 0.0 0.0 0.0 0.0 0.0 0.0 0.0 0.0 0.0 0.0 0.0 0.0 0.0 0.0 0.0 0.0 0.0 0.0 0.0 0.0 0.0 0.0 0.0 0.0 0.0 0.0 0.0 0.0 0.0 0.0 0.0 0.0 0.0 0.0 0.0 0.0 0.0 0.0 0.0
38.8638903083276 5.304764139783253 75.75198864933161 47.84329610131655 31.093753430741977 73.90308981602904 74.14708581606544 -2.3925208262823894 89.15581729680949 43.08763289956236 66.35067972939447 78.8582010190709 24.362875258614494 32.33775624290821 55.855727382424384 15.79626646129963 10.0532688295188 45.881797906612746 5.855516034619704 65.32969443208606 -33.08597423822169 23.558773897733676 1.8782445808433756 20.564772089906313 28.518642236475728 7.749676423105264 45.5461075620565 -28.974963144967322 66.34275223004998 -9.117771211727067 33.86557881543088 18.504367059310777 9.282548315776548 51.984515361481385 -10.434474084408908 51.553853188620316 36.8277325233217 19.77431915369187 50.12916197263019 48.741151057998984 28.378181948696017 0.5292470056503475 32.251864586821085 10.957797859255813 11.24999514802957 -20.31729139974 -35.46666604892229 37.88278132904512 24.90990869699043 42.45549235066408 -8.46701720577969 37.172832605074525 2.8610970852238893 -33.54073218970513 31.071223950153254 -8.543775455525775 -6.675258313528715 29.061082110678107 16.254975197102468 968.0676165774963 0.0 0.0 0.0 0.0 0.0 0.0 0.0 0.0 0.0 0.0 0.0 0.0 0.0 0.0 0.0 0.0 0.0 0.0 0.0 0.0 0.0 0.0 0.0 0.0 0.0 0.0 0.0 0.0 0.0 0.0 0.0 0.0 0.0 0.0 0.0 0.0 0.0 0.0 0.0 0.0
84.7664969066255 67.95841324032115 54.740294331568435 40.21551913836707 64.49591298901066 27.20709551893269 57.40289184576743 80.20731186454437 39.232526785214176 -14.34656403349588 51.58882923569432 -0.13828610192542712 61.29473835336155 25.705032595306402 66.18992012576501 59.69384427079926 18.290308273837667 17.029524025158466 -0.32795543940048333 26.969881301321987 22.487936653978743 -12.096985166206242 25.660524789783295 -2.8421227325766623 45.95018876903172 37.93571974789624 16.547537796996963 -18.46888133353491 -6.524482716805789 52.81803001113803 -6.070555206125427 0.9064682972227551 57.73127855109617 3.8158644091773226 -11.50046261657505 12.466200817158828 24.295975071221946 -1.2383532234695238 -6.900406495191984 53.933158420233916 18.842470254720347 -38.0841809934728 18.09796563643698 -24.46278515103339 8.996828954472306 11.217449957311906 -39.672064993166046 -18.673437912734748 56.98356170510752 59.64187758583463 53.554807941482395 -1.0709500338174536 20.75132300571433 17.188727981166117 9.765460637388337 60.261133873693666 23.21599123781497 32.8242920960031 14.282396281565774 29.453381736385126 979.874617929634 0.0 0.0 0.0 0.0 0.0 0.0 0.0 0.0 0.0 0.0 0.0 0.0 0.0 0.0 0.0 0.0 0.0 0.0 0.0 0.0 0.0 0.0 0.0 0.0 0.0 0.0 0.0 0.0 0.0 0.0 0.0 0.0 0.0 0.0 0.0 0.0 0.0 0.0 0.0
68.57901234986132 82.47243960790215 46.6947758540306 40.72336195593667 25.13593206911998 -10.338772899820551 79.7883948759111 0.7603212302373219 82.39216083296682 52.77181559824752 53.50377351704647 8.269361380506725 60.477683874455494 67.95816147246038 -16.269411042359977 -13.364516403048166 66.04407624850538 27.896374555892464 50.24095499782644 -19.35714417937346 50.820288382989816 16.524772160533047 3.6525613269283923 -12.39597801756469 40.09015459574323 17.691274775414612 -10.503204751813335 -2.811721018828081 46.828964206155284 -34.04918210674887 -3.259626870877014 11.179009388204733 -5.216184482395157 62.04900056115024 60.53457616144868 62.94215938413545 2.434750204508134 44.32299914533934 -3.279720521729118 55.97282335876089 -15.239150832816527 51.22550587310695 58.39162644537546 -26.702963869570496 9.996256504354676 -9.525519315536698 13.819527894342244 -24.515454738739052 -0.41250380646533813 26.431945860338978 -27.05671385913718 -6.903201342078269 -12.758769500713985 20.6052293869703 -3.6337707818635536 40.85537673575773 2.104296485581642 4.26659637942052 14.536838584209278 54.804275791067944 -13.39901962227697 1012.0651386985952 0.0 0.0 0.0 0.0 0.0 0.0 0.0 0.0 0.0 0.0 0.0 0.0 0.0 0.0 0.0 0.0 0.0 0.0 0.0 0.0 0.0 0.0 0.0 0.0 0.0 0.0 0.0 0.0 0.0 0.0 0.0 0.0 0.0 0.0 0.0 0.0 0.0 0.0
11.334702385861926 90.96889935862691 13.417217710891961 32.10119457803437 3.9843561471860607 34.39724766392321 91.67253489665889 1.5154756560594844 81.81237579267098 31.828942449363435 47.559017280529325 19.486119721337065 39.263233352596544 38.53417497916324 -6.663413160234374 10.46994984662457 -2.1687176873294582 43.195184400967655 -20.733813538101963 -5.734120060521242 -6.371937597589069 70.74251743651072 32.38535635679755 -7.218675747919505 51.42872747120812 -19.47720123061349 -13.327893259864073 -4.075268866890628 3.8354762159311306 14.990197290657434 44.73379508999281 10.146858627391744 48.1670486758753 9.785372454571043 -28.503995968788708 63.00989378689424 12.083887921582292 5.9869124882807085 -22.70326670001617 -12.486846462934036 50.371663282375756 60.52609122026241 19.466125528617585 -12.99117045362695 54.71186635204923 -20.08047042358202 5.928703333827755 66.9798263424624 27.721087501367172 -19.084981416434545 -17.242089550491926 62.10713343269502 30.447630870543477 27.57024575562337 -3.099995726828162 71.06047367017722 20.710810248715028 -13.466418358383663 49.3980527591787 7.837994138229014 68.59346103057077 -30.17405408941576 1039.6850880532054 0.0 0.0 0.0 0.0 0.0 0.0 0.0 0.0 0.0 0.0 0.0 0.0 0.0 0.0 0.0 0.0 0.0 0.0 0.0 0.0 0.0 0.0 0.0 0.0 0.0 0.0 0.0 0.0 0.0 0.0 0.0 0.0 0.0 0.0 0.0 0.0 0.0
34.077856719969134 11.48582920541852 94.25632094354053 28.520405511897906 71.24749186582042 21.828327084371843 35.52358985312783 29.450321828501263 80.90368455140796 23.745246173248862 81.22444020261503 71.91586446223764 52.66808081450982 -16.872973937682623 17.15608657584206 25.746516077004518 34.101074257696176 9.466748321025829 11.013858259960585 19.540225999356107 27.828933690479566 48.26143772675349 4.878573529250499 47.66984559134685 64.29131481173185 10.044598616907432 68.12065143476642 3.5953618092214867 15.293046663937304 -41.89955006935513 -25.076183485218714 53.233801746529885 67.75729180180602 12.171371537734139 69.20679329002475 54.03567490308783 -31.5020507497737 51.39515661774087 50.69750141879446 23.698392998429348 -10.589689154453726 -31.12625745531158 35.43455592458838 17.249844887736984 35.3587233242476 27.463665043696203 62.396240383418146 21.600070563526167 -33.31607358549536 -22.25138658807774 6.706236736400598 56.576454232718355 -20.802374128628884 -35.88688297126629 31.14264341175833 -31.88865444702439 35.79220715398183 -32.099490878002726 27.130672854701714 31.736091579666216 66.32130081776896 32.09665474121739 3.4859017031122193 1017.4812080130741 0.0 0.0 0.0 0.0 0.0 0.0 0.0 0.0 0.0 0.0 0.0 0.0 0.0 0.0 0.0 0.0 0.0 0.0 0.0 0.0 0.0 0.0 0.0 0.0 0.0 0.0 0.0 0.0 0.0 0.0 0.0 0.0 0.0 0.0 0.0 0.0
44.90320603423775 38.334522162184044 64.99938913199077 20.446247175755506 58.24592799129856 72.882034004304 5.822969355427752 19.38761499204529 0.9659504444507583 -11.758342393574939 32.46132972119024 70.70698725740249 -4.183968315290787 53.44471835975253 30.27690935636988 -2.188642744874702 72.9997693261467 40.70383649108277 61.48230962418904 1.1022937968605468 -29.23771868505141 55.23397171166542 59.10997264620978 72.54677646025314 -10.319654300018126 66.99618628436447 67.83805355768533 6.165693725265246 60.376455612053334 -3.6783939255822276 63.08060396626059 47.23666837165045 -10.147996819072358 0.9894960466866252 20.589918909642 10.764331913799872 0.6107149604195214 63.21446513272312 12.85875709164273 -28.22893895172973 -20.28509965845363 -11.687913343574259 22.64264159239285 47.81971656815065 18.220201573692968 -26.440306270743584 53.99648201162548 22.31846372011038 25.211771851939496 43.87921847187008 56.17580095577866 -5.3141506867876735 -22.941035820459007 -1.284988001977851 -35.55840890741557 67.5151099329014 37.33856350806423 13.976568382861238 51.98472793876574 20.054534147343432 28.32573669572993 1.0290516705764645 -13.867183636937124 -8.046975184176034 1039.8093339694713 0.0 0.0 0.0 0.0 0.0 0.0 0.0 0.0 0.0 0.0 0.0 0.0 0.0 0.0 0.0 0.0 0.0 0.0 0.0 0.0 0.0 0.0 0.0 0.0 0.0 0.0 0.0 0.0 0.0 0.0 0.0 0.0 0.0 0.0 0.0
48.98224611633322 33.922392398404014 51.66359829356893 52.33765351084691 3.351083718729676 7.023865477425375 52.642748751103476 -2.5243118667522975 76.86511274346742 50.53774795793425 75.33378893530661 65.86355862968213 65.36183056012068 73.20176163031734 65.35263174654072 20.757646692625872 0.3881351137896196 -3.617811477859881 35.311788702407625 36.17855802835844 0.838308580185597 33.46537996728921 -11.812118742120973 -23.552585115885606 -11.564266066646248 -24.811959511374408 -19.53813654967154 -13.534199827731218 39.750889804062496 52.9037347077704 34.358105187805414 55.178371625237276 32.11908164280498 31.827580163618354 36.727840644493895 -18.43304987251328 44.95654980069647 12.773561870012692 -31.56256340102562 9.407863919354337 66.0381229342432 -27.599729125985196 -2.52268072431616 40.36704256073553 -14.495018976246701 -10.052125221122527 45.63503971629045 56.170183164579505 35.67077578021893 23.086996769608426 57.124613077158436 -18.374737524617714 19.413307445736066 -30.107006570279637 -19.02006406571048 55.5599236011609 50.418814525678506 -11.525607348484773 41.09611348188108 30.883336215801407 1.7519984148285275 -22.873872781772626 -11.902782043312428 -17.149481251986607 43.28280062496723 997.3162566582358 0.0 0.0 0.0 0.0 0.0 0.0 0.0 0.0 0.0 0.0 0.0 0.0 0.0 0.0 0.0 0.0 0.0 0.0 0.0 0.0 0.0 0.0 0.0 0.0 0.0 0.0 0.0 0.0 0.0 0.0 0.0 0.0 0.0 0.0
37.13652735552447 39.44635051262191 62.80973139401068 13.76966231781035 36.32479722376653 62.91441216155917 58.00867371415018 30.569687094687193 -2.3460055664073423 77.48370627317753 -5.832175831889131 49.4016566292488 27.207583022632456 47.51128946886436 -15.159678764981152 50.52604540191449 40.603009652629225 56.91331988816453 -18.999872065688738 20.056602173756357 8.749060211277236 63.7534634598543 51.52623112489571 58.6600084600491 -11.242339449083172 64.13189378960118 -25.272676454290526 61.469666997930474 -14.09657052713365 46.03571608964206 -4.452833525817361 15.76204656833449 42.403666933324374 -16.7780664248115 27.590418804746133 56.40309627596418 43.70828216142916 58.89461056136996 18.091731646022517 61.54973389716383 -32.179563748895184 39.84719013169666 43.318645769073626 45.46520141843739 25.581592989420162 52.36659044796332 -11.789288411277596 16.595140785819716 44.96230065843028 -36.635910996462506 4.644535745255425 -31.241364650051672 -29.693098344003786 -23.639713705464914 -18.027462318895452 -22.54927394080675 -26.495681445078084 -0.44717464870176826 -36.04161217903913 25.697329706194942 -15.347103286951807 61.52889443277058 -41.22908088911663 37.20357786907906 -26.656551862765095 -10.491357038764033 1032.9084134016646 0.0 0.0 0.0 0.0 0.0 0.0 0.0 0.0 0.0 0.0 0.0 0.0 0.0 0.0 0.0 0.0 0.0 0.0 0.0 0.0 0.0 0.0 0.0 0.0 0.0 0.0 0.0 0.0 0.0 0.0 0.0 0.0 0.0
66.12816486407678 65.23687450297216 17.802807756285688 65.26736840456753 21.25449853281388 75.26462103534124 -6.290272476392209 -14.61556074120563 58.762135810152344 4.5879917235483365 56.686500888150945 47.661157091159026 67.00924031522646 11.471412356721789 49.10117373856008 51.29212782097659 -1.9331704684239384 29.881397641717868 -6.495119523440334 30.855180936369592 69.95050024024405 10.425048408274673 16.800661610255606 43.08474980090277 40.38331701889985 6.482101144437998 55.98193593157518 -14.396713103080298 46.947015434039606 27.40494919330399 36.7466096904105 56.48093181068823 25.388913754497544 28.24504163331448 -26.8788045483049 -9.244237541665449 -28.160906695424124 2.326253061127524 21.36515454363242 68.13469441943704 29.37959334982371 50.60465105313066 27.66621301284573 55.17098701997727 4.336691864654583 7.399206435100915 24.223432224256342 51.58421405795042 5.406142041100026 42.476764276801035 25.11523404088478 2.880917809621259 19.884917487408217 26.51062396199115 -26.098177570722292 8.990457784176193 -34.98647476733155 17.982491846447076 -15.10835226323368 -6.931125946781414 6.989253507355777 -12.79609076948941 -20.873028179412135 -11.044346656723956 3.697961058766495 38.398824435869265 -2.8208743255076207 1009.4198964033541 0.0 0.0 0.0 0.0 0.0 0.0 0.0 0.0 0.0 0.0 0.0 0.0 0.0 0.0 0.0 0.0 0.0 0.0 0.0 0.0 0.0 0.0 0.0 0.0 0.0 0.0 0.0 0.0 0.0 0.0 0.0 0.0
10.221364767313366 49.974476639496885 18.55933610535243 78.48952470728067 75.42484882156464 14.766076609735846 67.3292725808473 70.90776500467908 13.932353482419815 0.8895116184293457 9.990871826861898 38.325356775578555 44.272033025116144 64.99869613293806 34.834960183966224 27.347176711492857 -9.251901997942891 47.15912008430378 65.59441458549603 8.983027856374118 -21.463688157834063 7.89179469721655 8.876574386277195 39.68600253025794 52.04129089897987 54.53947026631677 45.31054929840782 3.225276064744662 47.04390371716571 24.054093812972106 46.000855616644245 21.719266715745917 24.325788180673285 -30.437388182448558 52.80025456873119 -18.76651903862545 20.504035603977464 30.624617014647132 2.2893968735599763 21.576359098037894 67.23305455351819 27.804556755423327 -26.620159247007333 47.907441156533125 -4.481374354192219 -18.325408052056815 15.33831433567024 54.54233064274788 -1.136951827123358 46.14402560415372 -21.078590368095654 -18.67764736993824 -27.12440720764416 49.234801887580566 -2.6216835830979264 -13.426322515517887 -27.48120498395297 47.322195178408556 -19.39911005022774 -20.086998512641568 44.99350443418219 25.79421016999467 9.796268791696257 0.9119694964773757 32.78385590448162 -0.2434783050803162 33.50212514949643 46.82379373388588 1025.2200040164082 0.0 0.0 0.0 0.0 0.0 0.0 0.0 0.0 0.0 0.0 0.0 0.0 0.0 0.0 0.0 0.0 0.0 0.0 0.0 0.0 0.0 0.0 0.0 0.0 0.0 0.0 0.0 0.0 0.0 0.0 0.0
47.034910265890815 15.384805129599647 89.98364089345174 11.446168902605205 4.246143577745638 57.58860476541965 54.36875521106532 30.687693596553494 89.04910630211114 48.17834062849278 14.998041259886714 53.52805595427044 15.788090459123516 0.4688897941471346 -17.410623716863817 5.337912447064884 9.326231652199656 32.37498625851681 16.833296742583613 25.274257871479225 0.07755887021249563 -19.02481374933302 60.20083582584921 6.617923053032165 70.62262403886447 -2.590695751481501 9.018115128528596 61.14782170139516 75.4782772639666 16.201081123349528 14.53674159908639 56.71700905087867 -9.92229869489616 -26.036427424123385 39.73091444017717 -17.579753670184054 3.9590110788410513 4.118687807952419 17.672518919561096 9.163005711010292 31.182465989892304 15.336000489738446 59.786034182755856 -16.556029783811656 42.25016590199568 39.772105606575984 -6.798780996866377 -14.801094919104525 32.02843009604731 -12.445971441868647 -12.113852429880708 55.696675997859884 60.228464743321425 41.425618187249285 -16.257637544711322 -24.565685351025955 -4.686540235893972 -33.76676668237411 -12.808824398409943 -39.36049594816573 3.4712958266597767 -31.437813852668835 38.781534260013494 -29.441841350485117 75.48903366539832 -30.667273094873515 48.23837962294686 33.96592015415789 59.06145246050477 1066.7019776618215 0.0 0.0 0.0 0.0 0.0 0.0 0.0 0.0 0.0 0.0 0.0 0.0 0.0 0.0 0.0 0.0 0.0 0.0 0.0 0.0 0.0 0.0 0.0 0.0 0.0 0.0 0.0 0.0 0.0 0.0
6.917508059447653 68.12761618462756 -1.1875748344244694 1.6777971354549193 37.01370105156985 66.39607048541296 29.167719130388356 72.60553521291949 71.86780289669952 71.84224586505077 18.21554913416426 61.75799321775571 -6.244953490071371 16.504652298899654 -10.1067601122745 59.2296082878393 -16.529839695073097 34.97519347724038 -8.73016168088417 69.21005163514255 -19.95824969427642 0.0015755920521343114 51.3551807312362 38.76546542572754 31.633899918979957 -13.884998286189155 -7.019995343977058 59.40115672952156 8.612660462677518 25.79710048783809 62.490540349991065 1.8863851876578934 23.521182261301213 43.12366438887526 -14.001653321267408 -10.113417435539372 30.86148663961275 -3.4429898100114116 20.442909551454783 45.90085043818391 73.11685067709176 3.2146748818394713 29.56980499659347 6.00978161353261 52.99911088352718 -12.598503593950735 40.05082252934324 15.547050573029075 -17.05864502226555 45.35324634787125 28.8800628442386 67.96808752825171 15.540323953952594 5.7373917731617965 52.510097386923576 55.331247543403876 -29.48152658718906 26.493771670363436 57.60524994763431 60.478836188909895 54.64207618664863 44.63723760461371 34.36581474755786 35.78111174432013 21.96973966031372 0.01690257675632978 54.17487145163201 16.21761350031383 9.832671442177976 38.39662916570398 978.4715499982753 0.0 0.0 0.0 0.0 0.0 0.0 0.0 0.0 0.0 0.0 0.0 0.0 0.0 0.0 0.0 0.0 0.0 0.0 0.0 0.0 0.0 0.0 0.0 0.0 0.0 0.0 0.0 0.0 0.0
36.71244123667335 74.78844822507729 94.36180653546565 34.46472349816437 -5.333155359752579 40.910755447928096 22.423194721901844 23.591460576685048 28.050725760724387 63.762020266597126 12.195066409415679 59.93048591872342 65.94022014324457 63.97402397398508 48.916047505126 63.354869161483535 -3.201892890654385 -16.81118873403635 -9.508436639831924 22.285753982048725 47.290656899848415 26.394027861554857 -28.567547225979872 -16.04375758472201 18.519187004360454 14.815784123538553 55.61528815293122 -21.41868157369472 5.889357377914948 30.051103533452277 -10.116701815486188 -19.62082133137978 66.16295407968678 54.6329643707716 6.271281699165364 -4.845383570074091 30.141097932815796 21.13556013774692 53.07605390403414 38.968474362195465 -11.628635615649255 52.46577242736027 29.085336624116614 -3.661130938857383 8.490794924722977 13.508244274797192 50.45603767418421 10.913435092454414 -40.04543327241177 6.597572741912856 47.279809072988726 -3.8581667469439545 -11.916008120835851 55.8326852719031 41.16484029229566 5.3872308602619015 -28.805882705855897 10.80228304209107 43.71992305522835 -1.0107752791949096 65.32924790018198 31.63489503513817 -1.9078328983846973 29.41251996753263 46.15986121409412 21.814413933201052 -19.03760501247439 -34.63871853440067 39.44613639036195 -34.185542561434076 -18.11081645513751 1032.903446135752 0.0 0.0 0.0 0.0 0.0 0.0 0.0 0.0 0.0 0.0 0.0 0.0 0.0 0.0 0.0 0.0 0.0 0.0 0.0 0.0 0.0 0.0 0.0 0.0 0.0 0.0 0.0 0.0
36.38340229219025 65.47604180719205 58.39283955814453 20.81566303303714 72.98309027363788 57.37820989638847 30.337050369654435 51.889997913674506 54.01021048458914 20.210102811181198 58.44753893706412 16.367076252129053 5.426084163908122 -12.405880531136397 -11.635631858060375 37.70470720501138 -9.168444883979653 23.02231868064552 38.61266478863216 75.20317615631942 2.161861859300192 -17.574711655503556 35.534827977224545 30.26483230773049 15.636223297829765 22.659423544193757 15.81711882535146 55.604140222517096 15.161350460422536 33.03201082433056 -27.86850257209396 65.60530616927484 54.85843498398673 -17.142696757985046 16.463483156548197 -15.764262538640736 47.15493069400301 68.26747295044987 -8.760160690651027 18.47684739918637 19.809918656131284 -1.7392883976583988 24.61227753715124 47.656089158990596 46.1495471190817 22.959707806825683 -10.107986467889162 -37.614803417165525 44.41055863906414 -10.052338716303655 44.27779828510793 23.828042812962167 33.58588423165244 17.0883914347679 45.88083576741636 -7.458733416161287 43.02665528368956 63.01552677621347 53.81165380389233 -23.224250096832527 -17.111071080477075 -18.680321022360467 -12.93750391296463 36.04231583002902 10.243857126347272 -35.82845869848044 6.36888474646635 36.69723580840612 -33.75033528752311 11.701011305699762 -41.42531378300676 1.5442172941474297 956.3568363462664 0.0 0.0 0.0 0.0 0.0 0.0 0.0 0.0 0.0 0.0 0.0 0.0 0.0 0.0 0.0 0.0 0.0 0.0 0.0 0.0 0.0 0.0 0.0 0.0 0.0 0.0 0.0
23.336791860820313 56.66604127728061 15.20325103398902 15.466959807076389 69.91195374035513 -0.7638621777997088 -0.15659047528788417 55.88261556855571 78.11194133616578 83.07098337445635 55.026358697902765 75.71658186021041 41.20087299112366 53.65782711177978 45.24168406281716 19.676513717339777 55.31684017350499 37.200234895527785 58.45903148713193 49.3729938089072 -7.184493952549861 -11.841147164741944 -2.7313005289748844 47.6408827165352 17.974818093982343 33.505295725535426 28.204465251106868 36.86149934688061 -9.96826798348588 19.933200874409515 -32.26771420187834 -4.860801281293526 26.804048428113717 43.18466905669768 5.363217475137656 6.397166712891071 14.015768034342912 -9.982358759289262 53.21817789611883 46.58481954404817 -3.756813682023374 32.17442632010846 8.500962843825718 55.52507392541196 4.036357283272643 -25.165418380266026 -22.16026823921464 53.894431856661356 30.35570611847234 -30.90512965541728 10.857864590575332 52.479324592825286 37.58288712996787 -6.203292499185544 2.6812564748897856 -23.61415041438753 2.5944522091123474 39.63953412223873 49.61670377535108 48.41879867938453 25.24587228015688 37.3645279205182 23.514750297059443 -37.38034107345989 12.340598770982005 -29.20972351331752 30.93946650711139 9.197161333843635 -27.918253824450595 3.153512883805469 49.2725336821684 -30.068109244226143 53.09571749346157 981.2477569278899 0.0 0.0 0.0 0.0 0.0 0.0 0.0 0.0 0.0 0.0 0.0 0.0 0.0 0.0 0.0 0.0 0.0 0.0 0.0 0.0 0.0 0.0 0.0 0.0 0.0 0.0
60.493918006626444 90.93340701845136 62.03131205516561 28.281153659126904 30.680886959861034 13.056030546315483 3.0200886514300223 57.21910751878278 61.830584025347534 -10.527633387851923 35.488988532743655 46.32820227890849 -2.7190469702874047 26.60303818301588 0.15945254253373875 -11.971820369510185 -10.077748273211741 56.371332155050816 -16.196472879126585 61.18241919501861 43.746935919775254 -10.279891518974214 -16.85525728386182 34.23133015767351 66.07586488796483 -25.70671389423486 35.74919540732461 3.955023527696053 56.89619855297549 36.6769811001359 -34.40317265560908 -11.33521366002718 -12.362796367153017 44.85082970513589 -9.808197797422576 50.824459656719725 -30.93213881510965 15.287975712622387 -21.057429633979037 -8.510313097862262 -32.29832013468975 -1.4839130285136797 21.774131904430973 15.137660159349728 41.82454205454524 -29.167609026522506 -6.509589128392545 69.8700392118083 8.313159701358973 36.845857520238525 21.815242506060642 -19.78107109237384 4.3051279849937245 17.18186097469516 65.50712844719614 -16.994632062966037 48.80197133226642 -1.2682853095404454 25.248097878091038 42.77300919262221 -11.293367974754865 -3.7701676205934795 -13.845920454327992 -1.8465494780369305 6.094031424888641 73.16851736062164 48.35917763691559 62.69417716319829 33.35375861144803 -11.760301371060464 58.2927945472344 17.054497677541107 -18.03614379673231 20.715340013172423 1002.9458321278194 0.0 0.0 0.0 0.0 0.0 0.0 0.0 0.0 0.0 0.0 0.0 0.0 0.0 0.0 0.0 0.0 0.0 0.0 0.0 0.0 0.0 0.0 0.0 0.0 0.0
11.56511483529286 72.09108285391204 58.18514211010434 21.774478532578108 80.46230908388813 33.97270550220033 81.27709130818138 23.515953546930703 64.41744143252767 67.01285080252899 -11.402067958278026 -10.67465186610918 32.46417303334598 52.9477033238459 4.828563516430972 77.03843565989098 24.07003921120765 19.976133693440566 50.91760412953676 21.357921406532757 46.21685527496433 -12.360412307755624 40.45034779125846 -1.4213265980041143 41.972310583690806 11.15121858161639 57.976227855875415 -20.54061111869007 63.26907382230512 -15.180937435369575 59.32619134453425 -1.7769310661328674 54.68425719873111 26.348433982627192 -20.76185148012118 17.974555382000645 68.90609672034806 -33.42305983422256 7.664887456677505 -3.8691120455741093 52.63941721252167 8.400779783933721 -25.586836373672046 -13.825973222373435 -31.982541934789396 16.259340938940582 -8.507173202408815 -16.89187960882683 47.088952593585184 6.201392839523507 38.01672219894107 38.80968361049517 41.976277850143205 1.2992479059700344 5.2523853715904 -28.660054169779663 -35.3143602902845 -30.654471615383343 39.239968130174425 28.16288924960451 -11.536351437307186 -16.94589761637533 -26.03368525790799 63.617366084941054 55.11215796105321 17.7513757602536 -2.5713061371433454 60.3325280623652 -34.342899441809664 48.61130177507498 -16.26991052813525 -33.52807119087187 -2.7174981446857203 -3.6355144558205197 39.72251051461274 1022.7678597073617 0.0 0.0 0.0 0.0 0.0 0.0 0.0 0.0 0.0 0.0 0.0 0.0 0.0 0.0 0.0 0.0 0.0 0.0 0.0 0.0 0.0 0.0 0.0 0.0
12.886205491229223 34.20839735354789 79.3325007263887 27.02930797212825 2.256229455553555 21.053878260812958 -5.220878579068108 14.091269233002308 46.08855369862013 4.079398487560599 79.37101177389444 46.23026078946127 50.34540796202066 -7.635169651776946 11.261822883454077 11.886472459069449 -14.209200071182368 13.507921110588399 23.68368301392291 34.14559980338082 25.606052657425103 27.92453326320004 79.9846732001605 7.890959299646433 20.95606568853632 59.78416571384774 47.1531663198965 -11.552315443042083 26.422956464792996 26.161475704572084 -6.801976389950884 74.61649293346454 -10.50728748794036 -19.385135947168514 79.04156978788384 41.983054578583435 -5.535361366182432 64.3759510068025 23.43876635645844 -10.516713745469529 8.96299561026391 67.35090321912857 -13.2252785688455 45.54803841033488 -13.365501983028015 67.90438359326953 62.792126180060166 67.37464941549584 5.882346690133595 31.86822743637431 -35.71795943996178 48.294116893776014 -27.764494754228785 -20.726844867559823 51.342170854603495 -15.474764466391763 56.37773156719121 26.1474114226199 18.069232798502483 58.81272584135171 42.07030301814355 23.570797442010516 -22.250414268392017 -10.684128250062532 27.800034047406022 40.57800601221748 26.573345058926755 11.091517323182153 -28.07657532602866 34.94363746676777 26.618043317365732 3.408935138624095 20.5158388101814 31.171798368029542 43.711954690025905 47.981386838329016 1040.9496639647732 0.0 0.0 0.0 0.0 0.0 0.0 0.0 0.0 0.0 0.0 0.0 0.0 0.0 0.0 0.0 0.0 0.0 0.0 0.0 0.0 0.0 0.0 0.0
56.95206714931293 2.812350451202016 66.81637232260569 27.178948179196144 52.728400438305954 33.49764999206802 29.45168165301679 72.56224138517548 83.10938942812342 60.609590387416716 14.267103049410643 56.74472504831874 -8.364433993913064 50.19092346749366 26.847718400015644 62.56035674802082 10.994423019922067 31.207602953121885 60.39457209950665 14.340077618503116 23.722250341153504 24.422065153003565 66.02603691781773 26.568464880710188 21.629410845438287 -24.18865295034054 -5.318307922001116 -16.527974045563653 4.506477620317753 33.915327302307375 -11.159051014613556 36.08751870448104 21.583143711922165 60.76682698021974 45.30729852144145 51.18065754888091 -20.542273437241704 58.224255623879415 -29.7145223197438 53.437242696558755 35.72677759066208 12.536636933424319 -25.69138268381964 -30.421812019220145 8.044391326468812 4.609319723205786 48.86653260885436 32.1121657450744 -35.292509429906254 -8.469184440138594 -39.223701614557775 2.742381396601907 -8.511081580167659 -35.86550286666871 -22.997507873582435 52.10620529419873 -11.303492134441129 4.459248329658777 4.440658734156912 45.2203585036507 -5.712346953036235 -0.6833258359487111 27.467219247895528 63.470336448436136 41.230980725131325 -20.82229515278006 -5.082096080676358 8.173556459253355 31.900612408321045 55.55780276148989 0.47620683560638355 -25.161970540793703 19.119840505904264 0.45193007377865513 57.572628951293844 -17.807708141334416 2.460066887649397 1038.9823791932633 0.0 0.0 0.0 0.0 0.0 0.0 0.0 0.0 0.0 0.0 0.0 0.0 0.0 0.0 0.0 0.0 0.0 0.0 0.0 0.0 0.0 0.0
90.8989219973583 68.34218639186865 53.137397208923886 72.95367905351839 21.702661087570373 31.275469179872974 12.339510348524353 76.31670172952008 -10.561687234734384 -14.813740675838904 23.87368370564707 64.97041241298285 -20.74132103459749 -7.799063157885836 28.03634771627672 57.24418212927685 8.821919907914456 44.2783102055342 12.533000789339855 11.592434276681129 -19.62644122908314 -5.280816895667543 -19.020708176108876 45.55450480865471 26.789668259399466 54.03714537828221 71.30884002135045 30.71644630501744 -12.924779943003188 -7.134880142901622 43.38045391171203 -18.09537337479795 -26.955714010558317 60.818959208394645 -17.155380785046333 6.5419985438690915 63.0774741618941 -23.316566493531234 1.258574786947527 27.325507209782582 19.294948435548804 27.739870093032643 -2.40305070239706 81.15157280272275 15.792881396507624 -6.957058135254094 48.09722208060686 47.677237168066284 -12.71041606140713 11.116594735634894 25.931316382525825 -5.082493656700432 -1.2941637125503789 -19.160866307664996 62.00147605733647 -12.775517545264211 43.18715151376128 23.843194103586214 19.38802313721253 37.5820097062431 35.752593061780004 31.62019113624263 -14.093357522755074 -8.728323810480909 61.84577456396505 12.991443094468075 -10.564162309460155 65.70100104142531 6.819807152324152 -31.13903639746355 -22.057327099573463 -28.6056381290855 46.03876788778493 -6.009698727252722 -18.02516152513245 13.229128326434783 44.598576780235305 -32.867657367787515 981.4180987791905 0.0 0.0 0.0 0.0 0.0 0.0 0.0 0.0 0.0 0.0 0.0 0.0 0.0 0.0 0.0 0.0 0.0 0.0 0.0 0.0 0.0
4.125419351586277 79.89588944757708 84.04361901401533 68.62020298374024 -10.189895962145208 31.30359372521631 79.3965170140472 5.689292818577847 63.28251606043897 51.40502534030582 34.47182238867126 8.712909089408457 77.55697800598718 41.79227179368679 -18.23630248354114 29.668373944061344 7.818608853527266 26.83490980632689 8.153744526863932 20.87379528585736 32.34342886196762 -8.805547943700947 -3.4162040209231783 1.3117264327708185 -1.5330840057902755 -16.01626653098721 59.632419960510504 2.8622712485555653 12.531808412655849 18.522953416649585 -1.683954680754919 21.903041359780055 20.87018369834574 34.86707037388123 -2.627397196243898 48.31327652026228 14.734380562674279 37.586210217575555 -4.969675855568433 10.097054523187808 17.320439388236473 29.384861493920724 -12.129590924039118 27.89755687198582 26.172168466930337 39.70209168763089 39.21564576595864 -0.8473674633727839 40.679802905678194 -32.757699592987834 63.33016217532679 54.64105291673157 14.49027082887514 20.0390902595788 5.513354720441104 50.891843134280954 -25.077062386127082 -8.318100023491361 -1.8117027081908148 -6.567638810179748 -11.57133052606536 -10.075038325706046 -4.542775634949624 49.175021818371455 -33.2838879326644 47.30571111192418 -31.138471325688624 -4.340300932510647 58.919420621578766 10.912481292603296 18.004861334881923 14.655922386837673 -7.637587508118077 13.618571467368884 8.184154519932726 71.76119202161024 -17.664332317566668 54.47341665027637 27.022812918462904 985.8771519656325 0.0 0.0 0.0 0.0 0.0 0.0 0.0 0.0 0.0 0.0 0.0 0.0 0.0 0.0 0.0 0.0 0.0 0.0 0.0 0.0
15.186506082332246 56.649868773816685 35.991710014623415 44.7635854605719 86.25769077891907 58.62678782046923 52.66818150530621 27.68011480021334 66.22858288455886 68.39860841022923 58.28805676443376 17.221743923635252 -19.501801029317317 75.98980899609936 67.26254638015132 -20.235653527336943 6.774409002280443 -7.788197130649625 11.928880276767266 23.790199969531663 17.424838570325708 18.105417172037967 32.705815525289665 50.01383317580206 42.927295255727955 41.75281233540212 33.47341807443905 56.8659422600372 54.55855332213211 52.55997812706165 -13.61026096472871 47.01944816054511 45.2683447949669 6.1449959252429665 61.40724318110692 10.348635959684813 -30.314470553440678 -24.471996293909093 51.99941283752833 -12.452666986001294 46.286774951149944 1.7730914055340108 9.356219480177472 63.11510343549194 5.244971585397224 59.09080641636403 -50.66760880659896 42.75674493431992 -21.676856903628334 22.97551987419361 -14.611687993985846 -32.87683716185285 11.787025714044482 -35.70955618755107 -1.0574111746486565 35.00026799639071 46.84558375356731 11.621198633311707 16.554560179528316 -34.242499324420365 -25.139373151953382 8.451306477073956 -32.86437544029011 1.3105607239444623 -10.951899500200287 -31.058871778847024 46.45101770174836 -34.08226664657206 3.541586281524154 25.995136333543748 -5.496941010809991 38.86166857721663 67.57436092905405 51.33790442255933 43.748085946955364 3.596968504488423 4.858627471899553 -8.91587193190243 -16.709334448543974 48.70693465016799 1050.0595713554005 0.0 0.0 0.0 0.0 0.0 0.0 0.0 0.0 0.0 0.0 0.0 0.0 0.0 0.0 0.0 0.0 0.0 0.0 0.0
95.33609388686385 76.8635471405819 40.80305826185789 48.70084377400541 59.41113760732062 20.048906042361512 22.880990053594857 40.9860308163402 45.90199046127812 -8.178916771530895 60.6281904609971 46.22724316439501 33.93141461120728 58.27634673522239 -17.095654420774707 75.63311835318139 69.85344602118973 59.83921285486164 -16.24550387879054 33.25730585374574 -17.309527881776006 -15.950529355587962 15.521998056117155 40.53281639431449 65.54758189949018 26.005160574860355 -18.196322006424147 15.879428975561659 -2.1607398791198484 34.26738756594487 -16.70972927726344 27.630312164397218 13.053133429456828 -25.76397781478549 35.38870721485148 13.384103141879365 26.305199625895533 42.07489184685193 -14.685111622659782 -1.575810351277056 52.88552240817765 -0.48648532900625696 41.363953322765546 -8.040521582810918 -34.041834395736004 35.076056279974715 39.58405875345162 -3.070753326328692 -10.101242999090513 -4.701771132585918 15.09567551202602 -33.993264936405915 51.540198198383585 52.80890050376546 -31.276537390690663 -14.688464028762837 -4.001876972806734 19.51308636222531 -5.372547749596237 51.99952116644973 44.21300496817606 -21.511320395520862 -13.509548819496334 -0.9522179457409692 21.896145553917385 -30.26397908654863 -26.716633782376434 20.117833892278874 2.5499331281997613 23.41067484240572 -29.42799953350945 50.39479618298261 56.940444648706105 -17.893383500877665 -17.652593540664988 31.17026606658069 22.42291860351027 -43.35726922696499 -13.588691535655766 40.655185819689876 11.096381612180544 961.0227819561418 0.0 0.0 0.0 0.0 0.0 0.0 0.0 0.0 0.0 0.0 0.0 0.0 0.0 0.0 0.0 0.0 0.0 0.0
66.48556762016347 55.63588703426651 57.98244214528165 24.670453144114546 41.214009663215286 76.11728393817958 4.691135875571181 8.020558460103398 8.141380136368493 25.739231027033306 52.918918222509056 20.262639913678274 66.53048599765283 66.5452464431456 69.62605875922188 56.91296544781921 26.510321435387002 54.12496728902921 13.660815342890174 -22.993718250685056 66.39578176896622 59.563629257057386 22.314863914329436 29.8232563089217 36.37392702754653 47.74914916256458 -23.057838906812044 61.15429062763462 25.26138830353429 50.36872443667887 7.465131249426797 10.890427112100674 29.968542219958536 13.022002194355181 27.64652826666989 -49.42716218952425 9.858237767393746 -34.8973009348231 7.376562147471034 18.201270101348058 47.914282895985885 9.760769559963443 -22.15683550718765 -8.120280356634396 -39.166857914371406 -10.717647265010399 38.14126943387858 62.57966029194421 -9.963828617020994 50.6576671414314 9.565535981504688 -6.237244995551237 -35.14599433534126 18.458252344615033 25.027546472393723 0.29595867804867737 -17.579062685011337 -9.64868822604113 28.350472479405376 19.31142013851869 9.963211440673248 -29.74003245707072 -24.92758204678225 14.349082706167763 20.004486599888935 54.2758544250348 10.137516850644836 -38.408159783000755 -22.309010285145977 47.68208220260601 -9.840161787861746 -27.512906364076418 -16.61391986824288 -34.46287156617421 21.011536851270662 25.403504647671348 25.608802556735455 59.52009071765567 42.639060144387024 17.975523944688625 24.443323094491593 11.033670165741057 949.854836277815 0.0 0.0 0.0 0.0 0.0 0.0 0.0 0.0 0.0 0.0 0.0 0.0 0.0 0.0 0.0 0.0 0.0
18.205148248600423 25.420678125750886 93.52769087359843 24.418080620229894 50.381806244358636 73.74407597160739 22.117946913505484 9.050913354896881 30.46913923322948 35.66606178481489 63.43511761311726 58.71589187297477 59.189779549496095 23.81054252259986 67.53666199935654 55.67392163012535 -2.207330513337073 -0.37007345073145714 -30.095534045194885 44.8112116941983 36.512251602724774 -7.09574304587111 71.06119596245262 62.58116560614971 56.206049723940716 27.911481837777153 65.39355443133475 62.669111626421795 63.42188879191846 51.233734559056636 20.725814811167126 40.73349874783716 47.21765793183889 20.33377634833554 46.32740222343431 10.740297673705697 15.622593818164262 -13.888295468014142 -19.670944817097492 -9.026269531244349 18.78658103449373 -28.373336203146078 -27.312477008233117 -36.50684544870471 -27.724609664424893 35.14568675834965 3.146606206631958 -14.4969641738358 6.548354694053074 12.447328111607817 -4.351273800191592 21.86978134987448 49.47382240105683 -9.784536229372485 -18.535412158358987 -24.601577688480802 25.841658823911985 -3.3901805649089596 17.9559131402209 29.106324825656714 20.522892435719662 44.10697573172455 -35.03331300656618 29.72569918410383 -6.435379786745088 -23.141762765871476 19.104360742961155 20.230696001706825 -11.792585979398098 -15.876618271793822 -32.083484310632215 -7.0785387689378325 3.2046040225191135 -2.775202177492112 -22.831052003040497 -31.029574182463488 52.566017371154764 -17.669256267892223 53.248375603756685 69.05504881594214 15.393706541610797 -34.500969623115566 34.75705025859993 1001.7781913727342 0.0 0.0 0.0 0.0 0.0 0.0 0.0 0.0 0.0 0.0 0.0 0.0 0.0 0.0 0.0 0.0
9.76702206283799 91.67027779673577 85.46780373340373 33.17862672869461 50.00252996696119 -6.547280152154352 84.07565047158297 -7.819925046279282 39.54923630530077 12.02034340097913 8.067464156930093 3.889776695113081 47.228275428513015 60.575265109276486 73.64482958347334 45.3900914184436 19.413341014767276 41.47748776957518 -31.425913429497683 63.67443909598679 40.2599115998551 52.35751975360256 14.050619921206305 -19.81150342455732 1.0973637333584882 34.77755323649623 4.556971251523283 34.65034901991289 41.22401834437543 37.93219150583092 -1.53561510973487 37.63467175139631 -20.87791613564547 58.348361155198354 40.15912068091064 55.00197304516024 6.887875249015501 -23.829249314738988 20.72713241863906 29.535547865514502 35.43204381770204 49.09066835903232 12.504308531557175 -40.49572201587255 8.602097149518116 -11.065442817086065 -33.37997863301437 2.4220010947211357 64.6566775997099 37.76782453826045 41.87613765041526 -20.275219073113753 -10.852351917596106 48.1910414384651 -15.905792109661064 52.652829871060824 0.6581155189650119 32.578207355646725 -42.47849218104911 -4.496728079935021 -39.51027274346419 58.15572749085535 43.22721127535175 53.545734139828184 -5.958472965775364 2.733666298476262 -19.29475637693088 40.932339233229726 -39.21876211535172 3.582244022101513 -39.57863598933124 40.19561710663974 50.71213779194985 52.08507458348931 28.760678026835684 27.41846499090071 -2.718450786952168 -22.446483750762336 15.110306566256888 -39.44412022275128 40.251591239292075 -26.420909221939375 -3.8283920053553544 18.599587910170676 1025.6894361264945 0.0 0.0 0.0 0.0 0.0 0.0 0.0 0.0 0.0 0.0 0.0 0.0 0.0 0.0 0.0
89.3729380661837 -4.022624963098116 27.471586396701696 43.998203977365165 -2.1317306802297242 74.3694227611478 -5.0658649211578 34.550455914687674 60.315165862926065 -4.758624469229948 8.768107434235153 6.07460508281741 51.8594002241659 12.066928055337328 -7.029237753725358 20.727628982385312 59.53178922958925 29.34459207555985 48.39439298981781 69.1908607405538 62.98402249642584 58.51005884482594 29.490256662691927 53.70918022744318 63.10419712382218 1.244960266797083 -6.382998869005647 -1.7876555042041247 42.57077076584679 70.28073324216138 16.824883910931547 24.07156262118877 55.77649384533788 -27.29468922934837 53.707739243716595 46.764930977622015 40.84574819330671 5.836261142071606 23.595363628159745 69.27016517869245 4.904196372671414 34.089737422822154 58.44521096913479 22.327183827169456 -17.741596841942748 -11.58427539227458 3.868165459184098 60.50122159362754 -3.1966416543763074 -1.1322977567007797 -23.820270734292137 50.60760867486445 -34.79080872831091 2.052674079337727 25.661628118223035 -9.993369949428132 48.59567102902753 40.2629423613049 43.40550157335666 -20.217752278660576 56.80706935458124 21.987620067042847 -4.866722577035752 53.44354412492112 -8.387122577662076 10.198438152046819 54.3368706472611 20.326273122332374 51.911801059367185 18.18031780428535 -24.164972315991996 -29.43203870863179 -23.02145488770044 17.3884119929552 40.654155732620204 32.08422219797891 20.94247233414557 46.08338200789766 -23.308260086263726 18.31702682345496 45.145005027169404 32.5048473120278 -25.565445821345282 -5.289040012061729 -23.249514612701773 994.35097311621 0.0 0.0 0.0 0.0 0.0 0.0 0.0 0.0 0.0 0.0 0.0 0.0 0.0 0.0
74.95339988970815 49.48558243299603 62.76983753504468 43.44224505274583 38.83764819609847 47.801451173869594 62.01945024802893 -2.878437264253156 -4.372403737340761 21.756839546307088 46.63230871083836 72.85405521150984 9.08371772668185 -9.767906653124205 44.86234693042357 22.98382220732435 44.10575273160609 18.705889873627278 -30.380543773830524 55.26629461005014 54.60012871528362 -15.729474611963422 65.80439036848034 60.31516984220866 -10.71778888224474 -12.260616393262982 -7.852223187019872 28.232633926953348 57.83638387156617 -27.395879095799852 -1.6397348935239222 18.915929403031377 48.30577599120673 51.17914174471009 -4.4261091846075225 -0.45564341203656866 65.7441855505549 27.960685212416124 -15.903317224831355 -11.811882832440931 -28.286198218420914 43.01353521532583 55.93694976141461 56.39002071592604 54.90185034509142 48.90984362972253 42.081014404096365 -29.81494444919881 34.63648411649874 41.58998604527125 47.806024914593436 34.95034080863143 41.99109327539129 -26.33130099344159 32.590406502497245 2.3173497485685246 19.00239846185997 41.99439597786409 42.7449204079369 8.21538149259279 -29.08288497231604 -15.451590725794933 -26.380516493778785 32.88787071792987 6.562350367206406 -5.981011564433075 58.937007185301766 48.44844718226739 45.71964598641186 -35.51111988974292 54.524868330327436 40.79421195414249 14.611145669261987 55.635706830499245 19.831064329036046 12.84262957651434 -27.269700282585596 49.23838182446435 -28.61720113489643 24.39992473630806 51.794465573793985 -1.457228011603739 45.98933615141432 64.05660110729733 26.995435375909636 11.683959345952346 1045.0398881787041 0.0 0.0 0.0 0.0 0.0 0.0 0.0 0.0 0.0 0.0 0.0 0.0 0.0
55.94750616649077 77.86850267344731 92.6982706441878 8.834722195058227 -0.8521439159772886 33.193485555670904 -6.6720070500836055 82.11600945162427 36.7654841189234 76.83178140842405 -3.581729929059856 56.450509991000914 61.72202409244101 10.4184602935132 53.37830912504272 18.681804853394336 35.9580859484842 67.54123178141155 57.94867980204266 -16.112281061050403 -33.16191900747234 33.791284808987825 45.34947944880905 47.07408670336895 -21.132297101248284 -22.87163995671708 20.420020656639565 24.237669325550556 10.513755289888572 63.97173188127376 16.991358973666166 15.317720865854028 2.6772239718337048 65.78408919246579 -21.32919218775658 22.37673923089502 37.09629462396982 31.3037367623038 -9.799414523620946 -8.777391399401381 -27.51161369397022 56.81191383447916 -17.437003734469634 -9.72890282210071 -22.360563253628797 -6.774895225445828 21.45718249482909 53.9354842994684 -2.036392638610238 30.486400835354154 28.93791365640483 32.817159997282985 41.94730498357376 65.7497851447476 22.615110662772686 -24.16412488424296 11.583918324351039 6.085577018706388 15.117475534826312 0.19008977974697672 34.77866143992442 15.701836351523013 -8.139200037750747 -17.79920802479577 -36.37655134023395 -19.713416519332103 12.157681332180509 30.73812199180646 17.8895097052727 56.15101098967406 56.26714252250072 -30.78395658850203 56.613023360667086 35.233803179912925 0.1484827472654615 -22.796201945107935 -25.36823411585971 54.09232007641449 31.302231988197907 -12.051435012312425 57.40295506362804 -21.12932528846669 -16.300730909873046 30.358544280125194 9.115500017622061 -15.457684616886915 52.75490098258826 987.5444111106425 0.0 0.0 0.0 0.0 0.0 0.0 0.0 0.0 0.0 0.0 0.0 0.0
47.08073136763032 50.056495210228135 5.806665621841219 42.92908512327006 23.78339584004876 35.22947147540343 35.06068447162569 -3.6247614200575384 11.405672519629226 26.728957823525356 52.17036705980513 34.76729791914187 57.85513506127971 76.80419230038777 11.380503574026987 48.55545084778808 -8.123852187082012 25.49688374782774 17.228989701015024 7.805816409794684 2.3341493450432544 20.17561534624764 60.7284350154803 2.318518459193843 13.738091178814624 74.97642571610272 57.552427188839026 34.71244267142305 39.396907527853294 40.93970599801229 -19.25990910461509 -13.586210312429163 33.929486440551294 3.0980477358455154 46.96388724081211 29.748967033542776 5.955158018515192 -9.730843956719024 76.93121039750463 -9.729159066958562 -24.40616456180619 50.677240048642446 59.920605491239684 -3.1495115795466226 -5.711864301812369 30.118779920135665 42.23896331400696 -23.220252821578235 36.05931789323608 7.90511055685414 8.282485887954834 65.62041270331814 -9.563296849935323 1.8873858946314286 26.620101624146088 22.004182245908083 -27.053019340375318 14.924556830152738 7.086655319068264 -11.29839398733747 -21.89470120760165 -30.39188230471791 55.895705206825575 -15.88979699415766 -38.86770208639529 -3.2932419968568354 -19.417190902923792 31.379069851570712 44.96818369794379 -32.593553532985844 47.747811094784886 63.373557950481484 59.99566871672471 51.5335067989659 17.48191260966248 -15.323207586758095 -31.671206556084012 54.99241190357231 0.01932493634204846 0.258012233506264 -24.262554401033565 -21.024768388372124 -23.886123858060994 43.20959855009991 -4.710732488703506 53.483897500275795 52.107850990834706 5.197821448892935 966.5871463545116 0.0 0.0 0.0 0.0 0.0 0.0 0.0 0.0 0.0 0.0 0.0
93.58611408063128 54.44430110241886 87.73995267581225 10.469270473235492 55.108515481529956 83.28587873065945 -8.848014372708855 26.61911146574472 79.37780261285583 1.7568444758151394 41.59758731579792 27.03212642028043 -19.088551598829724 -12.676531025619319 38.20285311670532 -5.699514319756169 -22.071375363442336 22.0737020387688 60.13293314277454 56.97847367205215 -11.240159510669486 17.81161782945654 6.009815746796889 65.78149891770117 -22.4667910329051 31.536371594392833 29.001363525186214 25.38330819585206 -4.802073598862389 11.182083969941004 39.696490341602086 -10.283711699671684 24.749451899901413 41.7245322872188 26.66820744305021 10.60362949555276 65.13975767631898 20.13517402493754 39.26441965768838 15.19248293687652 -22.276239272956907 49.872434366860915 18.23792924844834 -15.881681665485964 33.56194998817544 18.62581645209832 20.042974284782446 1.4848146828463058 -33.02680983391536 -6.415156876275418 -1.3933492092306636 62.61501341157397 -18.060754993597346 7.8689503316866904 -4.543606602486022 9.849554059699464 -17.012167123644428 15.18692431930706 -2.9894572983366317 11.856401909186772 38.29845071434817 6.489980332950438 -25.423477674256468 -20.357365169867492 -37.47979597495904 -25.74528377593001 19.900080463865724 50.48728923614762 58.304385700562264 10.550901195101112 -14.624717839743628 9.781664657804605 36.99549224597747 45.60318230140683 45.59186397722156 19.962466504066278 50.34493085518219 12.629715878687655 44.85764027421662 57.861770148804595 14.217693799616761 4.972140075045729 38.14418194379981 -27.109337464457823 -10.095528277999087 -12.461862798016035 -25.871793029275242 60.50428750294638 0.8381959222415674 1027.4303363493077 0.0 0.0 0.0 0.0 0.0 0.0 0.0 0.0 0.0 0.0
37.500735498470796 96.54644038859712 83.11483485181397 17.296620987082896 78.91693586897597 36.25089321242668 -9.429240440472611 21.845049223619498 -4.337061229906471 42.82269642965902 10.153634196942633 85.2509143087176 25.349352252737994 -2.3872413998912876 71.0388224133121 56.19527059680937 8.359780327587 64.7518030905192 -24.69062557018229 29.114321821642427 43.22084749862734 -25.25687953882377 64.47116851171093 -22.700453700172517 -33.87720779663622 65.63737378048353 -14.536904427475099 50.762876288199365 65.22304936157991 -4.715076020928862 -4.487197141720298 -9.353815020941322 40.57950546718234 17.31476809258399 -13.749687249689849 -17.251284157691973 -34.43066263640459 35.46708590087657 51.16876416275331 24.308380858564362 -7.1043336889236635 3.49514637437834 36.19814763801078 40.28933272181288 17.27996234596914 2.0630279198261228 49.70876121184632 -16.507638853680703 -25.75242367956992 1.3425359321394694 11.346151966687941 50.61577191135619 -15.826228989641688 -3.7300741360042338 13.944010785652104 59.73658515922411 2.2680873829337784 -19.141318801999397 -10.683022310492959 44.59137194425319 33.86878675905963 41.335665180890764 2.36869005713627 -11.628220220083822 36.73837295772604 32.69452303100854 -25.884273941665672 53.068360254275035 -19.993141170672974 -10.425217156299027 -27.475202520193225 43.046158665830205 -32.559475585833894 -14.829438463628208 10.801541171399336 -2.2535189914454605 33.797328713878514 60.10054899040713 20.32957574707887 23.6340621517627 -16.455413075732444 -26.735616485097324 -16.21107030981759 -15.373077567251373 55.08072260085369 -3.770365989567729 -23.359148368310727 57.2766092645047 33.640026000232126 38.96577385660553 1011.4160416012248 0.0 0.0 0.0 0.0 0.0 0.0 0.0 0.0 0.0
15.39004450935377 12.444580880560343 57.07454687454346 59.48561596747188 21.047871374534857 68.3965113288515 60.695469556982026 -4.751437599524394 12.290322849785554 50.54930629520956 71.47762710973593 65.8206766710571 43.182765787981246 -0.9689232508033108 36.59347890704208 -12.8970838602823 27.160334164493634 35.46354428569293 13.927746090312684 22.26117561525328 53.34947897010284 24.929619484209738 55.50184144795297 -20.184751021169028 -11.943432470822081 21.032071275682977 65.7137811233222 -0.4460053530528718 65.28750403947815 56.68480791173709 68.16054165295424 42.95438396386347 70.0229691415964 -29.579286751611292 -6.406456876486654 29.433913919246912 7.483718272368268 41.717491995558106 3.1085572089978015 -4.279683609261394 5.468320757964094 -22.245538732347793 -23.33747733282529 -4.039377038172525 58.85236185013666 11.571673603272977 16.990540877968755 45.91482675897917 -13.24888283032573 -25.07963366407757 45.30250328539568 18.440879672824416 43.745203746143794 -4.723429395545914 8.726853442985849 4.138778651615759 14.479683803206463 54.80025581043942 50.34997889239082 21.514690980631244 35.64160416985162 30.906363737965464 46.370929097638545 54.77405584831566 -24.518649286407186 -13.376691708600497 -13.213466966635792 -22.15904929626223 -38.937342947927974 67.8210670883392 12.420938643889734 13.035458472710687 48.75406615679915 5.309796718733544 29.518981633466694 -0.7821822695126315 55.79252695971382 -17.388221679780614 -24.70934755916518 7.873934603485619 -7.53801042073863 -10.533056240948948 42.43899208418982 31.417706854428047 -4.420613818877946 9.650252469131352 -28.70680572615439 41.61560316505347 -23.005851665649498 30.908471141466144 -32.193112468766415 969.1773126811285 0.0 0.0 0.0 0.0 0.0 0.0 0.0 0.0
70.38881526149815 57.76073162004463 31.326392444176122 35.37240344086617 70.42849571432866 73.26846644093227 57.26181291981575 19.960165710433856 11.262381969758675 12.814603065325745 39.71988671446897 47.899625433075826 -6.0827049891335 16.28132970776823 61.48623357705364 -8.461531719118291 38.03426644772179 56.91819423756876 43.93451725913757 -12.404080636667294 51.77101055352342 51.392896811542414 -17.229858752556776 12.83618023139374 -11.366319049549869 41.61533639475234 23.269586545438678 -1.070616514986078 59.02047866988426 15.499581337636329 19.176669128353964 25.851050700471582 63.480205457783995 57.84359135517324 28.860405405762315 -22.952086035651114 -31.015024647389424 -2.95551752506276 -39.411523006016694 40.2750346352328 64.70042809517267 39.47716048225705 17.483996369202455 -0.20812970107655815 11.33243369750901 -14.63057336696015 32.527737210251516 58.09772804501769 -20.59122825776665 23.55741000329683 -16.99764312624526 -24.883933026359518 -41.937767000023115 -33.169402103466275 59.812523725456344 17.029047073084854 -28.038524753498788 42.02172466501331 4.476718112222883 -23.03784095703063 33.27250719518687 48.865280347860335 42.41624646038793 21.311209384426704 -29.410572590383225 -18.315107597569234 41.15378555191443 25.576346150348357 -10.658998917828605 21.265680163126618 12.353138094134081 11.634035841453311 41.62388444373906 -22.560357866288665 51.48333874732137 -36.26868616668265 -24.324712044368596 42.374626402873375 -38.76026070225155 9.888899923676298 48.25385775351967 49.60332406720947 11.384324004748457 -18.049921012826708 21.420277160799426 -11.285751963611496 -23.0005057669809 -46.83056802721381 8.75090964271638 -41.54683703497346 30.82507543246541 3.738139599098652 1003.3882018434686 0.0 0.0 0.0 0.0 0.0 0.0 0.0
84.75922351720273 56.449152013421276 37.89429018841318 21.136798691214842 22.276381020551966 35.48850762130584 -6.396934302738122 34.000189752746486 6.364265996610095 45.59333483627441 21.18104615926843 26.775575031758095 61.9412497259203 50.05391348924924 58.84628180931335 -6.733859545113866 18.558226405569517 -21.472123501995114 42.33359913592785 25.24720984688783 3.865405269889603 20.161550885744408 -15.00541059589103 31.67437094568017 68.36178787112365 22.43260531232659 -7.468229820974027 56.90664146411214 4.4975742117804955 -6.422364098612913 54.52494862968028 17.20301984927356 -4.160377741626501 35.346454223250106 48.36407064298375 38.50683622924451 28.48860604054991 -18.65626608438454 -26.538809270512015 66.53751003959677 -26.826467307337342 16.88043851613509 -10.588776655229317 17.657139016673973 -11.965234733818466 -9.720156567922913 4.258847940673604 -17.065553921550958 28.59639743498878 42.80202531879651 -34.36487393560057 39.647496646027136 13.505307408945647 69.03756669411425 -5.112084657228888 6.310319172110631 35.92556721648539 35.31110349672793 -8.720356132797551 3.990453241433258 40.289366807137874 -6.811309760448001 -8.512073774401188 37.808447085890464 -10.216333219511935 56.50691490561998 56.619040349756304 -1.8792871965038742 -15.082903878734468 2.2558685196410906 -4.687610330846546 -3.63353302340483 6.651652559927442 53.53143420474295 1.837200260175134 10.127348605480051 -2.8308912619090876 12.231625148775109 -25.148423507542667 8.98357034317484 52.57425903419457 -28.41368470296996 30.017454717785846 -4.152734495254553 0.7333902744824101 4.332372488194363 -2.8748286152838247 -20.59188581995425 -35.06214898459382 1.2976218072182242 32.48710080745056 1.7792381795498358 11.867005673733 990.2037476382068 0.0 0.0 0.0 0.0 0.0 0.0
46.21558549850092 64.14348804931056 5.234504795541643 32.00365761757445 88.95484020204331 84.65591951368367 2.711243397509932 49.77957004182487 40.35246255139623 77.75220420955667 78.43723381170983 32.00436741339096 -17.116761680723968 -4.4048741399587765 20.72551146786999 -5.161949878693559 28.10058385552038 66.61321164146014 -18.840910488063827 1.574494268727264 -4.417161903758046 61.31352255614674 64.45555665600916 36.80391784847399 34.73867708928271 31.910140767343243 -23.941511822958926 38.181492208838236 -4.772034477824128 22.50137939057764 -2.9846018794414206 10.823784974079928 -3.5787385085276533 51.73873444060636 60.86810165516075 2.693783471347018 -1.295985922643439 34.77549437509618 -32.40622219476243 -24.932299780269233 73.6018014823542 10.131199526798014 -9.058762325479172 -6.84063400436899 -13.85167306399924 12.122713126314665 61.024751322276614 -19.08824277812393 58.56013865098767 7.285783208851328 9.339703791372699 13.233704187233652 56.3908648753266 45.18544469802831 -9.842522130867255 38.80463614252331 28.391848175535607 -17.97724508139517 14.727099982653264 4.51706206803194 1.470540624084272 5.1065061374243115 27.145610184200677 53.268077835678795 36.240791615686106 23.072974396723012 5.109194539338837 -15.037009194870542 -25.423946271129005 78.89406786419362 28.264285474362993 16.344464514973893 55.15500874173425 -21.558615652904294 13.614674873504093 47.539495118919646 -9.256863589743617 -4.657075728791604 25.453558996957895 27.90329972486405 46.44425482778068 -23.949614781146792 55.97951917797092 8.124150652845245 -28.484373585791467 27.103651192804094 17.648290717480513 -10.733053910156716 8.530732984170754 -0.6269786288983923 10.316036931882678 63.30215993712408 46.65135743826413 37.465191885598166 1017.3729974199338 0.0 0.0 0.0 0.0 0.0
72.58258150750558 46.55392640386262 60.32785111850199 56.48488256910517 68.04625847578467 32.65248601376061 25.183279048801523 41.197384396665385 72.20593253580623 34.46558477402908 54.64269363301609 53.531444612773505 11.110151690038439 13.285984128460154 70.26987484655407 21.4043344343967 58.354064852201574 53.59797938260188 3.8168977514127604 70.81874777249996 -12.494976050869798 46.23624943876372 41.5110256499201 52.48195692207867 -26.39119803563493 57.274514357316775 -8.782238655989204 32.640759103980784 62.893254886606485 20.207484518044026 23.777449926248778 55.345687275217024 -31.291583559821916 -16.714409189413743 59.070626488178476 -18.106590699951298 -4.071177664374751 3.177128280583929 24.198176873070167 7.982320494000508 -2.903831881370337 -0.20960430414128695 39.51405498965864 4.440196837227674 35.93935972466077 0.824619443496367 16.06932641056435 -4.430566789094868 39.19192332605739 22.267865857105072 28.096836122005612 51.73082934888423 -33.187449631631885 18.49223046537938 -26.033476542215023 39.997544904144206 -24.03130107695086 -37.0595634623041 23.2691796004236 11.235619125551018 10.833356396389426 33.92448065090072 20.992748112584998 -3.591257979067258 54.64113162666489 50.50349437861978 18.859574179606625 11.067405692758733 -12.40806170384722 -40.00624579233513 -11.697391981937756 51.98364487399008 -27.546499875186335 0.8993494029074824 52.68927508101226 52.20455480828181 54.52237626598087 -13.15855409844621 34.41066351131828 47.77002857223119 -20.054032600760763 -2.344881910711628 47.20916793720349 7.288092038829426 3.2070204596516234 -30.17065653764683 0.3434231429224752 -46.35383956631715 -28.935214656814633 42.195084959840074 54.28499254666514 28.57675556113133 40.136300880776936 -12.075380005129983 38.4097103374982 960.8854031254052 0.0 0.0 0.0 0.0
88.4194643280898 11.30040684054432 27.160989694315656 17.907796949692326 -0.7776021573480447 74.22034340052892 24.966480336657973 75.94815534093183 67.39019564088805 56.0492892102464 61.402029861549615 60.01852380645571 50.56112597865811 2.827925868439298 55.7569001762861 46.547420565953146 36.096560097808094 5.187456996154118 41.40985038063996 33.43072141828329 15.983156878404245 62.917124077176865 17.066797591747076 0.23592841469663028 37.67260422677886 47.442973676257225 -21.245461545913393 31.76889432848825 3.6932440242912286 -15.368389453874425 -15.773384413123107 7.6363950218424606 4.066757794618383 18.097531319714836 -1.3812199816695525 36.01335256496049 33.71418703174978 43.526972242107895 -13.748956037431352 -35.45624275166689 42.11920636830013 39.56259343179566 49.82990434691699 26.1128614480449 28.90447602474597 -33.209031224210754 21.18829847764161 -19.868774427831458 -22.44332925339649 36.20908161303435 0.29709895448475265 43.094594864277916 -20.207934687701133 47.633653252327996 -21.694021843061577 33.53830201593178 26.711273563026644 -40.90638846637365 38.374032058600584 59.27011396851784 -33.55068851645835 -8.126222474223496 4.055551282551619 -23.129811824743026 56.48412683045191 -2.1507149378615793 -2.3343984620196103 11.402223954431577 11.64292656991622 12.227948679308945 -18.703541664221543 39.38571891156919 7.299960088984662 48.6398714921995 18.042269555165376 42.580113521289476 19.363637645335764 42.432119970997164 -2.326288977208904 36.87025843964844 -8.881109299752698 -5.039170451427353 6.57628025434089 -22.88257178578619 18.547533885387402 -26.1833028475471 6.824586389621238 44.575814265239416 13.399962451953904 9.63011635085881 5.532363697182262 31.551405803723434 -20.23580631424163 48.052091389658955 44.7517313656825 -50.07818208493356 1046.9488326185506 0.0 0.0 0.0
54.92521774177032 60.75396659388654 88.03911071053933 54.3049124541207 69.89430200059222 54.20468058580711 47.68214307411316 -6.0537569330358565 -11.658122965229513 71.34222340171621 41.32032567640886 52.52200643186299 17.577189446926546 -8.687682810926596 23.905577988647202 15.069279415898752 -7.809805842095784 50.64763974652581 8.040218004084842 64.30243242965574 24.115917386087556 -6.974909396622817 52.77681339455554 19.256116751731916 28.349235812785764 58.97991670239332 34.63745995435799 22.483366936144332 -1.3361224003538723 15.78575252656833 24.288883494420283 25.282075427220786 46.87454773744947 -26.233391511096812 -17.049607189853425 -1.8346434902269806 57.62635454992052 45.67913841158113 -39.14338369863192 19.17136952182582 -10.420387620474987 18.190512949449072 8.690903545731054 56.585961827118595 52.25179385365653 9.925620870388471 53.57802830208318 -12.265682577638891 -34.20521475473343 56.1571930155238 -25.247012721040086 -27.060968800434445 -4.948380996709382 18.121609959499644 63.822959721460734 35.058986259761056 -26.978908827662792 16.4564430953506 58.338361587604545 -9.892553080306659 60.09851148676158 -32.05038502211135 24.40635163031886 59.98939480390292 24.392989178566506 -1.3876635298709274 35.95227764664144 64.74989070035548 45.27460913426629 16.2884876101501 -37.3067856662152 -13.666000368252206 -6.650036360995969 28.205275353532933 40.49269241718612 -25.747701331325434 -47.21556604173247 -19.8060871385915 -30.50545463182051 18.461992747696293 6.502761363122701 -35.89604397210265 26.55677194428187 9.161736717326036 55.5616309025203 24.222938306314887 -16.003304309741335 23.39029263446583 -4.088361069954139 21.886326317328084 -53.913333091186644 -24.933440525828896 60.04833039105553 6.634439641099526 -21.031100430943653 22.472144936036592 -3.4071912211138837 967.5685105298285 0.0 0.0
18.866418995393847 1.0531970595014475 0.4466600956624662 42.6177990493819 63.00165871664414 83.64139136885456 14.997067312077895 8.796890277541717 62.835852920114526 11.288550356564867 86.79243566279752 63.44977823510479 66.91698100278614 52.73693161254654 63.49995774159581 52.02232530626697 47.49271515875003 15.90167467304487 54.91504548267832 23.854131754097878 63.31439772693698 74.51117010749267 -0.001732835095626939 50.16801345061936 2.645817951642556 7.461380952925733 47.91517041331018 -6.765369845406877 14.817319818851477 -29.650856610070093 23.027084953970714 -0.793402935584453 -12.069121773272016 16.902671209395923 -10.738489953620459 -30.349196777497795 39.28893150286963 47.937057698517265 27.97648530836571 33.14547503032573 10.727864073037939 -23.388714847484774 43.96318105807912 38.87343397071739 -32.06597800194783 67.75194205361153 49.55437377778797 41.2511706416922 -13.662728135783285 51.956130842139565 44.8231001464701 61.09522221414324 -16.519960050022192 -25.234390506678285 -18.119571500909522 4.401428665961735 -14.882456411693902 -23.228241536061198 55.9189876738786 -8.801595617834657 -17.607379697867177 -15.78961770941602 43.36795259731514 -46.71231715943951 10.301953357452717 -44.673810611978915 31.168293940548818 23.986196185070348 -26.378454324684746 -36.7392271163297 28.08358261952275 29.212841524685732 61.32876359361069 -14.688346274046474 -10.154304813227633 40.519285828311496 13.532990655407126 43.44767182093695 13.877199063131869 10.075220811172365 60.21923457999836 42.693346570980424 -26.08040377068756 -12.10553616243957 -34.983023642310506 18.101048125981656 -39.71211436108502 27.771838279701598 53.44951185818892 -34.78881904617973 -7.595317589942063 -0.7903868733894797 -32.539730415157734 -19.74539939402269 8.721850847142683 33.28508021131077 -30.260037427088996 19.894665060081394 957.4720695209903 0.0
33.40706783226251 95.3010556655952 19.98805483614607 15.17857038405641 30.646321778482616 35.03069966118761 27.80609090330901 28.234785100609464 48.96405721178576 30.25978346165508 16.67537124205427 -1.4291257404466489 73.46809811663616 -17.881016294220903 65.16479256098891 19.467645919135215 78.64221370194467 -21.226982197390097 -6.913907097602404 46.71392922945338 56.65795752663604 -9.588632596109061 47.91418280715358 29.0102836104164 35.280479953157815 39.19317609419994 -13.668879095762131 -10.799830214012115 44.64404564070749 32.42980556121682 9.205367497376947 13.958429154016326 5.78638676925134 0.38416989736918694 54.80454246353992 2.6521216397430827 15.100676551773041 75.91530443639573 19.4524113484294 18.137195459952093 29.440342519454294 -24.81623455188395 37.777566338985295 15.66242714732602 7.362388298621418 1.2626588710161428 -24.98487042502022 46.05759451248085 19.367414272922232 58.61296033476041 -4.665782836032605 21.464225866469796 15.132887460602646 -15.013989398636578 58.663457866391454 37.3310232210785 45.15803891547066 23.063397648964383 54.18768298415892 -12.405518705908841 31.882842789707947 13.278986298639623 7.447692746383318 28.128875329559452 -10.61387402012026 -17.42193976461356 -32.74059461376807 35.2213060440964 -16.295835693737565 -13.5684072203353 -32.21286240291847 37.95944999611033 -7.894805208406286 53.319900933174175 -8.74073614617717 -28.88015193239883 43.91253239478763 5.6223340334695635 -10.728872239307652 -4.526484299744531 2.7169125054078833 -31.627383140559616 11.41746795809739 1.7788587009403471 18.142156706563902 41.187719292699704 51.357555912662804 -34.63279118583276 31.55998833462305 18.33701062643408 4.669142197221426 16.15605036592639 28.60375243493003 11.679811456185568 -5.873167961468088 24.866747119897866 39.69333995969302 26.880778038564607 27.406979380722973 1056.5884936902853

Matrix U:
1.0 0.0672662454952918 0.0334880233264621 0.0338157489690918 0.02641938376333319 0.07302634027538236 0.0876758918267764 0.021639048880357156 0.05483118403300207 0.08138042087496875 0.024047098078535847 0.043226557822421255 0.029879346030115016 0.09437618864391711 0.0794602593673906 0.05199338672280064 0.04703156754952637 0.07682073663842462 0.06102187772566373 0.05028965215465173 0.052615123028004036 0.06197310735293923 0.09184353770915693 0.06492138913407745 0.03355877968733926 0.08100686935265304 0.006512269714530272 0.04078359365364689 0.09529495654664556 0.028177306339875866 0.06374394624687456 0.04567809205293494 0.00939860531550752 0.09581653906645457 0.05116798312807518 0.006747353802753317 0.08994812307070758 0.0772397544021281 0.08109958781487708 0.02332959483062888 0.08422231175266645 0.0669130187287699 0.0117540788727381 0.003774154909213419 0.00404885288941194 0.06997995386880178 0.09641884044991021 0.022300213556323365 0.021349000282371536 0.005948164491286248 0.07873012793387223 0.0799833157738418 0.06967904931128015 0.09216643360595657 0.020040364682272 0.04252464244585546 0.021922168714500402 0.09474366078574631 0.03812056473744667 0.03935126805823881 0.04646895690684712 0.043654647283737115 0.09650766715440062 0.03426011971775098 0.04600369098399437 0.024762681855776 0.05064446905596734 0.08662954706457875 0.005904906283541844 0.0459023020936355 0.04051701604202112 0.001119612301550029 0.07824579712760148 0.09068070351292548 0.03630739195442756 0.07043356210586281 0.021808499938611753 0.05373099037602598 0.06055234455519341 0.03761969426006743 0.046251131348456084 0.042898355090183644 0.04487406400091388 0.00953482919204435 0.055228741175359836 0.07015565181956385 0.013874301659772615 0.049402521388319035 0.07886867170465141 0.022934935263692183 0.0844394984829582 0.009990110385906357 0.015730748749833493 0.008389412025595452 0.06458842949870881 0.011288468105499654 0.048237483156644 0.016994351769439617 0.03892115219889946 0.049104705417051364
0.0 1.0 0.03402966522910465 0.08786098018030523 0.07527125564796325 0.08551920163807758 0.02333555432163975 0.07247000279240896 0.0866452244303849 0.014060895855340611 0.015961957699853778 0.016116245942531325 0.020570316089888137 0.032517804530573624 0.07467854298429664 0.011141548127328848 0.08188534963172396 0.07564633198149205 0.08388771947815091 0.020604908009778086 0.031666482054054645 0.049589928269609306 0.09018569563903497 0.0028989901559825938 0.047753221092258755 0.09500571752433924 0.0640621026743727 0.08006862310854881 0.0788753858317202 0.05630321566949483 0.09777588921120665 0.055285503912925034 0.09369962534555708 0.04290508527651977 0.04325828279935496 0.020607208027089253 0.04644607201068152 0.028299851422239078 0.011465723582229581 0.01800882377829809 0.04460838552573882 0.011351354897799917 0.042188808865703836 0.03442214092816394 0.0842820396427456 0.09062044573393058 0.036686408266297994 0.01728758039956284 0.05337593053413059 0.02457083251160382 0.05384520025600689 0.0013111434325058832 0.016254766796910538 0.008452449659090481 0.0020924151194367446 0.06144961527558625 0.09543729538975111 0.05483791229192 0.054252829539003365 0.08050268584105766 0.035154287699120046 0.029511448861075915 0.08081589379656323 0.004995045809148075 0.08230736824427975 0.03834807919614078 0.04981209205381945 0.04815295878790783 0.05532518390960693 0.09786823507106218 0.046932970930919006 0.05403445924234666 0.04657278109021166 0.0020697905437008233 0.08581876143294201 0.030485472086520374 0.045069387633969955 0.09723562473319428 0.022913709291944053 0.08633435701670912 0.09694714752969165 0.08233199473494689 0.0969372181873338 0.09341723774217124 0.029329598243022066 0.017584336801277824 0.03411365584838534 0.05148052495084607 0.0808051410697537 0.0774671837209012 0.04081780885377353 0.036222779306893355 0.03281642995420456 0.08266901699148448 0.07035102137185267 0.0371225610022491 0.07004252058428646 0.09387013892779784 0.07628683696948717 0.02657600335933072
0.0 0.0 1.0 0.043244933446272435 0.08008665195249594 0.015110485406668027 0.0888965126789614 0.06856934510902438 0.00999675380519189 0.09411061409300196 0.09445919800929818 0.06086843992428372 0.06125119006095208 0.042325555172474744 0.08284438157815213 0.0024881635574737927 0.00739099117250979 0.04024190464902768 0.026519316490528407 0.004829301410697212 0.026361853318305477 0.07302159257229277 0.032027789962255214 0.0842348846116809 0.0024764174141949356 0.05238564823115553 0.03535930190504823 0.059193103627558745 -0.002204777587083731 0.016613469296773375 0.09014299907588322 0.059943721273035606 0.019001743404087872 0.0110289161729292 0.010656569997758535 0.08645352919293038 0.06086081282877136 0.028270972672430925 0.09039594159537676 0.03621599547784667 0.08796513533430952 0.03973331195046056 0.02138764030676764 0.06449334493500658 0.07465338729023219 0.051626116983934656 0.0004033773270473764 0.09521099547934929 0.07622990114444234 0.08161520764582522 0.060979017151880616 0.08411893679278502 0.049072920949713 0.023194209197525597 0.04265601716148079 0.08745478935068751 0.025485816061308255 0.0717605004053014 0.063891913723696 0.08578784473701145 0.004472064808589462 0.019350938518621897 0.01887130318823768 0.06852828962925811 0.007503423910745189 0.05804940889957929 0.08471398802818655 -0.001077626043323408 0.06685183714510429 0.0909910187953945 0.08031795598639976 0.08574306920743104 0.053806977240688204 0.08658929736707327 0.0337977873702665 0.020809424714424336 0.06281284959088781 0.06963847263655731 0.014450700924015496 0.015128567515817702 0.005263113226765087 0.08814930753869515 0.028434042085223425 0.06363004710451806 0.012943201916974336 0.085628691223326 0.054301036553501304 0.07439637909210442 0.07268828319825357 -0.000690914589672456 0.0014243408122479719 0.09122181666694801 0.041730901954188174 0.05405856825537259 0.06158823371501238 0.025810496902913538 0.006956095792402198 0.054503843338999755 0.026778458780968153 0.02360679084141587
0.0 0.0 0.0 1.0 0.06788192033694626 0.0657111335683654 0.02075434399882439 0.057883157875173445 0.01628988756854957 0.006886895085365108 0.010177515024819705 0.0410324824807214 0.028621371438516438 0.06790671123347106 0.0024628465084216653 -0.0021865196888842687 0.07203635891483494 0.056654299133449354 0.060600168699228685 0.04948679484415995 0.06206753885883532 0.032359547092768184 0.06972164718562958 0.03952387516930295 0.025870401304010544 0.019081692459040803 0.0799538945586354 0.02387564926951912 0.07784493293007146 0.08819102209475917 0.023782764311274462 -0.003766275347179709 0.001601242601002108 0.07247432774928335 0.043563630616991485 0.08732245933644447 -0.003917439511631274 -0.001224935890332742 0.07547705488134264 0.0158342906319211 -0.007620282963449225 0.08499949159305878 -0.002937108222041096 0.02146421011372748 0.07599446655575438 0.049353579352444464 0.07193247643261708 0.053230984743418974 0.025243896282906773 0.015943551503473874 0.010764391575487614 0.06509561245639783 0.003131828435112858 0.03522228651055547 0.006012298374548317 0.021910875839096556 0.006786575207203721 0.035647198553586786 0.006483173181520734 0.0647462789012129 0.008478884287385519 0.06007134592427494 0.0048327167881501475 0.08927197061713335 0.07374766219583231 0.05584428232437404 0.04431396298953043 0.018086492019696247 0.06625983651568632 0.022017766383421233 0.04601937503688203 0.011337059885090102 0.061801412510605044 0.03943873610028406 0.009895276502405249 0.042111969019924665 -0.0013858474074579389 0.017286829857592074 0.03098384290161839 0.05300474107213308 0.016518342765357345 0.04939856288874392 0.0027551409643590454 0.0024784915220987793 0.034967436452640055 0.04909184962318429 0.046446256030393485 0.054631824438135725 0.027420356533031594 0.0664701073111632 0.08512072106258285 0.057383329910185986 0.08915143619866572 0.008885937543872263 -0.00925758579701888 0.08417675153473977 0.014633195169705845 0.02724551833694927 0.0720543809045293 0.04780437244236438
0.0 0.0 0.0 0.0 1.0 0.04793858564031167 0.029426033396556223 0.06719049411777563 0.0588242753480619 0.05545717841722225 0.07006319470940828 0.02739064274476316 0.009588130685333459 -0.0029898757024210323 -0.0022238210285224504 0.05712379725895698 0.06521377129475099 0.007554453758912633 0.06253455414534537 0.010919449197401452 0.014295695870879538 0.07105493577710252 -0.006393311249518531 0.02618525795917157 0.07361681921737986 0.007693033003392749 0.0047633594605568 0.009840884215965762 0.03313148146813612 0.06928689358457207 0.026746026786273445 0.0719176391682252 0.03249833867911321 0.055337688368476835 0.012890489766485285 0.0764245810180815 0.041133779576840744 0.003491015761684654 0.03656858514807106 0.011795282692857506 -0.007001245227274156 0.07279674481921429 0.01791101360398086 0.06431829535398749 0.0773355188679929 0.0212302941790428 0.08555618972049266 0.01681359966167137 0.04771467859276576 0.023479428000848988 0.04097435943199284 0.011677538969907048 0.0104824085223975 0.06983309781740442 0.058265971179295245 0.04255153285437878 0.026716737798611674 -0.0014770349947114956 0.004046997428378583 0.008616426445284833 -3.073637462950008e-05 0.05329587588624039 0.08069958500503531 0.00587798972327837 -0.0005726941349089825 0.03987811199791685 0.009732505848880349 0.056945026235367915 0.047598068457630587 0.02355678791949257 -0.0027763720737558274 0.0688781971929743 0.012981549306877836 0.04674057264254345 0.06953451459015436 0.05597353297362472 0.018515588310902838 0.03375190417107088 0.07970853131015967 0.02463807948875573 0.0733760744699829 0.07911199757203162 0.0040095201898008755 0.007898647096772477 -0.000674180007632429 0.025563465790810348 0.06174095223381497 0.045177475650656294 0.04254356769175756 0.012769924190716828 0.058219765142283664 0.0018497680104931815 0.02911599176390133 0.04266393355713672 0.011424352030229977 0.007227627117166369 0.03031575219246201 0.041100175105750966 0.03418410006711368 0.07471410129181119
0.0 0.0 0.0 0.0 0.0 1.0 0.027893472585464596 0.05527086844680921 0.036720929302071034 0.051087804660523685 -0.0050329991995341095 0.023244617150184138 0.06782127427942126 -0.0006357639408135651 0.05334519560175772 0.07526121547650015 0.011217111831633843 0.06375852821234188 0.06728964500040419 0.0791595207980236 0.05585450971748382 0.016680948460524453 0.01722811284728189 -0.005876280548060761 0.06557844203201611 0.03682120416933555 0.0003033679629601782 -0.007786672591943775 -0.012002410385738153 0.03500603970635622 0.06520643775912292 0.026369937395258336 0.011751500280489637 0.03355135135863342 0.054935333694782026 0.07114537492605229 0.034862272172256584 0.014591028695664964 0.045582871363729724 0.07929078482857173 0.05349943803893272 0.057953482949223256 0.029535633355610515 0.009853680777421511 0.0014478911349626996 0.02962347688157922 0.0690991712826743 0.08372617113401655 0.06443046194942496 0.062170322926790506 0.0796411033666134 0.02269461521182376 0.03441155060842918 0.012773700438093848 0.07644436855134347 0.0575683482793442 0.06926858824461789 0.006574698080322992 0.03788488680831376 -0.0037797936134341408 0.04841984661565576 0.0002363653198727571 0.02325846008579543 0.029706320874280146 0.08043977731766042 0.0747932960597256 0.03420657031750295 0.03378054769121036 0.08285623587205894 0.004475402501373242 0.05828148750254795 0.009641217880300623 0.05081554595555031 -0.002742639054371904 0.0675084181204754 0.05423847003785559 0.048384461916346495 0.031766212281143395 0.004394001165686735 0.06477410104468641 0.003653917541327514 0.06851567069910773 0.08249190387937702 0.06323084779325201 0.05431858113929289 0.030869563937992953 0.013220470059431043 0.03704749164375593 -0.012686048724673564 0.08484870805158927 0.06647907968429195 0.059031622130995116 0.001115969132262414 0.0840177077376246 -0.00039097874317694094 0.04424591312160046 0.025149827480352726 0.05422451593269019 0.008670217220307853 0.03889362161185057
0.0 0.0 0.0 0.0 0.0 0.0 1.0 0.012188898298578396 0.001300129431036827 0.0011841636819856006 -0.002071317553031906 -0.005214233359380551 0.04686329613264903 0.052721776545594214 0.012307224034078556 0.05335088652346382 0.003679664997928562 0.02882009589412135 0.07948717793233046 0.07457986012537715 0.043097605171626946 0.035498338939173285 -0.0024975509567108822 0.07037509742863264 0.07271773376826884 0.015597593532867571 0.039763073597200105 0.05200396527156359 0.060222857968849415 0.0744006375562722 -0.008064231222980101 0.031632383055378806 0.056582140191202716 0.07298421071634704 0.06437150039281117 0.011643214278329551 0.00957262747847616 0.03340598482795903 0.046262228131437974 0.06879327002535139 0.061495268171451185 0.032276761892783286 0.015879181991654907 0.06654194904784749 0.007290996209970548 0.030335747194961033 0.07732861935162683 0.07205318934962901 -0.005343368391908079 0.02838863101750343 -0.007246307590748349 0.02187920243332697 0.01248250312838732 0.0053373350109154685 0.07641204477042227 -0.0026025359871659996 0.04977191287782737 0.018299058487167317 -0.002413419023557991 0.060176309758383825 0.026335670614335185 0.03391025619503713 0.04369300637837529 0.01289691677909642 -0.004996200600021162 0.0074794342841516094 0.04720792424558827 0.052108635713033195 0.05623051651686409 0.058576269158512384 0.05670641547337961 0.04590535089719391 0.05915822868579607 0.011464345260745235 0.015883407204678013 0.03268651741748482 0.09158699747406766 0.06366452942599217 -0.005622745845938927 -0.006030270149225628 0.06082765763522201 0.05119169082751651 0.07973981635818995 0.0348431218011082 0.04847294126519715 0.04111883622421753 0.07322236095120538 0.054619075564641274 0.032472189335612855 0.028361740104833565 0.07295495826454344 0.08172473493005435 0.008843171550057517 0.03940749299719923 0.045090585002908495 0.003287971652867787 0.027675078456149974 0.08152360099431301 -0.009559649382043792 0.06434806297328624
0.0 0.0 0.0 0.0 0.0 0.0 0.0 1.0 0.06336062145483026 0.053499227721706136 0.050206931886203135 0.05612205940317241 0.08496655175079434 0.05870554913556005 0.058750504058636556 0.0657900337356358 -0.010229554209428844 0.009044669081936558 0.018130355300231042 0.07562152878210145 0.08053876776597067 0.02711605921603572 0.04740334017081249 0.01879292402848996 0.07202516559433164 0.07229035138695936 0.0683320488882722 0.0651577018115259 0.030437488638732572 0.022349202536420813 0.07467247804157826 0.027993456873401056 0.044379336695586476 0.037474866833569216 -0.006876698933511916 0.025724651891670513 0.07595138076607079 0.04278363923013806 0.046498435143415714 0.0254182643919445 0.04888647251543401 0.04777401879124969 0.04149864184111284 0.04305871639486175 0.0001231724013784 0.05535041621220251 0.00765589314340934 0.04886279397356966 0.08209998504306715 0.08098413860742978 0.0024409684440403756 0.024213539703670937 0.03260180225168049 -0.01105709031366237 0.007174937093763427 0.03308357381541657 0.07134291643730213 0.04094127028664966 0.027910784322790965 0.0586657251211088 0.07921054390948375 0.003489558150573805 0.025664146909645233 0.05601614057716338 0.0044262471900804595 0.06223042505956528 0.005767674589312031 -0.013399306094803274 0.03530666525026143 0.009976010323469973 0.021547025167010212 0.05548697673523173 0.009972021138242578 0.05914132772636936 0.08284850907215933 -0.007077832301901858 0.004203913166035309 0.02646979350616748 0.08103681720566033 0.06819742943373987 0.07871843361566226 0.05733290105004575 -0.003383937831907819 0.04577289555207379 0.0832199085332507 0.056653815312346915 0.0762173747999846 0.07267721597907659 0.031956448710398294 0.013121079977694301 0.04592294936165372 0.0013111084753884771 0.032449680705832935 -0.005405013557312064 0.01511206380334797 0.03528425325104265 -0.0031320105587503587 0.0376745886184915 -0.011684211892414295 0.0073354671822021475
0.0 0.0 0.0 0.0 0.0 0.0 0.0 0.0 1.0 0.047880764130105065 0.01875011930616767 0.046001461695013644 0.05064346579757137 0.022367105702360453 0.02816400437276408 0.03819432884135069 0.041350277297317946 0.03285571900816597 0.026530813226293908 0.03430241218287148 0.02357241634885859 0.02045672141336968 0.044048090914944445 0.023828282339426417 0.06299118163023747 0.046449508353717174 0.0007929513955171255 0.05041209104614105 0.014401257512949442 0.05522827307043671 0.03745705259551971 0.03801542963815625 -0.0023214000214699924 0.019873549611737963 0.018155492534551267 -0.014007964982472894 0.04436724846986718 0.07423847945555861 0.043883232383011984 0.055644863029854504 0.011263653406247772 0.004776944885461957 0.009557851991692873 0.056493788222965004 -0.01549833443768166 -0.012542707938965253 0.013768803991192511 0.03536664923227002 0.007086979968386466 0.030076240030967413 0.04082292460528626 -0.008147783372040356 0.022596656526879432 0.08387969747063567 0.011756331085611115 0.02337480732854219 0.04641848347466168 -0.0015015180518888843 -0.00618038307551195 -0.0011831112040476314 0.0720119664921175 0.020981848293949428 0.004964950440139959 0.05496397765131362 0.05736039471494803 0.023990876911820325 -0.010914286190161104 0.045315359897229075 -0.011604699348071129 0.02070450242770854 0.07228222339371448 0.06230055520471513 0.026599657962556686 0.05751112242041592 0.008373572902798682 0.019916958297401616 0.08007374828437318 0.03441861138992035 0.006201451484719652 -0.008829543258378803 0.06123880212836266 -0.015877983655165174 -0.0073540063665013256 0.07027649269131735 0.05220742369488551 0.035584263615094536 0.07060869757914462 0.017716733963523985 0.00878941373800172 0.006704361817399574 0.016979384655003277 -0.013155716227738916 -0.005625774006883372 0.01974873026220981 -0.00475278898192547 0.06158267030646132 0.08033350791896265 0.037771139381258895 0.06737168922427267 0.05532219492291577
0.0 0.0 0.0 0.0 0.0 0.0 0.0 0.0 0.0 1.0 0.013591948332235789 0.03358736707243426 0.05322900006194038 0.06330168787250795 0.03717477301333154 0.07738605395669863 0.0777883128323643 -0.019068501083561316 0.04384640503538959 -0.01839461580314086 0.041062872923073555 0.07189255386513202 0.010302932339539323 0.025812400144522442 0.020849987031973646 0.054280707670911164 0.056676944762550176 0.016743700765995843 -0.01513925482209784 -0.023295115283893553 0.0413825760621366 0.007230932908215545 0.013327796284952172 -0.02081412701779776 0.009026941543935392 0.03101776470108536 0.05798969247588191 0.05496125126958948 0.017995824805460515 0.05470499113874774 0.012450074176519488 0.04281164461602248 0.06676156571123518 -0.0061037505491517 -0.016319026594919323 0.01375745547474119 0.06634006615736736 0.014468284872941592 0.059708343749087026 0.038559996018504364 0.0017185243333113559 0.0023141109124131002 -0.004830071080370746 0.005551911788992995 -0.003943911324104628 0.02411449426702849 0.037696073638112955 0.05642011114114468 0.07304423068046939 0.03753109157863243 0.0251999139132086 -0.011514933535971363 0.06936741711003686 0.06239728666761169 -0.001325933434550096 0.02453545309121896 0.06043363938566012 -0.006230185047959788 0.0012318457292863929 -0.015819132831445225 -0.019026848407336126 -0.010726390137237946 0.059518018569315864 0.06867686008615675 0.03076039323604105 0.05870783380951619 0.05208689433528634 -0.009477809660893986 0.057467153610759235 -0.009553598775694283 -0.010912606753676005 0.0074396910747752424 0.026846889264665243 -0.02046808800780034 0.07348596483335193 0.06627369006322394 -0.021010394398978012 -0.023434514445177183 0.0729703917758943 0.014286212777492204 0.06364460984865226 0.010687230928844426 0.018492305487051327 0.016701324385338893 0.009823287021277485 -0.002369566950483948 0.028658802134401962 0.047552508108664036 0.044476964927431514 0.009893913557842205
0.0 0.0 0.0 0.0 0.0 0.0 0.0 0.0 0.0 0.0 1.0 -0.0057435773299202115 0.008235714921177422 0.03591697660812117 0.034394334221556695 0.06841238364876819 0.049298530223277556 0.03822202049712296 0.03618485515478561 0.017484674794155976 0.019408423285470055 0.007526264679512124 0.024883384095850943 0.0429593707307076 0.027914317546244967 -0.0006082886001659712 0.02446596826685483 -0.010527477025664441 0.03680649160325197 0.055733970208950497 0.044857770903807326 0.050588132680099825 0.0684337893782823 0.031246567538921938 0.010352433395881279 0.0669556513154985 0.06548928697923044 0.03567804129128717 0.011425438311148428 0.05498603432914206 -0.010543325208452511 0.04268454369558385 0.06579818024149842 0.02369641041094068 0.022911411781009663 0.07093380209004907 -0.00525565336823504 0.027924338427146377 0.002909294778468538 0.0700888637163818 0.06224219098250892 0.04282534277994349 0.02216653959237216 0.05303446817911715 0.06228954823063075 0.047659667871539045 0.055965220679074806 0.028552026070535353 -0.01183648566547349 0.06106477476589637 0.020297888875489594 0.020156650151568204 0.005958974875556663 0.04224282835628335 0.05850387561506018 0.026325104532834598 -0.001644252738716936 0.01746720579416684 0.06412721988207706 -0.012675485604056869 0.04742299490123831 -0.008266571581154637 0.03448956170092416 0.003181946516812421 0.01957392098912449 0.015573755177001922 0.07205001172331285 0.009087375562128651 0.07041541199790317 -0.0005091166043183562 0.0505037286379301 0.003330463280517344 0.026918219394511434 0.012385540537539265 0.025812448623487826 0.07104813547014344 -0.007113598848203405 0.050812255304938485 0.04461588110518688 -0.007550937146111548 0.055659995765135556 0.0634477089616762 0.04569779966464145 0.0761621485328453 0.03860164443424587 0.0009985576779724 -0.0015042616093124584 -0.00046876472201319504 0.022978939207460258 0.0016070738845617688
0.0 0.0 0.0 0.0 0.0 0.0 0.0 0.0 0.0 0.0 0.0 1.0 0.0701256526468847 0.0003954062152611655 0.06479817412390523 0.06698409395447628 0.08398896310030736 0.012083069979765123 0.027415977271864848 -0.0012200500091351743 0.08488174049795635 0.052171382539960266 0.024129050476776204 0.026316267440418123 0.07011258385552571 0.02777892588465342 -0.0010908772325964142 0.08302050365646181 0.04425241013761291 0.08200642674482432 0.000748809657974753 0.02936182069259878 0.059915710225874656 0.03532698311933582 0.05605958801255207 0.07294158472248852 0.05606253591110618 0.07543143032642802 0.0656352325027354 0.02166690152195481 0.012535995381435301 0.01855606247854706 0.054207267932457615 0.029221713384493423 0.06059218817230937 0.002508475257941638 -0.004602736908140816 0.06207064161320666 0.007615040141760247 0.01931444172007578 0.05265921499682901 0.00392886891010711 0.06888278655828747 0.012690583614556826 0.030287577053796796 0.07141541691544438 -0.0034401818950733146 0.04045340634862506 0.07258254396512885 0.03956016462786507 0.08956104770917699 -0.0006025423702375693 0.07122904317891526 0.07431606272409702 0.04446257771742548 0.07086591015982951 0.07744996143542894 0.08845589466200593 0.07310615955549397 0.07158247179875982 0.03904069199166066 0.07755841655466812 0.02808393318246266 0.044842714120687896 0.03560206570466483 -0.005919167084452991 0.004085747312168782 0.01841711936206956 0.01078921472007397 0.08169635867969835 0.00740271303657875 -0.0022655837531150983 0.08282838764420763 0.022705262525068142 0.01867397668900362 0.010332097339479084 0.02277675464087059 0.08120942019519585 0.06769955286330212 0.026761485150008882 0.05768684140750946 -0.0024925398889745105 0.053973384153664816 0.013812613410893348 0.03429318952985697 0.0034914149783193365 0.028831040921242647 0.016255821153384965 0.039241505542259865 0.032510273555291846
0.0 0.0 0.0 0.0 0.0 0.0 0.0 0.0 0.0 0.0 0.0 0.0 1.0 0.06747181316867269 -0.019916429635223824 0.04004127111438275 -0.017255660896396467 0.06915950061302836 0.06299970132577291 0.01904747530052749 -0.024503477022909732 0.06583924075323289 -0.01397149132718694 0.05019425243445023 0.018573553008673978 0.03695125892470897 0.07672288167002443 0.06397587667340016 0.06973297067701681 0.05821870074704373 -4.560587610935496e-05 0.03134578193500136 0.016085783226840254 0.05951546979871073 0.0010020887983973048 0.05863300803599512 0.06927267990533201 -0.018570807330244684 -0.015574049967784744 0.012541269368895333 0.029123162229723193 0.060769651666250785 0.0009580515196042297 0.07690273712783564 0.06753265389502222 -0.0003417648044078317 -0.0017502596607352364 0.042715201343896315 -0.01467618490904357 0.06856597005162178 0.03255048339611359 0.00450176969215268 0.00015078158649402493 -0.0003876763137837544 -0.01632247081800989 0.0022396128055634243 -0.01088946331740371 0.07250282626495141 0.06022612792434428 -0.01459872635171147 0.0574135642668424 0.014561141707726754 0.005003499354587731 0.07363779786428695 0.0021402240279615433 -0.023140351577279675 0.048402617549175436 0.07000208356356434 0.006559743047355089 0.001006818555953352 0.009598060151735163 0.02384976877272878 0.052953404676008425 0.032358162441806664 0.059817782983543843 0.05645013447518973 0.06668389547404693 0.04280050628182156 0.023674831200925384 0.06694373830027746 0.06480867808687968 -0.01139502082962801 0.027811990202754367 0.03390777543504723 0.06245938868119636 0.05493771731426499 0.07654873665438545 0.07001432588501606 0.04391080894981463 0.0373240899648846 -0.005108374739194807 0.0854411932444199 0.04400501765445505 0.009050802840868103 0.02047762791996027 0.021943797727097192 0.04455593384352782 -0.01957442483475305 0.07488018474866681 0.05403393885763324
0.0 0.0 0.0 0.0 0.0 0.0 0.0 0.0 0.0 0.0 0.0 0.0 0.0 1.0 -0.0030756018779090344 0.009640913482175896 0.018910205601659576 0.05972468967709376 0.028594042573646318 0.06470020901896842 0.052174255312149975 0.04879345804905476 0.060216114855751596 0.017994711635742164 0.06586330102122356 0.05387569764490054 0.021173441833117316 0.03735134634181043 -0.007942761625270476 0.06476764628968379 0.04587097833902591 0.057007448633244424 0.06766161168634961 0.032334399265344226 0.059195649812975794 0.07280319932649333 0.06753557967070781 0.039247284937316586 -0.012923427419150634 0.031548373796201866 0.031083118435801246 0.04640708293051954 0.04409659627995329 0.0663799758558927 0.04146771760971297 0.004754383792272277 0.052395343712768876 0.011412161634165394 0.010946394261615047 0.07700253830593173 -0.007707730250185289 -0.001083881145201662 0.01810637896762639 0.06320083574369069 0.018225441154557688 -0.01170560344480318 0.023861860847024855 0.06614137045307343 0.08089711684347518 0.07058039814412713 0.07141336292743841 -0.007137306261893469 0.0016019303830894422 0.07217212361983968 0.03459042157518372 -0.009608442279092947 0.06815536440181891 0.06786154384657865 -0.015077134260494496 0.07389792391144054 0.04099398551317405 0.037634006314842636 0.04499441121549203 0.023111373666551426 0.04795083234807135 0.015335456977993153 0.029177997757913014 0.026104365364249264 0.02802950911239197 0.04433564844235148 0.08192049718855354 -0.014055058202221913 0.04791874940831943 -0.007517922221763887 -0.015085818450430557 0.024497657892285835 -0.006742137254171646 -0.018390886259449145 0.04297226199185979 -0.0010771516064967386 0.014837651515916853 0.029150677703371687 0.04681355140530258 0.01040118121311569 0.0766451564698539 0.006627904173899964 0.03894219831391551 0.06924352252151869 0.02167692984421969 0.02771814659066423
0.0 0.0 0.0 0.0 0.0 0.0 0.0 0.0 0.0 0.0 0.0 0.0 0.0 0.0 1.0 0.0353370327882289 0.039706535372371767 0.015438338921103363 0.06138085410523368 0.041628221771082365 0.04701896996593535 -0.0193327777545649 0.07246618154751905 0.04190896436992946 0.06682718034494686 0.03815676674918867 0.02319051391164591 0.022582957483667336 0.039248207458184 0.025336173771247906 0.03873214647324997 0.0159614239970029 -0.005788049171594445 -0.007429583474834207 0.07049555096070322 0.06861699718898612 -0.022176810077251547 0.06881265918136167 0.05000479761123297 0.026826189544376797 0.07162127807309558 -0.011518131157980943 0.012161638738371882 -0.007961261709977486 0.07082179413526388 -0.01675875323972062 0.0416602911702498 -0.015233913845560228 0.0017792681644715942 0.049354581751657176 0.07036703966442166 0.03073400687715807 0.06175347965544814 0.03102669827263633 0.07287461639013247 -0.01773938683473076 -0.0017023919604392647 -0.003891273300460914 0.041175154767228286 0.05941917411709107 0.037036842979651895 0.021501893519353145 0.05587759945430942 0.023511106470444642 0.052570169149658466 -0.00925975528428121 0.06169768924994441 0.014780166020260563 0.05107435962467677 0.028867682097973194 0.061197099997699164 -0.012934027435468403 -0.009726225139645663 0.04616258879698946 -0.00899089739041591 0.06646327214787802 0.02958011895775999 0.026366402443809164 0.04921675159649076 0.023962713794795223 0.0673045595373919 -0.006996834793507576 0.06365631759354726 0.07562713590193734 0.06189137563262137 0.05068118191526448 0.03910636103244103 0.038431130088027225 -0.01595509951047991 0.01491823829322116 0.012076074881207112 0.08263066488886853 0.0699106574296401 -0.007682839009472173 -0.003741709718562132 0.016657463140425995 -0.0018301934165333466 0.008002361666372797 0.015144523355544325 0.07208054364229931
0.0 0.0 0.0 0.0 0.0 0.0 0.0 0.0 0.0 0.0 0.0 0.0 0.0 0.0 0.0 1.0 -0.006444242690112894 0.06429780090869948 0.03977480791857681 0.0071012899257160405 0.043347627737868544 -0.013945844541336802 0.024646879237671133 0.02424925049559168 0.004659528233222861 -0.013875433055183895 -0.017517485392308935 0.02566811141635327 -0.014454648882095156 0.04258041117046967 -0.00022908655104831463 0.028998440170077185 0.059692903751301 -0.0024615112699286914 0.026195085729569197 0.0636294433151646 0.03511263589845582 0.07341664308516156 -0.007019607458947598 0.05718457956814269 0.03664003916420143 -0.024185999831636173 0.025472931344526585 0.018956564342520597 0.04621459879623983 -0.00464145568311312 0.03714701239675512 0.03784577193096548 0.07175369570103693 -0.0049547811382227415 0.04145076003484321 -0.0027413133596244543 0.024698722219947445 0.06278321271470813 0.060381510260633355 0.02799692767485599 0.017787310720321914 0.03349785025297746 0.05948371750987164 -0.016390918685248414 0.01668658026117319 0.054581435464957924 0.025796174181258003 -0.002610090050310098 0.018608147622535324 -0.009125633629354027 0.026151152375384536 0.03841435956599702 0.05343227484026924 0.05943969359091863 0.0027223074226840676 -0.006922154968863376 0.013422863957349936 0.002878470936128988 0.03471724903255339 0.02934035666010936 -0.002971768957955446 -0.004008842708196785 0.05785151103194354 -0.005195495783995722 -0.0024604273550256992 0.04801552239974269 0.03420527420952743 -0.012426485787574692 -0.002228282902149258 0.0057000402902428835 -0.013834698777839093 0.026346619229666843 0.05067984449551578 0.0503691548061922 0.000131915536565967 0.028981838442473637 0.04463218889602914 -0.011546763213339646 -0.009196785113715692 0.051007132380383825 -0.006732044071172997 0.0006927714903229176 0.04462448689375182 -0.011218713956835482
0.0 0.0 0.0 0.0 0.0 0.0 0.0 0.0 0.0 0.0 0.0 0.0 0.0 0.0 0.0 0.0 1.0 0.06178847651035982 0.0428273861055832 0.0019922451593785383 0.06786172784507884 -0.002986970230935656 0.06003230027689722 0.01228476382676853 -0.01260602482628998 -0.0030370661609512455 0.0654943441394681 0.0695544662139147 -0.0011551118530321552 0.03137252316954917 -0.0041951582411237824 0.06971426003699348 0.023096728687917123 0.03428037080781766 0.012610362860759856 0.05479668002348874 -0.014220569159955813 0.006742390546632578 0.029588077395208374 0.0438606726455236 0.0605410407252681 -0.002970364801185655 -0.01827355871699362 0.0490652362257765 0.06945259722392677 0.015950679262502987 0.009785465508192764 0.0002149034024785719 0.05410701856522857 0.06026812779360732 0.008188633605239878 0.006998745957617723 0.06265320845323481 8.300592217252855e-05 0.05356804883511075 0.012006065974828398 0.027256647017588467 0.04162782023698278 0.056447042962990954 -0.013912840542105733 0.029117530105318833 0.0447223016305771 -0.006566722656554253 0.013457204182614927 0.0305608772782812 0.06538248767169112 0.017080151151394204 -0.005997424784074342 0.06382686918298881 0.01665894703934413 0.01704199097229757 0.02644149671428009 -0.003589436888347197 0.0571561919639878 0.03164608354652214 -0.00725356692798067 -0.003156834316545765 0.07461895488045306 0.011977889398961094 0.03620940406894844 0.0740330355761238 0.027161968402605402 -0.00994427157317089 0.0016681626315260352 0.018230865979186925 0.022069327635867848 0.0311370706905382 0.07241886757340425 0.06263173500456208 0.03728348874277552 -0.0019836584912555156 0.029732571070200803 -0.006098779393854001 -0.005082813676342357 0.014962872567588359 0.06790897413908994 0.0528453028886794 0.0016156303589581905 0.006545496943774126 0.07217157093922959
0.0 0.0 0.0 0.0 0.0 0.0 0.0 0.0 0.0 0.0 0.0 0.0 0.0 0.0 0.0 0.0 0.0 1.0 0.0011914062242437396 0.02310337788382622 0.05753243127370986 0.05573272163988519 0.02688903477566538 0.07089395791722182 0.0285776764793753 0.0368143422425398 0.0329128866734165 0.0024318719171524186 0.027811946287085068 0.021928642893309147 0.012681279249727487 0.030363451582047934 0.04906808545142297 -0.019400659695952227 0.04043151632282741 -0.02176653919114757 0.05045538912045389 0.021795336538719453 -0.0027307083910093183 -0.0029231294162564854 0.07543438604947043 0.02732478133076435 0.015351335144287603 0.010033347657447714 0.008958572157393757 0.07538748423036364 0.031696986925077074 -0.015549002043838946 -0.0027498616290205827 0.06816591928461466 0.006116628770516132 0.08474390469018063 0.04868425925548199 0.004849115600245944 0.005262583076749431 0.01123460549380752 0.057644981004885895 0.06785769059253575 0.06636563243712752 0.07933385716557262 0.025468526035226532 0.0744553629901321 -0.014186245959767129 0.008968368837532823 0.0032597460413201188 0.04247122947374404 0.0421919831991029 -0.02730094363559768 0.0658172711798891 0.06827859116585921 0.03441621967686733 0.014409618969334492 0.025820329425597192 0.025541328524087963 0.04543691730578944 0.030701594836849894 0.07303928368332752 0.05254394418218521 0.012853574398727042 0.017978933087975504 0.010495676682287316 0.05298724552097934 -0.0057948388826322165 0.03847738417858376 0.05158488735818954 0.011166183077488042 0.024994958565273503 -0.014340665487930731 0.022212020830767957 0.054248343293178944 0.04233648348538259 0.051244430122402526 0.04912360829212721 0.03293958709935551 -0.0038308700486045645 0.03169567891911717 0.07204661109698787 0.030689321931206652 0.05961133045105925 -0.010620885282106756
0.0 0.0 0.0 0.0 0.0 0.0 0.0 0.0 0.0 0.0 0.0 0.0 0.0 0.0 0.0 0.0 0.0 0.0 1.0 0.023487088248538155 0.028322647926036407 -0.0010360651130034552 0.05154460240967376 0.058703029370153384 -0.01226137290808513 -0.01755883438344015 0.01117751603563997 0.0647840744925813 0.03290389840348108 -0.019626633461094275 0.0022674119053431247 0.07209676144803656 0.05850056122756491 -0.014641044898554903 0.06818765989914918 -0.0006502013879959174 -0.015606330073321947 0.011276312360623118 -0.021063949759762234 0.056203390726587095 0.013212763337379425 0.04798561974663578 0.03466609421130657 0.020974520203729047 0.013064883926794306 0.05765256036065751 0.028085169979139603 -0.02286297519950224 0.040131045452166454 -0.002818030256512646 0.06155831729325748 -0.016196290977677538 0.0009842282902700326 -0.00243176334296475 0.04421003647457987 -0.005271883721806538 0.03801280488982304 -0.0342433351270459 0.021110210888927984 0.049264512806523726 0.03796974695286504 0.07687093259195964 0.017175904612167833 0.02063399477776374 0.06618844700267064 0.0761838506770713 -0.0025641272474751786 0.026315883986541107 0.017525336105761975 0.0388805643827413 0.020004327155853832 0.06449346919050668 -0.004959953909320015 0.07132196178879344 0.0008336023681201237 0.05889406058309912 -0.0002955751770066497 -0.024824563896564254 -0.027244363698897406 0.011678500542931748 -0.002112591750404371 0.016611421465301694 -0.012533262074432238 -0.018973434896369986 0.0028225289714006578 -0.00716637632481635 0.029221838160943026 0.0014396437808179144 0.045335111349059924 0.015810896526462975 0.05639003301310965 0.033051494539633096 0.02154147846599337 0.05698882304632653 0.028178729535107163 0.02065135831305145 0.019767246916563577 0.06312253590918532 0.025152772202047716 0.013703096106978715
0.0 0.0 0.0 0.0 0.0 0.0 0.0 0.0 0.0 0.0 0.0 0.0 0.0 0.0 0.0 0.0 0.0 0.0 0.0 1.0 0.05724087402475907 0.023239096359102786 0.03849028581700722 0.06648734720664105 0.012399005190300606 0.013303325895364967 -0.012732919226663524 0.015222173298508538 0.03601654497340057 -0.01805638124329292 0.01947635181193279 -0.007203955798814495 0.03950627964024848 -0.013856033458060248 0.031361780965119226 -0.03236231144087807 -0.01043188072400117 0.021579661119427954 0.04937607555929732 -0.007949235279580535 0.04001381171305465 0.030798706957023688 0.010244844758903266 0.03328392707675794 0.02025676136389144 0.05752160253931303 -0.00578738650259446 0.009160265842611091 0.030865796397612208 -0.016865496631835085 0.027602611450659068 0.041685375658689676 0.0012711639142869572 0.023036685347084886 -0.008406906129709069 0.0659604171572949 0.05043964792018171 -0.01089849823186351 0.005933321393646765 0.01242218659333411 0.007801869531558527 -0.013947147569372665 0.03834220017358355 -0.01604922053323956 0.042023519870616935 0.018725764264191067 0.013626740727397581 -0.00986323491190936 0.0271888345212686 0.04200364966808673 -0.02017252997296204 0.07204182322911476 0.06983823967009142 0.00012263357615181569 0.05117169166921696 -0.006443910013364511 -0.016943821840008817 0.018814655675205152 0.01678908284593097 -0.010409486267425206 0.05221324403230925 0.002065808973536704 0.012645974775681797 0.012857591951911296 0.0434422609943914 0.005759968707899029 0.03285139761868349 0.05827167312582969 0.02557357882399991 -0.004176148318925264 0.043862345795564986 0.049290537910187296 0.04077077616881054 0.02455467148087809 0.032668155015610274 -0.005378430791936003 0.030868291629570357 0.05500964649626113 0.06944495095870339 0.04923612268458047
0.0 0.0 0.0 0.0 0.0 0.0 0.0 0.0 0.0 0.0 0.0 0.0 0.0 0.0 0.0 0.0 0.0 0.0 0.0 0.0 1.0 0.04017591752042606 0.04697163526912648 0.07539633545867178 0.07464738429392316 0.0014181659875285987 -0.004847806104882676 0.0656854298841265 0.062334913004315796 -0.0052352341127165376 0.0689449855462582 0.0044929850213523735 0.010806823538938875 0.028406272547664892 0.056509460628051345 0.013730051417919466 0.055533190991932 0.058377366293151434 0.06681016630420568 -0.013796164200810158 0.006289875023636272 -0.016674478550429552 0.07642116173176312 0.060897962260202054 0.07850139756624169 0.061367692440554227 0.044647066346742884 0.018808620379693032 -0.013245342222627406 -0.014290586010414988 0.06335135687676013 0.0655562800500849 0.07019028585598602 0.060547750139034025 0.031919147603775545 0.06593441589366134 0.06330307039992789 0.02791329559753625 0.031314325353884995 0.038028322923545146 0.005641349032394667 0.03690599859178041 0.06515955340483819 -0.0016824272573370256 0.060410698496816545 0.0670037895228759 0.013965900603831698 0.01488315853409158 0.04874118701780372 -0.0001187805465395055 0.06335219945840974 0.026537555516396465 0.0036832295757187965 0.029234976577852193 0.053022758847226674 -0.004603727093683871 0.002144286015060935 0.061136885212981114 0.06214660758455002 0.06376931095634704 -0.001346284040742293 0.07775458748467028 0.06681272407932386 -0.00030301292707756724 -0.023689418781520394 0.0010789032558613607 0.0680103742321311 0.04329585577980256 0.07226960957447581 -0.00705290636120879 0.043769970093902794 0.06691906174774435 0.0337678994554803 0.06570952830835412 0.08169236862081884 0.06273871418726323 0.03271475123522597 0.018817045194853995 -0.001680759191128232 0.012819938256287003
0.0 0.0 0.0 0.0 0.0 0.0 0.0 0.0 0.0 0.0 0.0 0.0 0.0 0.0 0.0 0.0 0.0 0.0 0.0 0.0 0.0 1.0 -0.017855398859629466 0.05347028545918567 -0.0280862875124249 0.02979060020826662 0.03488367184887157 0.025208755233888474 0.01618952095176231 0.007891366236827867 0.012642572044512908 0.04302183550532097 0.026609510543709778 0.0037938165886494523 0.05563022635866326 0.046304968056263794 -0.0007660434501115377 0.013025671818519755 0.05947482256057704 0.009574063135772908 0.03349757693265417 0.02056461940581727 0.024425944256842056 0.0389568024954817 0.05648557279911003 -0.009236662232794702 0.012277121528922791 -0.020222366664832556 -0.01669861684631834 -0.008704447614869505 -0.005134247550369681 0.0697840957157926 0.05104844971263898 0.014842490788832638 0.04728768462000404 -0.01765718597798241 -0.007688178003406772 0.06074227118057116 0.03888323710698112 -0.015610553427570301 -0.0023497767185517615 0.040792249476032355 0.06112806175641429 0.052181733544400546 0.046132575726268575 0.04199902239482054 -0.023684536042519307 0.07624804400869753 -0.02759770766430871 -0.008702817949677847 0.03090450184504981 0.000437708620612531 -0.027902690507212717 0.012523807049045451 0.004864335367773669 0.008942095059611941 0.055133496937516346 0.04444586617155865 0.04864956643090971 0.02483094390713746 -0.01163649915203418 0.03126801155295226 -0.012748423518710018 0.07329769902154676 -0.02602745890278114 0.038324987650651746 -0.019600094900688612 0.004984692024706186 -0.025474280276646756 0.031483433881517454 0.008866477738226108 0.06749211556790624 0.008857520256116237 0.03980753043147421 0.06706399466154037 0.012588354361567968 0.049423007493978294 -0.009333407388025983 0.011937992442965822 -0.006628411702355039
0.0 0.0 0.0 0.0 0.0 0.0 0.0 0.0 0.0 0.0 0.0 0.0 0.0 0.0 0.0 0.0 0.0 0.0 0.0 0.0 0.0 0.0 1.0 0.03534809357405921 0.050063153133216326 0.0409041820558742 0.014925559162104095 0.008628957092127782 -0.006908629280957397 -0.01958664273299407 0.04250447569263308 -0.02061259529085425 0.03575948477016824 0.030222713753880505 0.020308252091894515 0.009922224092896689 -0.032613815327252035 0.0009971502881277775 -0.016926197146012734 0.04596633068337131 -0.010657745112367105 0.02717100260704262 0.00243541836662869 0.004778271719373805 0.004249079586627228 0.05444537205303168 -0.00965732010389875 0.059175649148286304 0.037148306948852065 -0.03000952570267017 0.017506932462238455 0.03341610372901583 0.04447988895980386 0.06254165438922712 0.05619204405909315 0.0036116923082505524 0.07388666160941547 0.03529520692815757 -0.0045708884397800765 0.02556748488764471 0.0044798683123503475 0.03074906313047543 0.05743208080748191 -0.00391955861193048 -0.019435147572876354 0.06237380808850054 0.0247413554072169 0.05974358845972792 -0.0022468286665164867 -0.007858671402454947 0.0452518873883171 -0.010394474294928709 0.023751497975617396 0.06672405913730838 0.01687852650040273 0.012551715971586856 -0.02473460392062064 0.02649181629463433 -0.01709721559193523 0.013091796355669302 0.06410788480068419 0.06485554095575712 -0.007952544803118727 0.0023377452842077177 -0.0039648947585550235 0.05725330503338123 0.01589831923379212 -0.026117478377293116 0.01821687468201926 0.0502217953687104 0.03181849936087127 0.040568423687626406 0.06252149666248276 -0.01316124699013347 0.04801656526056388 0.009746928465523236 0.031429033007832716 -0.005108502972157389 0.03966902080483709 -0.0026319277951792337
0.0 0.0 0.0 0.0 0.0 0.0 0.0 0.0 0.0 0.0 0.0 0.0 0.0 0.0 0.0 0.0 0.0 0.0 0.0 0.0 0.0 0.0 0.0 1.0 0.04590313239016634 0.04698773964022288 0.05225034982170144 0.0014917462886163255 0.0006104342537050922 0.04874988134534441 0.06868224968629331 0.01847816193007246 -0.02097201681780188 0.0033282229862033785 0.025613783606898543 -0.004564872056819394 0.043196266552964886 0.010438968480573779 0.05678417350297562 0.020088437418669825 -0.007558264960418147 -0.02231535482946471 0.055929555661727935 0.002746899702366462 0.01397377317742782 -0.0011694054290540396 0.020419066480447005 0.06051612647143133 -0.009485562588709202 0.06307900462610241 -0.004434884590903646 0.02691305580104516 0.04546572983477721 0.07609219107670166 0.06350558023975786 0.07122908811515644 -0.01639071582029012 0.060797229203766935 0.0299916891978472 0.005945613697142614 0.030112626645196212 0.017242633917212088 0.019908955901215004 0.06086033027457224 0.06984200494840076 0.01155276715423225 0.0011956088814128985 -0.003922665190334454 0.0062511456249097885 0.008073827473249303 0.020436618803847915 0.023522132406562653 -0.0013720645268449623 -0.023471380739141248 0.009580424298343115 0.0344385427904963 -0.007892701320532606 0.05407780563930561 0.0627051403161444 0.039741024099509026 -0.025396112273434444 -0.013563994225675054 0.04215879884151199 -0.0053612967500777575 0.04492731395239494 0.029030076345800276 0.042100875202561006 0.05230221291720301 -0.016300632072380004 0.007776671611317185 0.04099996021727078 0.021764664063993907 0.05466991225651792 0.05203602445021405 0.026716217526741172 0.009685960143839134 -0.008800295330328426 0.03559773272102473 0.07546978240237846 0.04996364033352642
0.0 0.0 0.0 0.0 0.0 0.0 0.0 0.0 0.0 0.0 0.0 0.0 0.0 0.0 0.0 0.0 0.0 0.0 0.0 0.0 0.0 0.0 0.0 0.0 1.0 0.03109130249380638 0.04438822736979561 0.050070982925291246 0.010293974111624972 0.060063897012072875 0.04174256395389168 0.038531408991869624 0.028749386248738636 0.04313668541456985 0.019727514079971625 0.07419418140903519 -0.015910821780556486 0.06517083778261328 0.006784763221969195 0.04559280771663872 0.030067177498744633 0.05581931576353862 0.05432769461274713 0.010560256485294179 0.07202340581674595 0.05128735631978298 0.06413131454193763 -0.0022779163270096187 0.04524382934339229 -0.019304108220849336 0.013765040865805763 0.0663314759820548 0.019236566311616757 0.010333597439613542 -0.010263598193163118 0.032577947273043896 0.025982091689569522 0.011856035622713456 0.003804790791085521 0.0012893208574532363 -0.0037063455743526594 0.05093488187277364 0.00850223038081111 0.005878462972779889 -0.001603829128772921 0.05857404857117731 0.022457695365941145 0.07596340597405975 0.05820963005428477 0.01527511289540796 0.04289378844835832 0.06530349856323749 0.02420773553342334 -0.018902105660915648 0.017499706691322253 0.008980895648325037 0.03544168946337158 -0.01808578719765888 0.04396391889626244 0.05727616431587735 0.0004900722275927664 0.0384670544284609 -0.003062602498007437 0.0736323272555883 -0.01520276846947096 0.0296212313413869 0.039547094774742705 0.07445835018778536 0.06511133961378807 0.039185796463111496 0.013060566865241409 0.07220413928394055 0.014533480739488432 0.015114079882572044 0.07155268694693262 0.03678598439802705 0.029187505176967384 0.01711974554455211 0.00792458355143282 0.0018478673661657045
0.0 0.0 0.0 0.0 0.0 0.0 0.0 0.0 0.0 0.0 0.0 0.0 0.0 0.0 0.0 0.0 0.0 0.0 0.0 0.0 0.0 0.0 0.0 0.0 0.0 1.0 0.03403163365434542 0.004210295617622413 0.009549700943083102 0.046627091798782924 0.018057833198311408 0.049547322372607984 0.04852311169541655 0.020040346568520512 0.012810171323387812 0.01602261677925384 0.032866775632435036 -0.013015083190898467 -0.008993675951856194 0.024042514465033252 -0.016589020117174502 0.035901102457796145 -0.009495319264512704 -0.013028156533907152 -0.007699267336604406 -0.00929541592336228 -0.013871109429373599 0.06247106496626857 0.046291786585315804 -0.008551657630031026 0.05873435713417729 0.00637212610981944 0.005996452118394109 0.01665943384455571 0.003942465971831907 2.6711814559978495e-05 0.045107256326563996 0.0220820786019265 0.012030616785697118 0.030564575579798765 0.02973161319638218 0.0021807014278407634 0.05442780961331652 0.04923085995966628 0.015287086513532173 0.0281313958443931 0.026352054007550044 0.017895314880879757 -0.026423449161987946 0.015346923690298577 0.061442469306278426 0.012233742200648734 -0.016928844666611643 -0.0095663698476427 -0.021577423283009357 0.03643010294726556 0.03705037526059757 0.007926148581582495 0.052311268503001454 0.06673766285746235 0.0048689866037118605 0.06321370891568695 0.06037572659923177 0.014695541069805302 -0.02583643548471698 -0.008257290693587585 -0.01610175649963977 0.01608737435915796 -0.029398566202679006 -0.025829251957863477 0.0158904353438203 0.024148974804432476 -0.019715164274097585 -0.01505557440815646 0.0039015680209242773 0.032669959125290624 0.02306824667800144 0.0723750192819821 0.05012304669297237 0.041175308111653854
0.0 0.0 0.0 0.0 0.0 0.0 0.0 0.0 0.0 0.0 0.0 0.0 0.0 0.0 0.0 0.0 0.0 0.0 0.0 0.0 0.0 0.0 0.0 0.0 0.0 0.0 1.0 0.04064507173590482 0.0341871135236783 0.04891694399155263 0.027583039082633508 -0.02513767442323079 0.02328257925079745 0.020137633647017292 -0.01330152259836766 0.032631608105035424 0.007628576565274102 0.0639533853949005 0.012950924967371966 0.026219607486603923 0.06931823103896696 0.06144110909289952 0.03696728832341612 -0.017866531674374193 0.05480667549916109 0.02133386702059507 0.0008986756911550022 0.014782162473234457 0.016641952947864996 0.02777195969639509 0.014376905622026539 -0.019296412411954872 0.04985245063260433 0.0515474733321589 0.020925730988092035 -0.0019829912706721465 0.06621603068077835 0.018908033274287212 0.03342104651562874 -0.018363027133161076 0.0627450022362136 0.02218069153059924 -0.01897750558912416 0.0015290476349691803 0.029769721190667408 0.040044060897060266 0.05044096439882699 0.005688678160815158 -0.005138227685451217 0.03945292579347631 0.02942040068943395 -0.028507040309669135 -0.011191656599735216 -0.01544255149611238 0.007736019184829775 0.022172302343327243 0.031795031115770096 0.01090802121238247 0.013367901430953595 0.0034608458151127093 0.03421141904788762 -0.025289477272704582 0.04595823767128961 0.048137362036914 0.05178772959216509 0.04177423909492295 0.01167139666320128 0.007578144684622137 -0.035342943822041506 -0.02013176501597313 0.014541017808958012 0.019207133321784437 -0.007092837501147358 -0.01644847532842664 0.053188688742649745 0.07096411904395233 0.028768971262425135 0.061098627750643536 0.027721294569902268 0.030436964385693217
0.0 0.0 0.0 0.0 0.0 0.0 0.0 0.0 0.0 0.0 0.0 0.0 0.0 0.0 0.0 0.0 0.0 0.0 0.0 0.0 0.0 0.0 0.0 0.0 0.0 0.0 0.0 1.0 0.05263160203592972 0.061478183339041044 0.01259169306238073 0.06229270331385388 0.07200078684240561 0.04358927841260776 -0.00931539651134327 0.013599307489983451 0.046687514817148716 0.07447230850496388 0.0012043897111077733 0.06712729634655519 -0.004339503009770015 0.01983545303232128 0.07018842272685531 0.0291037958935792 0.011795364389379639 -0.019567170423188982 0.06274519687824412 0.020189087451650416 0.06001898168143089 0.05806166590800979 0.050277856939387085 -0.0005605732010786908 0.04158912412565707 0.00869438607304661 -0.022207676093905254 0.028441076795945357 0.04279326368921844 0.0651475146712543 0.014595483163435624 0.0804677158919216 0.0390862605536253 0.048039655835996044 0.03472801228072094 0.020833668955636583 0.0008707821952322994 -0.002570213939025042 0.018181336982181363 0.03117690638466454 0.0002534092701358787 0.005422260157496922 0.06481537629739745 0.07225884906552824 -0.003643223101201929 0.052433477519238145 -0.0008834986208394222 0.056141155805480486 0.07349212233169829 0.049589825850331906 0.025908205434012472 0.025138168564299516 -0.0035807912538107474 0.05356002821033973 0.04934684375985014 0.03237041776224506 0.041255239487567416 0.0015859134340167986 0.019566357620169884 0.019264422116762474 0.06222176383493856 0.007978024407163933 0.016175682649716448 0.02405380571892748 0.020480465483854193 0.0804080615763442 0.054493887021316995 0.0631415287858397 -0.004584201852550894 0.07512033769804133 -0.0034787645433894997 -0.023832850404311035
0.0 0.0 0.0 0.0 0.0 0.0 0.0 0.0 0.0 0.0 0.0 0.0 0.0 0.0 0.0 0.0 0.0 0.0 0.0 0.0 0.0 0.0 0.0 0.0 0.0 0.0 0.0 0.0 1.0 0.03753851274189246 -0.0021085064220332937 0.012969798798666676 0.05947294484736345 0.036930266242414585 0.02308382200770993 0.031240913074676847 0.019216239054044702 0.009397602692945992 0.05107204999931206 -0.010814934743918769 0.0010249229844439816 0.046576090703565456 0.022928992268138985 0.07207767703924803 0.025877495805730368 -0.006744942190377317 0.005336749482955976 -0.0008614161039639029 0.009943729188388773 0.046817557054154565 -0.005202390050258835 0.034278506537999985 0.05057230113416045 0.0618834248824649 0.031985107950137204 0.07112039837252863 0.019498396981275812 -0.0026430150836730467 0.03937415842198568 0.04332180031409579 0.03429217303365104 0.05917497476794227 0.01794265940887654 -0.005385994651600475 0.05891744664465995 0.02161505770971311 0.05128408166355056 0.016862147531194156 0.04995688726994629 0.01767200142304572 -0.00284157040077867 0.06424915594764374 0.016048868623458633 -0.015701030319362177 0.06655194356568313 0.06314815958369766 -0.013659523294628415 -0.0009218156813844357 0.07407676165066014 0.034392301000871574 0.029871084855005746 0.009304751039334681 0.002414839248819901 0.0277171480435768 -0.02440998995421008 0.05533776316719895 0.05854256457974708 0.0691178822134269 -0.0019292757030620728 0.021697833288270112 -0.01593965342116749 0.014402035190856647 0.006218503363412822 -0.0023024172168234795 0.03007401410234765 0.03689679824682527 0.007011860983795066 0.004878869383450314 -0.005997653133025015 0.047082608207919076
0.0 0.0 0.0 0.0 0.0 0.0 0.0 0.0 0.0 0.0 0.0 0.0 0.0 0.0 0.0 0.0 0.0 0.0 0.0 0.0 0.0 0.0 0.0 0.0 0.0 0.0 0.0 0.0 0.0 1.0 -0.005663773021356732 -0.01567267637607042 -0.022826419072510765 -0.008058410689421385 0.04003134282845417 0.055122778951664814 0.006096632931584794 -0.005774228302224371 0.014775882921152601 -0.0020363406855116012 0.0491590996281545 0.0037533131507469695 0.02397795015333457 0.06974564078209065 -0.01864652051179387 0.009687925578917633 0.06549710149860424 0.014548257669035105 0.04838213537020255 0.00599104614990179 0.014590444949007965 0.021699963503458493 0.022680235951015724 0.03422933379616878 -0.005434707834937396 -0.01706780892690957 -0.01591762019698913 0.03891666221966319 0.07557473240860148 0.00029392316718565017 0.06833511143186156 -0.007844417706614763 0.06775765393133926 0.04167826814273339 0.054532090187881965 0.04392242758574747 0.06343658157759395 0.05815834508138582 0.057319803491990715 -0.008044875233031878 0.04716638492123691 0.0461549005119372 0.04918509235211382 0.04195759904756191 -0.008421460226699134 0.036788272037507966 0.013319484372742064 0.006466033208380031 0.033756712276192896 -0.009771153706432325 -0.030826589657186394 0.018886101128315097 0.0178887027019075 -0.016587015567044963 0.07436403818594152 0.026822927033927864 0.034807817164810566 -0.010516944743926785 0.047569488498602625 0.057189498891487785 0.006960289255053673 0.01599817042377933 0.04184553925175914 0.020264143453289234 0.07600462173492817 0.002181670792435611 0.004569445683786845 0.012055479740942635 0.019548139104760005 0.05458186600203472
0.0 0.0 0.0 0.0 0.0 0.0 0.0 0.0 0.0 0.0 0.0 0.0 0.0 0.0 0.0 0.0 0.0 0.0 0.0 0.0 0.0 0.0 0.0 0.0 0.0 0.0 0.0 0.0 0.0 0.0 1.0 0.030657200955045254 -0.014136188809119403 -0.010234526318000658 0.013578610420609307 -0.0040626743841279435 -0.026543552617253913 0.014762172427760506 -0.010525347790956376 -0.0249398158069889 0.008763438996185756 0.019292462690486144 0.021638196784122203 -0.0034600905596443013 0.001370587204583129 -0.019469740780921684 -0.013663098069321361 0.03152985162870168 -0.01794871006029361 0.04641027976836407 -0.014266414639298503 -0.03185461685776158 0.06174699895841643 0.0013346398762052228 0.013318860124489776 -0.021793446937939807 0.04401974796282593 0.06191221317030919 -0.01581701615525565 0.05756995575697993 0.03220503590283186 -0.005591350902103881 -0.021680085632143936 0.06550021428062044 0.010179210819072406 0.01582311599950134 0.022950440332487033 -0.0220145180955587 0.004041286694051965 0.06173825915361021 0.020844585046368543 0.047574636677925476 -0.01705501261069533 0.0017835154788706387 0.035823859034400836 -0.007841005120181216 -0.00042617043002240096 0.045301291809571834 0.031132795947924223 -0.02291912637460503 -0.019708989600546394 0.04868159624728323 0.020590673101084242 -0.026501491941324364 -0.012483201969367029 -0.011739543571200436 0.0029051935462036144 -0.03781699024304169 0.03106847948503486 0.04716409014092338 -0.012710281248889163 0.016545660849938526 0.02926346731173741 -0.00899800324262988 0.017183861065128956 0.062018374656526876 -0.023173731092817926 0.012757772877579822 0.05944323780056777 0.001997645452290879
0.0 0.0 0.0 0.0 0.0 0.0 0.0 0.0 0.0 0.0 0.0 0.0 0.0 0.0 0.0 0.0 0.0 0.0 0.0 0.0 0.0 0.0 0.0 0.0 0.0 0.0 0.0 0.0 0.0 0.0 0.0 1.0 -0.0035129955649668056 0.06450365322740528 -0.0019171016385719517 0.03177014755810319 -0.03492249703481924 -0.01826357941898121 0.005208736515960329 -0.0024145768608256767 -0.0228595670547734 0.0036607187802421164 0.0034802689645244056 0.01698354177751077 -0.019016812368112108 0.06527250750308515 0.011739888529624189 -0.022316111156616282 0.01712783954594905 0.05704845866745268 0.032966940450214886 0.049797624491503656 -0.002313750928147586 0.010064242632468298 0.05442109751638724 -0.018936277224834118 0.03131820062668628 0.03688901195566026 0.016871908593024582 0.06019760212962847 0.03943999403915696 0.06421429230353516 0.050670215682081174 0.03974134634082296 -0.013210150867990584 0.048650291922139 0.016237320578462316 0.041154694918163155 0.017153523826368366 0.043117026645446706 -0.0036836137526872585 -0.006578397070248075 0.009995121544005803 0.017831249656161428 -0.005827657407322013 -0.024399084817581324 -0.022507561041016658 0.005013633793140047 0.04372935754144929 -0.026126913869757736 0.05163389759967 -0.008213807350553902 -0.03346141447822135 -0.010607231817410823 -0.03052733865848409 -0.02711045221052442 0.005417458035621764 -0.020308597252054507 0.061565743941623334 -0.006143003671500656 -0.0072243404429573575 0.01704183934194676 0.04206200926306777 -0.00017157207807503221 -0.002563484734223928 -0.020773060012742473 -0.02054500970482593 0.05248829331020578 -0.020904640278658317 0.03904991461589004
0.0 0.0 0.0 0.0 0.0 0.0 0.0 0.0 0.0 0.0 0.0 0.0 0.0 0.0 0.0 0.0 0.0 0.0 0.0 0.0 0.0 0.0 0.0 0.0 0.0 0.0 0.0 0.0 0.0 0.0 0.0 0.0 1.0 0.027979571438872104 0.0738862400735982 -0.02618753289984768 0.03313798898577057 -0.00018465440552318006 0.06557653064058241 -0.0029258665774698936 0.0039272122630634185 0.0504431607640166 0.01982761533409448 0.05882672494650232 -0.025825315053562285 0.006909583951742383 0.05678973487829689 0.061890168704099434 0.026742728814243583 0.023688059108168964 0.036697749804381966 0.05220023395259347 0.037063035380156116 0.051135254044619105 0.067307503748648 0.05285791193152245 0.022654936054039006 0.013821145022121326 0.04777503565915629 0.06026665096144938 -0.024469382308196987 0.01091623807788025 0.020350433998822658 -0.020292338326303883 0.04452459185368915 0.01805560615108132 -0.011359052028210286 -0.0028091255474253524 0.005201335888027061 -0.014254148022836446 0.05239363322927027 0.020619971451592122 0.06507926042043481 0.01546997164447078 0.011635725769030224 0.07243462813744853 0.036066543808975476 0.008992313176628818 -0.03181142137333046 -0.014625718296957227 0.04128251210738367 -0.0020366101709168045 0.005658562584486132 0.062262216663376634 0.04260631120971964 0.03744437542943927 0.031344115899084694 -0.020921952859743995 0.05269378865742622 -0.011531342778618099 0.042442802895597986 0.05414592148026875 0.050813810762110716 0.047053283887646846 0.040883309307802686 0.016573555978303317 0.023189775277260963 -0.028952499951878326 0.012744668435998694 0.0020192104911157037
0.0 0.0 0.0 0.0 0.0 0.0 0.0 0.0 0.0 0.0 0.0 0.0 0.0 0.0 0.0 0.0 0.0 0.0 0.0 0.0 0.0 0.0 0.0 0.0 0.0 0.0 0.0 0.0 0.0 0.0 0.0 0.0 0.0 1.0 0.05735783283905969 0.0017195319796543852 0.015206960431426058 0.011597356929403705 0.05448972133542486 0.02782828267635932 0.02679731006735593 -1.1173978253364288e-05 0.037711921519046676 0.041528743236525154 0.039185223044559674 0.02093171929598069 0.044959612345002356 0.00738425941996745 0.06047479945839819 0.029822870886477726 0.07109534427705007 0.04898488234199038 0.06397194282129691 -0.004207983474998954 -0.009906125549766182 0.01651349496088873 0.03549885402046453 0.04358693834399269 -0.008305851248185924 0.008580781596253082 0.057623652930567204 0.033745964755264424 -0.011639839711014057 -0.02114222781015157 0.03189297714163759 0.059555690713747375 -0.023130669831778597 0.04879786059635781 0.04967775835844963 0.01263512548961553 -0.021385086008110576 0.019008355548757034 0.02219545886346148 0.06562686220459671 -0.017658130438892763 0.011528776092236024 0.028067413633238752 -0.006835309709864825 0.007610949952893235 0.04511721070450964 0.04809242666143199 0.055178525745006854 0.020713388831830933 0.05204674032785958 0.004863396758081079 -0.03229681145246158 0.04616270327644773 0.014974571257932745 0.05973067171320839 0.020199595986419665 -0.013806449728605298 -0.002229733324658533 0.018019349768142675 0.05660448850383124 0.02677061386964703 0.04410762717072729 -0.0015294137854707525 0.021665391684462562 0.00676476688424702 -0.016366176917718644
0.0 0.0 0.0 0.0 0.0 0.0 0.0 0.0 0.0 0.0 0.0 0.0 0.0 0.0 0.0 0.0 0.0 0.0 0.0 0.0 0.0 0.0 0.0 0.0 0.0 0.0 0.0 0.0 0.0 0.0 0.0 0.0 0.0 0.0 1.0 -0.0323254226287242 0.058485817108487104 -0.012385376892492375 -0.0025818483719482243 0.02003868005927834 -0.0037956027973297304 -0.007774158018160679 0.04418597517768545 0.006776795160454658 0.0565750630312192 -0.010098598227517054 0.018192335610091852 0.047597325899678765 0.02845657908351983 0.02109784215860505 0.05501632588693625 -0.0023036180346385025 0.04849124904478712 0.0473749179206937 0.04240796050758671 -0.009944010974050762 0.0016353363902970588 -0.00799067131543822 0.0024185534224783725 0.019143850683340492 0.043882141858905585 0.01442949795492392 0.0257470113620662 0.0036596649491418883 -0.023763008222090255 -0.016404411715673892 0.05527457684447822 0.02776139025177695 0.008846555998591956 -0.03145659163026432 0.04403535350732922 0.0008201419672421869 0.017437793502311574 0.0006182905614102616 0.018496155618206125 -0.024821518011233428 -0.004127092528745395 0.05841826562235223 -0.030012966258579913 0.05284660493744449 0.06147071098116386 0.04831209674205956 0.047986347731200786 0.04205153806449028 0.029147189798303302 0.005612393761626247 0.01338324045754732 -0.0004453823925500635 0.005533947097988141 -0.03029158439159409 0.0016566920034832263 -0.024763466410663383 -0.03955311670923099 0.04635796583019986 -0.006997178051270771 -0.0062333648371451136 -0.02517994783173852 0.029289898802010196 0.0013503421858560025 -0.028928122683139598
0.0 0.0 0.0 0.0 0.0 0.0 0.0 0.0 0.0 0.0 0.0 0.0 0.0 0.0 0.0 0.0 0.0 0.0 0.0 0.0 0.0 0.0 0.0 0.0 0.0 0.0 0.0 0.0 0.0 0.0 0.0 0.0 0.0 0.0 0.0 1.0 -0.015529945414995866 -0.015775544692642963 0.028924552800583026 0.019707956638366136 0.0624140724708458 0.042857587426975326 0.01519872424705645 -0.017037659193439903 0.0418655373833077 0.026017361972650047 0.011073186316812663 0.004440089396743091 0.031083053314334273 0.035529214568687593 0.06344225368129182 0.029828827866617263 -0.0015105555429413575 -0.005062609703717308 0.00045401329414601486 0.004555348519911083 0.011371188517599497 0.028966894429939757 0.010780875477490875 -0.023979269129422963 0.06393292220708573 -0.023946549044141674 0.06371246249214962 0.022034581268869504 0.022183314476770015 -0.021835445846941706 0.010971749629045175 -0.00735487594402051 0.048615255407242645 -0.003934315584396005 0.017518757171312512 0.04831430798021174 0.06566388254752342 0.033347942606155354 -0.003608711568800264 -0.01735304838543578 0.06777157404026908 0.06577568701088941 -0.0178404459100908 0.030712955301042254 0.057805688911852754 0.05015939829829342 0.055040936534636105 0.056697717778574144 0.02887217704984932 -0.01633927129132954 0.017490448658960874 0.005941959595858234 0.042200835980347795 0.06331966462617092 0.0017083448135544249 -0.02178046262794818 0.052789100788364886 0.0001529428130115073 -0.0070412630390765075 0.021422579739351636 0.0668097463087936 0.029023906714903003 0.024290911289453224 -0.0010354478160260793
0.0 0.0 0.0 0.0 0.0 0.0 0.0 0.0 0.0 0.0 0.0 0.0 0.0 0.0 0.0 0.0 0.0 0.0 0.0 0.0 0.0 0.0 0.0 0.0 0.0 0.0 0.0 0.0 0.0 0.0 0.0 0.0 0.0 0.0 0.0 0.0 1.0 0.05116303076386494 0.0571682759719299 -0.02472315582650239 0.039507999713273366 0.058837261321704956 0.06402177973803237 0.04639386399953383 -0.01947735881482379 0.08179119805565156 0.02962189321291421 0.04279900980564788 0.017649112156425957 0.06311348171036933 0.03290279058305557 0.03328453503648475 0.04949178237420059 0.015970421485288176 0.037796937243880384 0.051881088236559805 0.06070178432512373 0.06929379097720591 0.030475552212436797 0.04872352249012656 -0.011957577801178641 0.020289036550354553 0.027298891575861968 0.0515030356936081 -0.004071635598379653 0.04891979112761396 0.02402250413056252 0.018132089520946637 0.014246688441366387 -0.005775961862888859 0.009484230400325836 0.05953547731057873 0.016879078392847125 0.00591339628986421 0.05613419969532549 0.0025138999766187277 -0.016933156264118062 0.06854272265130286 0.07037220987151424 0.04839458908346888 0.02043095543656916 0.0626044027010324 0.02269003175066994 0.009623948770808084 0.030485382399427857 0.06950858160231027 0.04928753697055225 0.0493255140791515 0.011390039919125834 -0.025049498105139133 0.028670343927835042 0.06043070424405617 0.0486357664439741 0.00552083327546852 0.025628197924193467 -0.019857389166182966 0.01462591625872331 -0.022521529325597298 0.00263461603385118 0.006430921087743779
0.0 0.0 0.0 0.0 0.0 0.0 0.0 0.0 0.0 0.0 0.0 0.0 0.0 0.0 0.0 0.0 0.0 0.0 0.0 0.0 0.0 0.0 0.0 0.0 0.0 0.0 0.0 0.0 0.0 0.0 0.0 0.0 0.0 0.0 0.0 0.0 0.0 1.0 0.06476793500756522 0.01527414507862268 0.05297701715663441 0.037327237302144246 0.012521704902935846 -0.011327040448895143 0.013389366299400605 0.02174960947284558 -0.011728654679146208 -0.019658230598013363 0.033702481210120476 -0.0017561033657140812 0.04633286155961512 0.00983568726048747 0.03782306708388095 0.031564091516381884 0.022573553726875476 7.691847260099768e-05 0.04169917790552573 0.03688483519482245 0.007690315057973972 0.03367304825341628 -0.027120837897980386 -0.0033710723705508774 0.007211093770671443 -0.020074514421023745 -0.002236630833349319 -0.0014660579314047047 -0.01583025988035749 0.030021358767636872 -0.015000640548829913 -0.004437236828686018 0.02586187441780528 0.040315735156718185 0.055259909876203876 0.05248678304791186 0.0283664822649259 -0.020616209169405503 0.05530026615657522 0.05987938948740321 0.009071056593410481 -0.016637896881100157 -0.0042999279198605665 0.05903369048813791 0.0239341684819262 0.06332974082143837 0.013829488979055041 0.006937275697715839 -0.017072437578091453 -0.02244960487810782 0.009342610359088361 0.04756376312020359 0.023007797586320575 -0.020896325241266955 0.0037059992710931702 0.009456501712001086 -0.00360929002918335 0.07798814851771066 -0.0011727471322346519 -0.00858616108066634 -0.00883778504635896 -0.02441371530401326
0.0 0.0 0.0 0.0 0.0 0.0 0.0 0.0 0.0 0.0 0.0 0.0 0.0 0.0 0.0 0.0 0.0 0.0 0.0 0.0 0.0 0.0 0.0 0.0 0.0 0.0 0.0 0.0 0.0 0.0 0.0 0.0 0.0 0.0 0.0 0.0 0.0 0.0 1.0 -0.034623198039238766 0.0022265567460130766 0.022390486060406823 0.0004225584198478496 -0.012110476130741548 0.0651290447301893 0.005351219409222148 0.05403200299836565 -0.02812996002208359 0.048858266867427155 0.0037899617195046725 -0.006795416392238405 -0.013482720033505395 0.024989571620888783 0.037299358735602715 0.04374182991756614 0.04146558611796544 -0.01975947196373984 -0.023700482453563654 0.012881508375428508 0.00043244964129843114 0.022552626268798805 0.042862093780297886 0.0288782502504199 0.032501992346937174 0.009614328679655483 0.051251224195223544 0.016712040519146213 0.00955602155664293 -0.026316278695935252 0.042749023486195734 0.0045944722593800015 0.035749864101666445 0.027709165918146334 0.004327100167538897 0.03756110172882097 0.008902431029830585 0.05140939369474098 0.026662795949774293 0.03971346393979523 0.04281699777835435 0.02400394289087703 0.00976974882075304 0.03163139200280803 0.012134635543552725 -0.024992737124534547 0.04350610505993591 0.05209359348549874 -0.02690901712196839 0.04709674447910814 -0.03008475022967908 0.0011803795466411996 -0.02249762351011225 -0.025239124673478473 0.04329504102949829 0.044117064527721746 -0.016182854403713285 -0.0245224747946845 -0.04033193836704705 0.03158734439103417 -0.015398336778848809
0.0 0.0 0.0 0.0 0.0 0.0 0.0 0.0 0.0 0.0 0.0 0.0 0.0 0.0 0.0 0.0 0.0 0.0 0.0 0.0 0.0 0.0 0.0 0.0 0.0 0.0 0.0 0.0 0.0 0.0 0.0 0.0 0.0 0.0 0.0 0.0 0.0 0.0 0.0 1.0 0.018105599366070393 0.0026482004325425316 -0.028972810788646483 0.0637791828837105 0.04444670985914814 0.05367510118128863 0.05488341280259712 0.020349422747177135 0.057828739310611006 -0.0012736967100586722 -0.029692465338662447 0.01163323196276955 -0.03725392497840653 0.0286737788458673 -0.01492331156574316 -0.015408365410749313 -0.02169029731605998 -0.016748529917385006 0.05015512730164803 -0.010103860300160068 -0.03487098689412203 0.07500249913790089 0.05369634343391793 0.020446155006612416 0.044035922043218566 0.03295566100850265 0.006327178519675552 0.05706779656531015 0.0044258689618969106 0.06479881487386147 0.05452494837002512 0.001700103572473619 0.059691912180909454 -0.021513715148384866 0.02571503794231608 -0.00577792379881595 0.014641492088632049 -0.0384077409161292 0.01640041136686747 0.05599882027107327 0.049075914067138876 -0.010904200245583175 -0.013498519308604255 -0.022118048729116466 0.05839940398552295 -0.0324548179334251 0.03484097966958545 -0.002607614645205469 0.04897130286521065 -0.017960115130035398 0.03692876713133709 -0.01608185959186062 0.021459440624735066 -0.0003376447103200188 0.02159692719099514 0.007701687125162755 0.014671957032909392 0.037223607893820246 -0.00048680687539030506 0.013781044319146455
0.0 0.0 0.0 0.0 0.0 0.0 0.0 0.0 0.0 0.0 0.0 0.0 0.0 0.0 0.0 0.0 0.0 0.0 0.0 0.0 0.0 0.0 0.0 0.0 0.0 0.0 0.0 0.0 0.0 0.0 0.0 0.0 0.0 0.0 0.0 0.0 0.0 0.0 0.0 0.0 1.0 0.06764558291563204 0.021830291089373236 -0.03774870898522408 0.0010203529191016953 0.028609371920311124 0.013913805653657558 0.014399421714605311 -0.030564928307462786 -0.01855626382677854 0.03695340990975715 -0.009842622388212001 -0.030019258561640373 0.028523669975749604 0.0035771608222338793 0.011903772429131652 -0.03910684563537681 0.02704127986091435 0.06266646392200802 0.01827473726471792 0.010900739550467744 0.022694142953647266 -0.022415438415449244 -0.016584646626731602 -0.02364536761253533 0.03277167536460221 0.03263726160703638 0.042368406156399425 0.060520935032646654 -0.015756810824554112 0.020416977758456998 0.04454359697405596 0.0017065192605717119 -0.020969551194659302 0.017766432969192208 -0.026903152865271344 0.04022736182684773 0.05176490463245721 0.04890623775949427 0.012580315456620706 -0.020982797122069012 0.0143373291190672 -0.029277421238320934 0.046843492827735596 -0.014889880319172046 0.01106258159943981 -0.010352936166839757 0.02695976418867028 0.03461072258516779 -0.006180432621722715 0.0479219839592804 0.04456169562230005 -0.011625537802256936 0.06081429302162117 0.00018311601302966067 0.0399762861662701 0.07476593346644735 0.027754726843578506 -0.015039134886660617 0.014385958193350238
0.0 0.0 0.0 0.0 0.0 0.0 0.0 0.0 0.0 0.0 0.0 0.0 0.0 0.0 0.0 0.0 0.0 0.0 0.0 0.0 0.0 0.0 0.0 0.0 0.0 0.0 0.0 0.0 0.0 0.0 0.0 0.0 0.0 0.0 0.0 0.0 0.0 0.0 0.0 0.0 0.0 1.0 0.06517007989739554 0.022273561361838064 -0.020093665818249777 -0.02182560493949546 0.01186901422859553 0.017825609238493977 0.01824588363823924 -0.01757969950788663 0.002141435948559904 0.011278180538576326 0.02511800376511751 0.00666586738981261 0.02023401663325142 0.015727789009186293 0.073241950712528 0.006745205961489765 -0.006700094443550841 0.03068753462525065 0.012535957837149864 0.03032124644555232 -0.011703076751316809 -0.018214909821733665 0.06833419754120894 0.009287163500368813 -0.014114713654871063 -0.03075642781614136 -0.02500270867245453 0.05287275581325435 0.05274222164400356 0.010279662828246456 -0.0231014510191306 0.0026751683271739545 -0.01771453181070285 0.004514927699885794 0.035353737305368574 -0.002994354722867734 -0.01565044339605829 -0.0019251092905083526 -0.025479234025001952 0.01497809612318485 0.04667834448430258 0.03760598561721641 0.0495345596017885 0.03622861607297613 -0.0052354873411695965 0.006887947165079478 0.05268750912501223 0.0069985067518503405 0.05566908806834526 0.01368507472047692 0.012291282056853882 0.00028692273997189 -0.02328178069986092 0.04121604186568723 0.022412136654153012 0.0042009174160921306 0.013637774055905712 0.01597480413661777
0.0 0.0 0.0 0.0 0.0 0.0 0.0 0.0 0.0 0.0 0.0 0.0 0.0 0.0 0.0 0.0 0.0 0.0 0.0 0.0 0.0 0.0 0.0 0.0 0.0 0.0 0.0 0.0 0.0 0.0 0.0 0.0 0.0 0.0 0.0 0.0 0.0 0.0 0.0 0.0 0.0 0.0 1.0 0.052217008168138186 -0.013464752127909967 0.05412842892052311 -0.003735365855211648 0.008880282181512936 0.015797943891967727 0.02900448296423737 0.05154718938883085 0.03855230561475214 0.023453507296983502 0.014157342789574217 0.023809590549291302 -0.01879392869762571 0.05249794445803507 0.03937953996463075 0.034455044745319095 -0.012422586704256135 0.06807952353573739 0.03209812130558424 -0.008346818739960942 -0.009535602992761525 0.04050436298453357 -0.02152367569529093 0.008158583642633483 -0.010423410052222403 -0.0037551767584436363 0.03566535429277301 -0.012168259915218263 0.02776587175160993 -0.006051537753446984 -0.024266675015462785 0.02253845039019232 0.03781334202185973 0.06872086498708767 0.008154242482318743 0.010534383289971765 0.049959474203776645 0.014915322588395863 0.0363447763019024 -2.2598389192335372e-05 -0.002141484480734078 -0.0025392594647423478 -0.04033992677957589 0.04604504145934112 -0.032815199450852 -0.004524893811113875 0.006012788574994915 -0.015923820053553268 -0.01941405559095047 0.06762988391562019 0.028288447824875097 0.025412602943472657 0.037268401374704344 0.0036614963767491386 0.04206282589812264 0.06620816481017727 0.053911516478922665
0.0 0.0 0.0 0.0 0.0 0.0 0.0 0.0 0.0 0.0 0.0 0.0 0.0 0.0 0.0 0.0 0.0 0.0 0.0 0.0 0.0 0.0 0.0 0.0 0.0 0.0 0.0 0.0 0.0 0.0 0.0 0.0 0.0 0.0 0.0 0.0 0.0 0.0 0.0 0.0 0.0 0.0 0.0 1.0 0.007723613621339799 0.008950324694823984 0.031215094962332622 0.06790990031692655 -0.03037281206466647 -0.016461408719456887 -0.03571030920982111 0.05688194327921964 0.052992789013142104 0.03553458739543873 -0.004859961723317127 -0.011404173453978981 -0.034929721424976905 0.03992666497947851 -0.029215267327908776 0.030648627768952892 -0.021160935026800297 0.06002829093133115 -0.0002465090001488895 0.03579410047352149 0.010828674605218348 0.04081282027886173 -0.003928969759606956 0.006935272382622491 0.05606881342362543 0.01591440503652764 0.052329103937075606 0.007275069645489962 -0.03752940860100112 0.05353822567731369 0.05503558706543277 -0.0031945251503237597 0.0200574892665394 0.055424879165088654 0.06541624992918102 -0.0019036780268160021 -0.002178324358928493 0.024596784701559238 0.008980796810552635 -0.02703794213033156 0.04604291044745767 0.020851354648889108 0.032867335129998614 0.04199260605487022 -0.0010452786733703154 -0.01624788221935527 -0.01023642196125861 0.02120648779142167 -0.007747982248726838 0.002352343550872018 0.03508984854730383 0.06005939900487493 0.05804696577778699 0.0632322164918643 -0.029491144927454235 -0.033738006686776296
0.0 0.0 0.0 0.0 0.0 0.0 0.0 0.0 0.0 0.0 0.0 0.0 0.0 0.0 0.0 0.0 0.0 0.0 0.0 0.0 0.0 0.0 0.0 0.0 0.0 0.0 0.0 0.0 0.0 0.0 0.0 0.0 0.0 0.0 0.0 0.0 0.0 0.0 0.0 0.0 0.0 0.0 0.0 0.0 1.0 0.03172491562118563 0.007851987891627497 0.06583858699580142 0.0035879488477231158 -0.025075903621588957 0.027949758933827312 -0.01159111184675904 0.044947533408747624 0.03347852493375001 -0.003085318046058402 0.046795563419166235 -0.008245715067112434 0.05676419529409388 -0.03696664473143444 -0.007020525429706413 0.04607305464833405 0.06061748621557648 -0.02110833493999002 -0.0021063666314738226 -0.024765731595812624 -0.022544423592726622 -0.00041026958336730444 -0.013442051760816238 0.0470024793990993 0.0003896618940716282 0.024854194428817127 0.024065368281031202 0.04986372485776738 0.002732415215167999 0.06086273312271845 0.012708210531791466 0.03966017833608744 0.03210773767410188 0.04250713240062063 0.024604555329713337 0.03137988976122717 -0.0010054742876525074 -0.013094309297759902 0.037896668437812794 0.045248153673506535 0.04154181775915948 -0.006800645116147601 0.051791223887559745 0.015471086586526035 0.02803967442302469 -0.022715559144162862 0.02160691103368279 -0.017435162788899297 0.05296534714649894 0.029609721035488173 0.0008334168476838298 0.059922022067661125 -0.02533391138088741 0.013077094942785507 -0.006035438208993357
0.0 0.0 0.0 0.0 0.0 0.0 0.0 0.0 0.0 0.0 0.0 0.0 0.0 0.0 0.0 0.0 0.0 0.0 0.0 0.0 0.0 0.0 0.0 0.0 0.0 0.0 0.0 0.0 0.0 0.0 0.0 0.0 0.0 0.0 0.0 0.0 0.0 0.0 0.0 0.0 0.0 0.0 0.0 0.0 0.0 1.0 0.012898929839420136 -0.031125883281017508 0.052076871220838955 0.05958182088178856 0.023299712225576707 0.03023018108292712 -0.012014547506987168 0.06181493537842535 -0.01523752171459429 -0.02302433975222125 -0.019764459859707297 -0.021940751502389225 0.012155940482367308 -0.011527826009133213 0.04773982764970312 0.0589629007703365 0.02497948339622592 0.03257175690371697 0.03704032846799451 0.04297025359483565 -0.03398932264517026 0.060133261626479084 -0.010007469204060305 0.03529812852309626 0.020410004960848667 0.003001864124262259 -0.014163028847051156 -0.011056282516656775 0.01858816957930546 0.0012086230318404387 0.011305285001967074 0.006659095974690224 -0.012633962377004827 0.023081443009352647 0.0008402586596883039 0.023015900003812175 -0.003755877472814046 -0.0024241150614074426 0.06161474015587397 0.009061974275775523 0.03867882191781611 0.022394182807255632 0.03202587308160225 0.0349257987305852 0.056956256942598614 0.05338507838882248 0.062443707960632415 -0.003541165926254623 0.05563756168967177 -0.00650956448410636 0.0404212539320193 0.03497923030093432 -0.014072914337327201 -0.02737479776632659
0.0 0.0 0.0 0.0 0.0 0.0 0.0 0.0 0.0 0.0 0.0 0.0 0.0 0.0 0.0 0.0 0.0 0.0 0.0 0.0 0.0 0.0 0.0 0.0 0.0 0.0 0.0 0.0 0.0 0.0 0.0 0.0 0.0 0.0 0.0 0.0 0.0 0.0 0.0 0.0 0.0 0.0 0.0 0.0 0.0 0.0 1.0 0.03236679870492974 0.06120802519290277 0.02833342220309835 0.020419077138908275 -0.022651886709553686 0.00733006552545055 0.0369556262024902 0.03213645894063572 0.005016123231571107 0.03009094424177914 0.049907291282815056 0.03251002526617121 -0.019999135319660976 -0.005773501345289211 0.043912984094134945 0.0074949724741953 -0.02805573273498734 0.03113268965731243 0.03882514836703001 0.021977499758479044 -0.030653667349078616 -0.03141428548130866 -0.003883838557699107 -0.033673932852086974 -0.010074661995088711 -0.025511859852012195 -0.037438216699166874 0.03461167248759503 -0.004222626666664099 0.0439073713392383 0.0032284317287331037 0.010292148114975926 0.05102955954034002 0.024925814314856264 0.04234351672535125 0.025708839148370206 0.03818825147183597 -0.028004108543530856 -0.007507679292008996 0.05117831929317511 0.0560977943784004 0.044667407301899616 0.040418315466759974 0.00163144765486369 -0.014988108276571021 0.015650310854218252 -0.016177964059062383 0.054328582675508975 0.018458971102710546 0.0020424683187247033 -0.03169483029205868 0.0424431529932986 -0.015796578058100263
0.0 0.0 0.0 0.0 0.0 0.0 0.0 0.0 0.0 0.0 0.0 0.0 0.0 0.0 0.0 0.0 0.0 0.0 0.0 0.0 0.0 0.0 0.0 0.0 0.0 0.0 0.0 0.0 0.0 0.0 0.0 0.0 0.0 0.0 0.0 0.0 0.0 0.0 0.0 0.0 0.0 0.0 0.0 0.0 0.0 0.0 0.0 1.0 0.013162882658429673 -0.018019794708498824 -0.02717856657473572 0.03718959304061152 0.0532841186517814 0.01969893736138819 0.02049902049770922 0.051859873546130066 0.05271783422720159 -0.042142718189485666 0.022823731825763305 0.028178473286861853 -0.028539345746470934 0.03312197304948469 0.03894222128492226 0.012840845330442482 -0.014236488936924755 -0.0067327546224342704 -0.009304832570749703 0.0017614663178880138 0.06599828726304836 0.044694399126870225 0.00941284293253643 -0.036903703836384555 -0.0014430336631230604 0.009614442211450433 0.04697698655459472 -0.01590703769702132 -0.02409002143113183 -0.023110557320470508 -0.03084586432261289 0.018524397923944225 -0.020154521504633368 0.02262818267402413 0.06956932100559965 -0.007189229728475969 0.053763505743097184 0.003793216900503602 0.0535693202982555 0.05296873955656418 0.01604670176725646 0.027629230649176904 -0.0019270257152691267 0.07069812602524092 0.06615633075161872 -0.004585076958116768 0.04780756549324839 -0.008837094949955495 0.0042796815923410525 0.030291974508387852 -0.03256811888153064 0.02621548547554056
0.0 0.0 0.0 0.0 0.0 0.0 0.0 0.0 0.0 0.0 0.0 0.0 0.0 0.0 0.0 0.0 0.0 0.0 0.0 0.0 0.0 0.0 0.0 0.0 0.0 0.0 0.0 0.0 0.0 0.0 0.0 0.0 0.0 0.0 0.0 0.0 0.0 0.0 0.0 0.0 0.0 0.0 0.0 0.0 0.0 0.0 0.0 0.0 1.0 0.06932519785173442 0.012233064368957042 -0.03482169636510685 0.002736751522718626 0.012537763396292707 0.02376346110749088 0.04088146291851187 0.032419018561113164 0.018631719683504376 0.009257439513688633 0.02462325197222579 0.0832054136645163 -0.021714945895298973 -0.0034797058001340853 -0.008492877189645209 -0.02859856547125224 -0.015127215385778275 0.04288547883961352 -0.02606690718956644 0.06738641772726944 -0.00044319492291482394 0.04060109491849302 -0.015108980613825035 0.020028676035534848 -0.011676613834660551 0.013112503593051389 0.024698291039403835 -0.014221538565459591 -0.007948697298025562 0.0034875960942848633 0.04777028317578046 0.008110763560949053 0.009979136336530752 0.0726626962369917 -0.02206470487983781 0.030666164617584632 0.011307183510935504 0.012299162976960628 -0.023769908043377988 0.011866466695855244 0.04792449930178213 0.00938454079594088 0.0498081282445547 0.04788737783721414 0.03708507257052473 0.03673194501807813 0.023283095662231017 0.0020712771257028937 0.07730320012508636 0.01066352012776547 0.07032511793481218
0.0 0.0 0.0 0.0 0.0 0.0 0.0 0.0 0.0 0.0 0.0 0.0 0.0 0.0 0.0 0.0 0.0 0.0 0.0 0.0 0.0 0.0 0.0 0.0 0.0 0.0 0.0 0.0 0.0 0.0 0.0 0.0 0.0 0.0 0.0 0.0 0.0 0.0 0.0 0.0 0.0 0.0 0.0 0.0 0.0 0.0 0.0 0.0 0.0 1.0 0.021220553092895618 0.04678973115456987 0.0449087782184083 0.06355605369279858 0.013487754159218556 0.045175066327003174 0.029856813557101455 0.01044540521185473 0.03184055223083782 -0.030954561508587358 0.023268420073876094 -0.01831244897871385 0.03212090009656242 0.060067058128230245 0.02547342029085072 0.040943966601557365 -0.01952463923823493 0.025434618134341492 0.031905654487317414 0.0149825512093489 -0.032533810626213015 0.04636858522033955 0.03059326097122892 -0.025185060821850777 0.008965303037320729 0.06753030242567326 0.06496610545113043 -0.025423643659079176 -0.012440009929561898 0.016178109649230017 0.012162424251885228 0.03700908190219871 0.011626177459485739 0.05774642511857052 0.03831293168065188 0.02615552277757522 -0.03532942537361276 0.028422442206177012 -0.013883976115015403 -0.0009378982344792465 0.049960697420837016 0.006629525563885598 -0.009959847718306465 0.037002123128192545 0.040472493548080954 0.048822260296643334 -0.007303371733085729 0.04353321837699887 0.05507513206277346 0.06273591759004407
0.0 0.0 0.0 0.0 0.0 0.0 0.0 0.0 0.0 0.0 0.0 0.0 0.0 0.0 0.0 0.0 0.0 0.0 0.0 0.0 0.0 0.0 0.0 0.0 0.0 0.0 0.0 0.0 0.0 0.0 0.0 0.0 0.0 0.0 0.0 0.0 0.0 0.0 0.0 0.0 0.0 0.0 0.0 0.0 0.0 0.0 0.0 0.0 0.0 0.0 1.0 0.0023275197194022445 -0.012170021981361082 0.02234454680838175 -0.0008534120064906136 -0.020062276741458596 0.04431232455565392 -0.015604396086720639 -0.026894516110935098 -0.011194873806309921 -0.024133339389134936 0.06193597924301304 0.018282573358982417 0.009874129107751048 0.0433257744673909 0.03833778632542809 0.03102717043041331 0.01701839138509927 -0.03669536238270503 0.04322100165427073 0.015550925972496363 0.013021336499966894 0.03658625146626081 -0.02144219782055119 -0.005318132334319488 0.023146310274754483 -0.023171777275454674 -0.008975625838105022 -0.01859704062071333 -0.02198173411574387 0.051308347343710016 -0.027047784835905975 0.04452383352188282 -0.014985085172234984 0.04927359477062387 0.046423667866415684 0.041640375711225544 0.010642711567578456 -0.015471038603790026 -0.0006701456988480351 -0.025340445361780994 -0.007676238686475962 0.04196634826756142 0.016593971123775208 0.04505120494677241 -0.032041983338990734 0.039130409000118015 -0.004085894228635286 0.027361564154591584 0.03879455859568403
0.0 0.0 0.0 0.0 0.0 0.0 0.0 0.0 0.0 0.0 0.0 0.0 0.0 0.0 0.0 0.0 0.0 0.0 0.0 0.0 0.0 0.0 0.0 0.0 0.0 0.0 0.0 0.0 0.0 0.0 0.0 0.0 0.0 0.0 0.0 0.0 0.0 0.0 0.0 0.0 0.0 0.0 0.0 0.0 0.0 0.0 0.0 0.0 0.0 0.0 0.0 1.0 0.007256154187261742 0.045986424623772997 0.04949765010157109 0.001867795277269827 -0.020812475159298145 0.008676705114831967 0.0031444625246025127 0.061520437729101846 -0.019328448100086947 0.04417757967878999 -0.024409309604465315 0.03507302460664952 0.041613845431648804 0.021710336317496085 0.04273666471179197 0.0061688498700215 -0.018086458872964725 0.002745939448798027 0.05708879486620364 0.0169295102517954 0.007670097367072821 0.0437339374225403 -0.019105908230769013 -0.01033248495843909 0.010727628904549145 -0.02367728986815991 -0.023597901291021094 -0.007748493966909076 -0.019004800070650557 -0.00289225282155957 0.006753444745184596 -0.005758892086136344 0.06572911214827581 0.06561051323717428 0.04133986471919806 0.01453922800016337 -0.013824443018523456 -0.009195994923626364 -0.03348867050592703 0.045538342410164606 0.018652638198257025 0.024927229226864613 -0.005559085035085131 0.04780581913816128 0.0162603306363795 0.023903372475625 0.03216455118181438 -0.03698831909251743
0.0 0.0 0.0 0.0 0.0 0.0 0.0 0.0 0.0 0.0 0.0 0.0 0.0 0.0 0.0 0.0 0.0 0.0 0.0 0.0 0.0 0.0 0.0 0.0 0.0 0.0 0.0 0.0 0.0 0.0 0.0 0.0 0.0 0.0 0.0 0.0 0.0 0.0 0.0 0.0 0.0 0.0 0.0 0.0 0.0 0.0 0.0 0.0 0.0 0.0 0.0 0.0 1.0 0.06128956339940851 0.02940756187897811 0.05202133965882456 0.006099509580755658 -0.0357958479521213 0.0239954677657956 -0.02412859909001594 -0.00583242812114958 0.056114750766200996 0.0542565078582733 0.01597610161809671 0.012526148320440819 -0.009462672280105318 -0.013739539077245653 0.06572451705875913 -0.01822754554756345 -0.02817641531585598 0.01186501424881486 -0.025099382543105855 0.005013014061323506 -0.028896632314826365 0.019406660009732762 0.045192080327180424 0.011000754331830483 -0.0008840229178200134 -0.017834084268583916 -0.013028856639451195 0.03365955284872007 0.021058485240864126 -0.0089439685839448 8.90208980994278e-05 0.02594977702170846 -0.00983403447734351 -0.005987406098510387 0.05035334467759563 0.01756134192009948 0.030146120211252583 -0.029195361189156235 0.04053417651454374 0.05640168071501831 -0.013364946145475117 0.01930097621116296 0.02320845609785266 0.0021253289415027804 -0.03683987892092108 0.03838283870242668 0.035920130867572425
0.0 0.0 0.0 0.0 0.0 0.0 0.0 0.0 0.0 0.0 0.0 0.0 0.0 0.0 0.0 0.0 0.0 0.0 0.0 0.0 0.0 0.0 0.0 0.0 0.0 0.0 0.0 0.0 0.0 0.0 0.0 0.0 0.0 0.0 0.0 0.0 0.0 0.0 0.0 0.0 0.0 0.0 0.0 0.0 0.0 0.0 0.0 0.0 0.0 0.0 0.0 0.0 0.0 1.0 0.030729416279966098 -0.019357616811732713 0.027609298219503333 0.04860191489098612 0.040030850334904534 -0.020785020791710927 0.021024397246916286 0.029980551396361108 -0.033902495549867864 0.022103322434965097 -0.030455555247571056 -0.03240112866213032 -0.021429149428341614 0.05701184779978966 0.03614069720483602 -0.02919907101070503 0.05043459394193845 0.01551202091799359 0.008904030479734532 0.04972703167287693 0.012581990365980044 0.008816884556393035 0.053816462125182235 0.004764978506049589 -0.01918426427514812 0.027390629022774348 0.005072019864372957 0.01458873601844852 -0.016122432375286967 0.005586568187463373 -0.01188381384513225 -0.037439687725992224 -0.01147574721120633 -0.04348200229251175 0.012877701844598669 -0.007580424932425677 -0.04023465652428654 -0.01755671272535073 0.008189569248373883 0.046146451595922185 0.02239549949989636 0.0560627927358196 0.011903996053882024 -0.002661323441738263 0.013124517247321494 0.0068424528961219915
0.0 0.0 0.0 0.0 0.0 0.0 0.0 0.0 0.0 0.0 0.0 0.0 0.0 0.0 0.0 0.0 0.0 0.0 0.0 0.0 0.0 0.0 0.0 0.0 0.0 0.0 0.0 0.0 0.0 0.0 0.0 0.0 0.0 0.0 0.0 0.0 0.0 0.0 0.0 0.0 0.0 0.0 0.0 0.0 0.0 0.0 0.0 0.0 0.0 0.0 0.0 0.0 0.0 0.0 1.0 -0.021036634720741722 -0.004328837062610374 -0.0034356193992893798 -0.023204177412837326 -0.01763482386432344 -0.010552370038293301 0.022949633696231125 0.00840738847195625 0.017678687219110898 -0.012815744929333796 -0.03863959377355036 -0.0004980722464922116 0.011320186061033168 0.044052562316256524 0.03950769475834554 -0.013656621329330394 0.028779670174078932 0.022548921561514126 0.06600753015616591 -0.014636981855952257 0.0039099100687693305 -0.00014378014140884244 0.04245876846297475 0.02706325578345814 0.05391125561174022 0.03798598117299563 -0.029846245071501302 0.025839830394062704 0.028621238274626124 -0.009024853440784839 -0.0012975678272241658 -0.020065615416133813 -0.019308988727537776 0.025994154101571357 0.0692505018010745 0.005159083320234856 0.06125863072853272 -0.024483236699829082 0.035643367496318995 0.05717644658725799 0.031022643020201614 0.036537209457028916 -0.01915294997563216 0.05051937168321997 0.02595960504869021
0.0 0.0 0.0 0.0 0.0 0.0 0.0 0.0 0.0 0.0 0.0 0.0 0.0 0.0 0.0 0.0 0.0 0.0 0.0 0.0 0.0 0.0 0.0 0.0 0.0 0.0 0.0 0.0 0.0 0.0 0.0 0.0 0.0 0.0 0.0 0.0 0.0 0.0 0.0 0.0 0.0 0.0 0.0 0.0 0.0 0.0 0.0 0.0 0.0 0.0 0.0 0.0 0.0 0.0 0.0 1.0 0.0633582753902758 0.054108245128131734 0.027728868282071824 -0.033975401705918236 0.030329640567112032 -0.01482848043564168 0.02347596270997 -0.004839322782970018 -0.0377634592589673 -0.027256364638474428 0.010765430738462065 0.03384305642520223 0.04070996188338447 0.0007784282706543288 -0.027581861564706316 0.02169603578270718 -0.020462159159034283 0.04297087699689256 -0.0296120714232162 -0.021949623662940537 0.04084187898088038 -0.02003548215349112 -0.016587323148746034 0.03786603810792736 0.01784721638657193 0.028241913657396523 0.017556566001279146 -0.01490378910596455 0.03916133124035795 -0.030633783931445877 0.05414941998305025 0.06527854341454353 -0.010415021622808242 0.0537690551373461 0.030801159094784526 -0.018760925858975645 -0.010347346679218862 0.0517712972974835 -0.023167726167290757 0.00558414781279702 0.05804947760024697 0.016758899999121363 0.03015908685125618 -0.021387203403361605
0.0 0.0 0.0 0.0 0.0 0.0 0.0 0.0 0.0 0.0 0.0 0.0 0.0 0.0 0.0 0.0 0.0 0.0 0.0 0.0 0.0 0.0 0.0 0.0 0.0 0.0 0.0 0.0 0.0 0.0 0.0 0.0 0.0 0.0 0.0 0.0 0.0 0.0 0.0 0.0 0.0 0.0 0.0 0.0 0.0 0.0 0.0 0.0 0.0 0.0 0.0 0.0 0.0 0.0 0.0 0.0 1.0 -0.021298825920604822 0.032474950435021195 0.023823742853016455 0.022777941729341753 0.05091704313850538 0.004073775622350918 0.022223889707882506 -0.023565199316499707 0.02169961947238413 0.04518328822356712 0.04202993845457643 0.01179882463255848 -0.0004779712046118504 0.014027493322006333 0.019229492043430687 0.05752920569959404 0.043601002708058376 -0.0047324797149867065 -0.02635120164782372 0.038027438013724484 0.03842741943930497 -0.044077539913515706 -0.014758888671374265 0.043003295681564496 0.0032341940610881932 -0.0355038511971822 -0.020563783821665682 -0.03073717565598657 -0.01615876931928582 -0.03356308421716033 0.008514832550749458 0.026272394706258795 0.043649760703205906 -0.019841922684448853 0.011928384668346458 -0.0008020691299864966 -0.03266098962767168 -0.00019276930981194598 -0.027929380978025328 0.03130646051407566 0.05072004076070614 0.017287773131428603 -0.02785828121004118
0.0 0.0 0.0 0.0 0.0 0.0 0.0 0.0 0.0 0.0 0.0 0.0 0.0 0.0 0.0 0.0 0.0 0.0 0.0 0.0 0.0 0.0 0.0 0.0 0.0 0.0 0.0 0.0 0.0 0.0 0.0 0.0 0.0 0.0 0.0 0.0 0.0 0.0 0.0 0.0 0.0 0.0 0.0 0.0 0.0 0.0 0.0 0.0 0.0 0.0 0.0 0.0 0.0 0.0 0.0 0.0 0.0 1.0 0.020429928891371213 -0.0360231301770162 0.013837343003344162 0.010285563080517066 0.013280406397632971 0.01939901003105657 0.060599030208634594 0.016518135096755187 0.01749120834622456 -0.020679999129999457 -0.03821872218369311 -0.007483648528029904 0.05529037697172076 0.02410687098832448 0.0012522839819244281 -0.008806770107747058 0.028780967233216936 0.07144941577156212 -0.016286543551114356 5.3747628038144425e-05 0.06270099180387996 0.021573335481815108 0.026885665638869034 0.017168422689772506 -0.02507652033404468 0.00379222087981446 -0.0023830256430462343 0.020758382379299063 -0.0054685594345595 0.044145463305362356 0.011737550445716569 0.018563935339246034 0.06448229015911877 -0.017913697871220546 0.027150030041969857 0.00022461397491916525 -0.021589615892953055 0.01873092122569237 0.06379955912033868 0.04339673225882499 0.011748960269875043 -0.01914596276248156
0.0 0.0 0.0 0.0 0.0 0.0 0.0 0.0 0.0 0.0 0.0 0.0 0.0 0.0 0.0 0.0 0.0 0.0 0.0 0.0 0.0 0.0 0.0 0.0 0.0 0.0 0.0 0.0 0.0 0.0 0.0 0.0 0.0 0.0 0.0 0.0 0.0 0.0 0.0 0.0 0.0 0.0 0.0 0.0 0.0 0.0 0.0 0.0 0.0 0.0 0.0 0.0 0.0 0.0 0.0 0.0 0.0 0.0 1.0 -0.0038144170942094676 -0.026994449971294653 0.01632975414282705 0.024985224791623947 -0.0013837866059327878 -0.041225967356776506 0.006073298658849662 0.0455228382136991 -0.044268560313677506 0.01960632071115065 -0.0006838229075302448 -0.0022308528553860426 -0.006984295914898064 -0.029816442020376754 -0.020960734854154724 0.02547769561911415 0.05528077763508965 0.05101706579967682 0.0016191774561449324 0.06226735812657549 -0.0002252811339083922 0.009773810678207547 -0.011073647621300494 -0.011657220434106344 0.05930342385390288 0.026653859572175274 -0.005252200895266589 -0.03196904209435733 0.008515055736645401 0.014007991765878526 0.06172414210600326 0.06571472049817949 -0.026991848774379178 -0.013410882524108231 -0.023415155593927716 -0.01141970294784689 0.045723317763288675 0.03896010811360366 0.02638411384491202 -0.0005972095542993109 -0.0006171458701055899
0.0 0.0 0.0 0.0 0.0 0.0 0.0 0.0 0.0 0.0 0.0 0.0 0.0 0.0 0.0 0.0 0.0 0.0 0.0 0.0 0.0 0.0 0.0 0.0 0.0 0.0 0.0 0.0 0.0 0.0 0.0 0.0 0.0 0.0 0.0 0.0 0.0 0.0 0.0 0.0 0.0 0.0 0.0 0.0 0.0 0.0 0.0 0.0 0.0 0.0 0.0 0.0 0.0 0.0 0.0 0.0 0.0 0.0 0.0 1.0 -0.00935140815966479 0.05455065200069207 -0.007738659777183854 0.052266103021758784 -0.014129196482477645 0.0030992907425689982 -0.00033937591639527525 0.01984752797780219 0.036014372366363075 0.019831679525142754 0.012750539568508475 0.043862622775194815 0.04906089470369687 0.0355969520767038 0.0012042130336486778 0.040595348760896946 -0.013950221620821645 0.03727644127901747 0.001047757511654411 -0.021388505023847978 0.0347566797140356 0.02836463303857954 0.03350747433108312 -0.030335802542399024 0.027470889246577947 -0.013550817237708361 0.015099523932166136 -0.037328757733831396 -0.018367418206444483 0.07144376425136573 0.03833858539929302 -0.04803177529253636 -0.027765532424028502 0.00014286480243962216 -0.0006790992215145658 0.03844218454435266 0.021651755443673697 -0.00017181786087952907 0.018142353098596933 -0.009271122393115543
0.0 0.0 0.0 0.0 0.0 0.0 0.0 0.0 0.0 0.0 0.0 0.0 0.0 0.0 0.0 0.0 0.0 0.0 0.0 0.0 0.0 0.0 0.0 0.0 0.0 0.0 0.0 0.0 0.0 0.0 0.0 0.0 0.0 0.0 0.0 0.0 0.0 0.0 0.0 0.0 0.0 0.0 0.0 0.0 0.0 0.0 0.0 0.0 0.0 0.0 0.0 0.0 0.0 0.0 0.0 0.0 0.0 0.0 0.0 0.0 1.0 0.042582585910446266 -0.03541989791541329 -0.012693433404445715 -0.023250141877692383 0.017909163548491654 0.0571932576731948 0.011361052139677783 -0.04689009002092093 0.013973175677853058 0.03986098626342637 -0.013232803841604527 -0.008420172222511844 0.047836893102928234 0.05720166374908314 0.01257358521531083 0.04081408787690312 -0.012652484809293462 0.005081596689049496 -0.03345218943319058 0.019213455747221924 -0.016046353321673396 0.009026901098680231 -0.020616988909362966 0.012766431095794114 0.05683277408849851 0.04172414299933398 0.00770677424468577 -0.002042837138609147 0.02631869643074025 0.013722011878447429 -0.03897581660889755 -0.014461206677021402 0.00513389693099455 0.00063786090493746 -0.013469333021481546 0.05002601391034886 0.014806583920466649 -0.03363541835549189 -0.034070258300912315
0.0 0.0 0.0 0.0 0.0 0.0 0.0 0.0 0.0 0.0 0.0 0.0 0.0 0.0 0.0 0.0 0.0 0.0 0.0 0.0 0.0 0.0 0.0 0.0 0.0 0.0 0.0 0.0 0.0 0.0 0.0 0.0 0.0 0.0 0.0 0.0 0.0 0.0 0.0 0.0 0.0 0.0 0.0 0.0 0.0 0.0 0.0 0.0 0.0 0.0 0.0 0.0 0.0 0.0 0.0 0.0 0.0 0.0 0.0 0.0 0.0 1.0 0.03639148506828382 0.008123602240544384 0.05826783011614198 0.037258841303511446 0.0023369588386798175 -0.015789970667394095 0.0008317948007613182 0.009837385020907793 -0.03162984814010683 -0.03192170283078599 0.011164315951296624 0.02482032340969241 -0.008240095171137227 0.03448808441544128 0.016912778092283424 -0.03340701273766145 0.027793308866518273 -0.0251981079524193 -0.036280487210562845 -0.01924008219208336 -0.012376678893571373 -0.0120759497083071 0.03300266491486947 0.05149358877141753 -0.018712326142316632 0.062394865230047315 0.04101081926356342 -0.004090750725258337 0.05058905547822419 -0.01699116524586519 0.008638848697146689 -0.022121001846822058 0.00944068617990544 0.027837923641377313 0.016652817045925052 0.022049064302075306 0.005539539917765834 0.01245658706953474
0.0 0.0 0.0 0.0 0.0 0.0 0.0 0.0 0.0 0.0 0.0 0.0 0.0 0.0 0.0 0.0 0.0 0.0 0.0 0.0 0.0 0.0 0.0 0.0 0.0 0.0 0.0 0.0 0.0 0.0 0.0 0.0 0.0 0.0 0.0 0.0 0.0 0.0 0.0 0.0 0.0 0.0 0.0 0.0 0.0 0.0 0.0 0.0 0.0 0.0 0.0 0.0 0.0 0.0 0.0 0.0 0.0 0.0 0.0 0.0 0.0 0.0 1.0 0.016432613414734912 0.003925144675158619 0.04599338955885028 -0.0038568362707769293 -0.02453602050474212 -0.003228841059866686 0.038548122402153974 -0.016285319831383788 0.0026395064414676942 -0.003494080461719873 0.017497718217921617 0.03307036912157652 0.011640320578245855 0.005883178145103663 0.032775347902083196 0.051170224612218686 0.05556859824008819 0.016319802103172156 -0.014893085525472709 0.005456461782530529 0.026283577796424058 0.02599651367459961 0.049065038863671105 0.04584443725228784 0.026444802830861435 0.03941190362871003 0.025297140175740487 0.0008707307887386287 0.0024587939313675923 0.05876407890104595 0.05000239855648068 -0.016337847533875762 0.008784621305611945 0.00290920668191277 0.05850074119924253 -0.002865078380637227 0.04273973568526587
0.0 0.0 0.0 0.0 0.0 0.0 0.0 0.0 0.0 0.0 0.0 0.0 0.0 0.0 0.0 0.0 0.0 0.0 0.0 0.0 0.0 0.0 0.0 0.0 0.0 0.0 0.0 0.0 0.0 0.0 0.0 0.0 0.0 0.0 0.0 0.0 0.0 0.0 0.0 0.0 0.0 0.0 0.0 0.0 0.0 0.0 0.0 0.0 0.0 0.0 0.0 0.0 0.0 0.0 0.0 0.0 0.0 0.0 0.0 0.0 0.0 0.0 0.0 1.0 0.05960589526010463 0.014277259331657362 0.008577245004312848 0.0518620285462047 0.06151822757381001 -0.022938310274343867 0.031584305621817146 0.044121203297058285 -0.023499991642662005 -0.03379193995535831 0.04002856493430726 0.0064282057881502215 -0.007543977039110523 0.027822079188121712 0.014066453690511287 -0.01877309976402405 0.018400185033979867 0.053369434150519215 0.05366890535071755 -0.008241998818825392 -0.007116148070816528 -0.04176292622776659 -0.014057664280005775 0.030065193847869563 -0.034152352691261836 0.043643143735550026 -0.0019863089153861185 0.03948317274292646 -0.008567322188654383 0.05163200132690097 -0.02495343756959202 0.021536554264885086 -0.02165103741499049 0.03386121647903169 -0.004228110706788351 0.0018636885711104786
0.0 0.0 0.0 0.0 0.0 0.0 0.0 0.0 0.0 0.0 0.0 0.0 0.0 0.0 0.0 0.0 0.0 0.0 0.0 0.0 0.0 0.0 0.0 0.0 0.0 0.0 0.0 0.0 0.0 0.0 0.0 0.0 0.0 0.0 0.0 0.0 0.0 0.0 0.0 0.0 0.0 0.0 0.0 0.0 0.0 0.0 0.0 0.0 0.0 0.0 0.0 0.0 0.0 0.0 0.0 0.0 0.0 0.0 0.0 0.0 0.0 0.0 0.0 0.0 1.0 0.013563588382867416 -0.013427085199523296 0.02982421116188504 0.016456999134793808 -5.020145201885742e-05 0.0036999578734689454 0.047355477556192634 0.06469468397855109 0.02982930382034187 0.006119090868240754 0.027663905693058922 0.025480670610827726 -0.0019254926908202766 0.01538574598539091 0.048137850029848904 -0.025871789213791508 0.036835252806037354 0.037609830656896645 -0.0055643393086969644 -0.004701917962610299 0.04756925390773672 0.009111382477088028 0.01570826610089436 -0.019941531541861155 -0.031457651045820226 -0.013266487533940736 0.003968087640785681 0.05015560382861627 0.010513090894529424 0.007318354525195081 -0.02129302787009268 -0.0003772090916364158 0.03567926631220864 0.008030249924695747 0.00833823251601864
0.0 0.0 0.0 0.0 0.0 0.0 0.0 0.0 0.0 0.0 0.0 0.0 0.0 0.0 0.0 0.0 0.0 0.0 0.0 0.0 0.0 0.0 0.0 0.0 0.0 0.0 0.0 0.0 0.0 0.0 0.0 0.0 0.0 0.0 0.0 0.0 0.0 0.0 0.0 0.0 0.0 0.0 0.0 0.0 0.0 0.0 0.0 0.0 0.0 0.0 0.0 0.0 0.0 0.0 0.0 0.0 0.0 0.0 0.0 0.0 0.0 0.0 0.0 0.0 0.0 1.0 -0.0398105841292783 -0.024598936431300872 -0.01721098109847706 0.01778253693690317 0.039194846549682236 0.039716821118818066 0.002764894844145714 0.052416174761774806 -0.010803496174400165 0.027437715352000097 0.04636391493562208 0.051599819932747766 0.010355182784290495 0.02142263510959036 -0.007159011726860967 -0.023560594552255544 0.04117314088790018 0.05428965287324103 0.0189244782329508 -0.020173669496144957 -0.033556969043713206 0.042271404406002674 0.026011100271238794 -0.017708693330495646 0.05247729480022681 0.022904828800539553 -0.02573446318688618 -0.022806580656841473 0.033737957766296164 0.02945598198434758 0.061545651282326544 -0.005373706650209122 -0.001877267050581031 0.025524527017526007
0.0 0.0 0.0 0.0 0.0 0.0 0.0 0.0 0.0 0.0 0.0 0.0 0.0 0.0 0.0 0.0 0.0 0.0 0.0 0.0 0.0 0.0 0.0 0.0 0.0 0.0 0.0 0.0 0.0 0.0 0.0 0.0 0.0 0.0 0.0 0.0 0.0 0.0 0.0 0.0 0.0 0.0 0.0 0.0 0.0 0.0 0.0 0.0 0.0 0.0 0.0 0.0 0.0 0.0 0.0 0.0 0.0 0.0 0.0 0.0 0.0 0.0 0.0 0.0 0.0 0.0 1.0 -0.010460587128790137 -0.020528805820630068 0.000985355192834543 0.04684669107709879 0.030237769749536205 0.021012045769408922 0.04226584055096876 -0.03266497547086915 -0.014710655618461296 0.04037100548151652 -0.005373701026410925 0.06078067866407431 0.06075503414945054 0.0007134885620805093 0.0004720400987165579 -0.02911920019765247 0.004955584059241905 -0.010424956447450291 0.04359207002162203 0.04564457413226023 0.02958363282760234 0.04413533625397598 0.0333903046905521 0.024706669618122734 -0.0080384717016303 -0.0011608996138434623 0.05608819051243617 0.030490298196493376 0.06244564911660574 0.06567656979929916 -0.026170654149221248 0.02870949698188968 -0.00199074463868829
0.0 0.0 0.0 0.0 0.0 0.0 0.0 0.0 0.0 0.0 0.0 0.0 0.0 0.0 0.0 0.0 0.0 0.0 0.0 0.0 0.0 0.0 0.0 0.0 0.0 0.0 0.0 0.0 0.0 0.0 0.0 0.0 0.0 0.0 0.0 0.0 0.0 0.0 0.0 0.0 0.0 0.0 0.0 0.0 0.0 0.0 0.0 0.0 0.0 0.0 0.0 0.0 0.0 0.0 0.0 0.0 0.0 0.0 0.0 0.0 0.0 0.0 0.0 0.0 0.0 0.0 0.0 1.0 0.041736010155280896 -0.004720069962821128 -0.030908474139273355 0.04913313762808548 0.06410349768032553 0.009222779547750002 0.00625985510410164 0.012108985496209675 0.027912462092967112 -0.011297931989944672 -0.019984666312973347 0.0056625273102696196 -0.03081426704073066 -0.007628504220611774 -0.03756058303558705 0.015604646781912512 0.027831308108059866 0.05023780273937758 -0.04006477787528602 0.050679311747278376 -0.02001940747546623 0.005902958543992274 0.013501631570401308 0.00608342073973076 0.019698302663964964 0.03523193166274781 -0.0025842614893299394 -3.0906142693225866e-05 0.05787633005023671 0.05519533617670893 0.005577726667985996 -0.0369883573640553
0.0 0.0 0.0 0.0 0.0 0.0 0.0 0.0 0.0 0.0 0.0 0.0 0.0 0.0 0.0 0.0 0.0 0.0 0.0 0.0 0.0 0.0 0.0 0.0 0.0 0.0 0.0 0.0 0.0 0.0 0.0 0.0 0.0 0.0 0.0 0.0 0.0 0.0 0.0 0.0 0.0 0.0 0.0 0.0 0.0 0.0 0.0 0.0 0.0 0.0 0.0 0.0 0.0 0.0 0.0 0.0 0.0 0.0 0.0 0.0 0.0 0.0 0.0 0.0 0.0 0.0 0.0 0.0 1.0 0.04416840728265212 0.014816637602856125 -0.03907759026208848 0.05496954569113976 0.0031013339511795635 0.04003776356932527 -0.014812287997893078 0.008191660614780504 -0.023263014216008814 -0.008381095797220612 -0.014756056548879803 0.05941366346892578 0.011455887979772969 0.018424632925483925 0.0129026862882788 0.02053409346301154 -0.01762320842577068 0.05572897103665055 0.024172322296785093 0.032030461772114535 0.02830657716297312 0.046458192593565116 -0.03480221574012556 0.0027712769702611852 0.01322921494919488 0.025734522511137142 0.03487657637511442 -0.00038995772028613295 0.006702083368093366 0.005720146776170133 -0.02376908444531186
0.0 0.0 0.0 0.0 0.0 0.0 0.0 0.0 0.0 0.0 0.0 0.0 0.0 0.0 0.0 0.0 0.0 0.0 0.0 0.0 0.0 0.0 0.0 0.0 0.0 0.0 0.0 0.0 0.0 0.0 0.0 0.0 0.0 0.0 0.0 0.0 0.0 0.0 0.0 0.0 0.0 0.0 0.0 0.0 0.0 0.0 0.0 0.0 0.0 0.0 0.0 0.0 0.0 0.0 0.0 0.0 0.0 0.0 0.0 0.0 0.0 0.0 0.0 0.0 0.0 0.0 0.0 0.0 0.0 1.0 -0.002476615570017979 0.0017959205795947779 0.005395971087148725 0.037052737951326846 0.014617206490984426 0.04933040623014413 0.047263162644658074 -0.019804276928183387 0.04710943874680392 -0.007255961432937698 0.05047124829983281 0.0025443481781421986 -0.0025280727764141774 0.0333046619024404 -0.0009422496284872725 0.04899920947483704 0.03889531265682973 -0.01661677460713161 -0.04182759535087651 0.002607004606921668 0.06439392145846957 -0.025195207948458927 0.014892073981651837 0.013463691692767281 0.05759869467420581 0.03951070176658569 0.024865487419832393 -0.004253217297997445 0.03373242406169147 0.0490384564131433
0.0 0.0 0.0 0.0 0.0 0.0 0.0 0.0 0.0 0.0 0.0 0.0 0.0 0.0 0.0 0.0 0.0 0.0 0.0 0.0 0.0 0.0 0.0 0.0 0.0 0.0 0.0 0.0 0.0 0.0 0.0 0.0 0.0 0.0 0.0 0.0 0.0 0.0 0.0 0.0 0.0 0.0 0.0 0.0 0.0 0.0 0.0 0.0 0.0 0.0 0.0 0.0 0.0 0.0 0.0 0.0 0.0 0.0 0.0 0.0 0.0 0.0 0.0 0.0 0.0 0.0 0.0 0.0 0.0 0.0 1.0 -0.004417695919982607 -0.02663893643007719 -0.014211626847430108 0.0415617713713195 -0.027686932980862004 -0.0014924189837776782 -0.014087453131839917 0.004987049151341698 0.05179059919281521 -0.008390117010768233 -0.01569011361345462 0.015276276805006192 0.006637148593546414 -0.007002324809644217 -0.026480757575355084 -0.02012478023426821 0.025794293572263097 0.017842508553625354 0.035844261419235066 -0.0005667205446930002 0.0071617607674599095 0.03439873084484469 0.03083526235834338 0.01162684725977708 -0.02001853342046346 -0.04265538831321519 -0.01663536916196391 0.022032309914218565 0.07127245338847682
0.0 0.0 0.0 0.0 0.0 0.0 0.0 0.0 0.0 0.0 0.0 0.0 0.0 0.0 0.0 0.0 0.0 0.0 0.0 0.0 0.0 0.0 0.0 0.0 0.0 0.0 0.0 0.0 0.0 0.0 0.0 0.0 0.0 0.0 0.0 0.0 0.0 0.0 0.0 0.0 0.0 0.0 0.0 0.0 0.0 0.0 0.0 0.0 0.0 0.0 0.0 0.0 0.0 0.0 0.0 0.0 0.0 0.0 0.0 0.0 0.0 0.0 0.0 0.0 0.0 0.0 0.0 0.0 0.0 0.0 0.0 1.0 -0.03415146540573108 -0.021068225830366466 0.04072632395330859 -0.03514838265548485 -0.028266524638925834 0.008499156856400632 0.027730232438847837 0.006016657850534982 0.007349618410958072 0.03373559844948011 -0.05119313896996585 -0.03323988072248616 0.0072508567336461854 0.04630106330352251 -0.02768047770901744 -0.03577382250747126 0.012086335138674012 0.006063895293491565 0.030354710645515374 -0.02529445652884734 0.0005611863315145741 0.038744513735439405 -0.036305432689941 0.025937877389120175 -0.026148895632245393 -0.011257427215564367 -0.011665075077162256 0.07187789522498958
0.0 0.0 0.0 0.0 0.0 0.0 0.0 0.0 0.0 0.0 0.0 0.0 0.0 0.0 0.0 0.0 0.0 0.0 0.0 0.0 0.0 0.0 0.0 0.0 0.0 0.0 0.0 0.0 0.0 0.0 0.0 0.0 0.0 0.0 0.0 0.0 0.0 0.0 0.0 0.0 0.0 0.0 0.0 0.0 0.0 0.0 0.0 0.0 0.0 0.0 0.0 0.0 0.0 0.0 0.0 0.0 0.0 0.0 0.0 0.0 0.0 0.0 0.0 0.0 0.0 0.0 0.0 0.0 0.0 0.0 0.0 0.0 1.0 -0.023417035254841456 -3.636238528569112e-05 -0.010610717633361324 0.05477638347530604 0.05736583376659089 -0.004187939499851543 -0.00352491515269701 0.02099398955940081 0.006712482844471937 0.06687571277412083 0.06039867190752196 -0.03620623627318203 0.028139408188112693 0.0004299991241313862 -0.026622300612997193 0.05012341055134262 0.07163344498154967 -0.017260566308169932 0.010593279597335036 0.03870263921562857 -0.003629074255017852 0.008681589326864076 0.028958247315848444 0.04096826580234393 -0.02384720270185905 0.04436859299054604 -0.01619438929748022
0.0 0.0 0.0 0.0 0.0 0.0 0.0 0.0 0.0 0.0 0.0 0.0 0.0 0.0 0.0 0.0 0.0 0.0 0.0 0.0 0.0 0.0 0.0 0.0 0.0 0.0 0.0 0.0 0.0 0.0 0.0 0.0 0.0 0.0 0.0 0.0 0.0 0.0 0.0 0.0 0.0 0.0 0.0 0.0 0.0 0.0 0.0 0.0 0.0 0.0 0.0 0.0 0.0 0.0 0.0 0.0 0.0 0.0 0.0 0.0 0.0 0.0 0.0 0.0 0.0 0.0 0.0 0.0 0.0 0.0 0.0 0.0 0.0 1.0 -0.0238697402977102 0.047874896495659125 0.00361004880096348 -0.004004114530936389 0.03376906817706382 0.027946821614786142 0.027190748000407133 -0.00644713337312904 -0.03271428910357156 -0.014039921901622506 0.0005899228851030964 0.009287283537674216 -0.03427729358913879 0.028805473385971756 0.0008552033620103068 0.0090527507098887 0.022792027575514354 0.03624177696170496 -0.03631341348406349 0.01089092350344602 0.01252372896113257 -0.010534710073693585 -0.0313014902223773 0.028074239320550955 0.000955024275743413 -0.034813449497891294
0.0 0.0 0.0 0.0 0.0 0.0 0.0 0.0 0.0 0.0 0.0 0.0 0.0 0.0 0.0 0.0 0.0 0.0 0.0 0.0 0.0 0.0 0.0 0.0 0.0 0.0 0.0 0.0 0.0 0.0 0.0 0.0 0.0 0.0 0.0 0.0 0.0 0.0 0.0 0.0 0.0 0.0 0.0 0.0 0.0 0.0 0.0 0.0 0.0 0.0 0.0 0.0 0.0 0.0 0.0 0.0 0.0 0.0 0.0 0.0 0.0 0.0 0.0 0.0 0.0 0.0 0.0 0.0 0.0 0.0 0.0 0.0 0.0 0.0 1.0 -0.006988057103164749 -0.008674046669303135 0.06070507793707921 -0.013510311351744827 0.0005563651415301358 -0.027524968573153934 0.05170837547968442 0.00391461905056947 0.00042615037282878166 -0.01512672165730413 0.04908164626376773 0.005940246452818421 0.022238305609434367 0.023589878416836043 0.02972978492886672 0.040478384320871814 0.04638494706944134 0.049975225796429754 -0.010284169459374302 -0.009030819334707925 0.013729240718367145 0.009268377015575495 0.034614244308760686 0.05104104126598668 0.03972641478955767
0.0 0.0 0.0 0.0 0.0 0.0 0.0 0.0 0.0 0.0 0.0 0.0 0.0 0.0 0.0 0.0 0.0 0.0 0.0 0.0 0.0 0.0 0.0 0.0 0.0 0.0 0.0 0.0 0.0 0.0 0.0 0.0 0.0 0.0 0.0 0.0 0.0 0.0 0.0 0.0 0.0 0.0 0.0 0.0 0.0 0.0 0.0 0.0 0.0 0.0 0.0 0.0 0.0 0.0 0.0 0.0 0.0 0.0 0.0 0.0 0.0 0.0 0.0 0.0 0.0 0.0 0.0 0.0 0.0 0.0 0.0 0.0 0.0 0.0 0.0 1.0 0.025795074448298944 -0.008076792728032661 0.051821226778708276 -0.00016525966514679548 0.03650190996763847 -0.0016344909841408658 0.020368485862729206 0.007280853089715646 -0.020278746355638876 0.022557778779212334 0.03338452569909401 -0.02481880398571627 0.05622993486007077 0.025925097011513906 0.052547801513152234 0.026268590899671256 0.03446255187071956 0.02868202553441169 0.023852608928272265 0.04909257501990045 -0.034679370229772515 -0.042665830731237385 0.011186110581410443 -0.01673235748925174
0.0 0.0 0.0 0.0 0.0 0.0 0.0 0.0 0.0 0.0 0.0 0.0 0.0 0.0 0.0 0.0 0.0 0.0 0.0 0.0 0.0 0.0 0.0 0.0 0.0 0.0 0.0 0.0 0.0 0.0 0.0 0.0 0.0 0.0 0.0 0.0 0.0 0.0 0.0 0.0 0.0 0.0 0.0 0.0 0.0 0.0 0.0 0.0 0.0 0.0 0.0 0.0 0.0 0.0 0.0 0.0 0.0 0.0 0.0 0.0 0.0 0.0 0.0 0.0 0.0 0.0 0.0 0.0 0.0 0.0 0.0 0.0 0.0 0.0 0.0 0.0 1.0 0.005019122619083115 0.03915571116029654 -0.008772216621797401 0.0399150387590229 -0.026432452779518424 0.012555088546519955 -0.016948983114205732 0.014387488796369068 -0.02515811960960043 0.06134381178648925 -0.026255443938596624 -0.03532669122698446 0.019076692965934713 -0.005325413197274898 0.035193840847783084 0.008228786588366082 0.04788886559911506 -0.02354447885244708 -0.022301812249117314 -0.01249756147872813 0.049640987568076174 -0.008466829436168258 0.03410978948247115
0.0 0.0 0.0 0.0 0.0 0.0 0.0 0.0 0.0 0.0 0.0 0.0 0.0 0.0 0.0 0.0 0.0 0.0 0.0 0.0 0.0 0.0 0.0 0.0 0.0 0.0 0.0 0.0 0.0 0.0 0.0 0.0 0.0 0.0 0.0 0.0 0.0 0.0 0.0 0.0 0.0 0.0 0.0 0.0 0.0 0.0 0.0 0.0 0.0 0.0 0.0 0.0 0.0 0.0 0.0 0.0 0.0 0.0 0.0 0.0 0.0 0.0 0.0 0.0 0.0 0.0 0.0 0.0 0.0 0.0 0.0 0.0 0.0 0.0 0.0 0.0 0.0 1.0 0.05554583929750147 0.011635911940595997 -0.03178360029630357 -0.029941215508362436 -0.026326160169376573 -0.025108008221803986 0.0366865162811435 -0.01966341648653788 0.009434628244849785 -0.036531913747936184 0.0014707778514993096 0.03851374836848855 0.022698882868039654 0.007594519184435791 0.028164497197059952 0.03708577450769101 0.053913090356245044 -0.026447174260750515 0.010855801910704873 0.0006597904067511079 0.05026414258717732 0.0352704805996795
0.0 0.0 0.0 0.0 0.0 0.0 0.0 0.0 0.0 0.0 0.0 0.0 0.0 0.0 0.0 0.0 0.0 0.0 0.0 0.0 0.0 0.0 0.0 0.0 0.0 0.0 0.0 0.0 0.0 0.0 0.0 0.0 0.0 0.0 0.0 0.0 0.0 0.0 0.0 0.0 0.0 0.0 0.0 0.0 0.0 0.0 0.0 0.0 0.0 0.0 0.0 0.0 0.0 0.0 0.0 0.0 0.0 0.0 0.0 0.0 0.0 0.0 0.0 0.0 0.0 0.0 0.0 0.0 0.0 0.0 0.0 0.0 0.0 0.0 0.0 0.0 0.0 0.0 1.0 0.04350334649842203 0.008612132791081872 0.054198934022311566 -0.005466457442633142 0.013953379899834108 0.005323245359098292 -0.032382534551005544 -0.006493588907233616 -0.05050407487722027 -0.03210081707280551 0.055340733877367994 -0.002623564231298184 0.04323541221029076 0.04181237739287435 0.029862383766155718 0.030872041029621655 -0.005570994821732481 -0.018284675739586517 0.039954113215855985 0.056576282710924894 0.08459903414625079
0.0 0.0 0.0 0.0 0.0 0.0 0.0 0.0 0.0 0.0 0.0 0.0 0.0 0.0 0.0 0.0 0.0 0.0 0.0 0.0 0.0 0.0 0.0 0.0 0.0 0.0 0.0 0.0 0.0 0.0 0.0 0.0 0.0 0.0 0.0 0.0 0.0 0.0 0.0 0.0 0.0 0.0 0.0 0.0 0.0 0.0 0.0 0.0 0.0 0.0 0.0 0.0 0.0 0.0 0.0 0.0 0.0 0.0 0.0 0.0 0.0 0.0 0.0 0.0 0.0 0.0 0.0 0.0 0.0 0.0 0.0 0.0 0.0 0.0 0.0 0.0 0.0 0.0 0.0 1.0 -0.035783580199837205 0.05861628834247979 -0.013553899666642995 0.06132846447976353 -0.001540999274425078 -0.00564169127564922 0.02526595043758818 0.008404834700994578 0.013206589409090136 -0.027241608269177688 0.02955982787462223 0.02208023607783229 0.04063749430290188 0.04550825443655111 0.0367702832776409 0.01993875986854795 0.015127255886274294 -0.02032980581091935 0.02450521170453987 0.024992487423206946
0.0 0.0 0.0 0.0 0.0 0.0 0.0 0.0 0.0 0.0 0.0 0.0 0.0 0.0 0.0 0.0 0.0 0.0 0.0 0.0 0.0 0.0 0.0 0.0 0.0 0.0 0.0 0.0 0.0 0.0 0.0 0.0 0.0 0.0 0.0 0.0 0.0 0.0 0.0 0.0 0.0 0.0 0.0 0.0 0.0 0.0 0.0 0.0 0.0 0.0 0.0 0.0 0.0 0.0 0.0 0.0 0.0 0.0 0.0 0.0 0.0 0.0 0.0 0.0 0.0 0.0 0.0 0.0 0.0 0.0 0.0 0.0 0.0 0.0 0.0 0.0 0.0 0.0 0.0 0.0 1.0 -0.02793930868578679 -0.023708900057692932 -0.01555539317287237 0.02741603820259645 0.0443364450349504 0.05232783261224562 -0.006280009108707234 0.00402379688740193 0.06172618439689758 0.03272215795418232 -0.026724913813061312 -0.017682776306104323 0.03407313821590019 0.04320022059764714 -0.012090514594420256 0.052672541165536726 0.008922697571668687 -0.0055188185436049995 -0.0338574888218515
0.0 0.0 0.0 0.0 0.0 0.0 0.0 0.0 0.0 0.0 0.0 0.0 0.0 0.0 0.0 0.0 0.0 0.0 0.0 0.0 0.0 0.0 0.0 0.0 0.0 0.0 0.0 0.0 0.0 0.0 0.0 0.0 0.0 0.0 0.0 0.0 0.0 0.0 0.0 0.0 0.0 0.0 0.0 0.0 0.0 0.0 0.0 0.0 0.0 0.0 0.0 0.0 0.0 0.0 0.0 0.0 0.0 0.0 0.0 0.0 0.0 0.0 0.0 0.0 0.0 0.0 0.0 0.0 0.0 0.0 0.0 0.0 0.0 0.0 0.0 0.0 0.0 0.0 0.0 0.0 0.0 1.0 0.03988975568365488 -0.031393550838342846 -0.0020558093804068926 -0.02520353247593907 0.0011990962955873085 0.05830244570338822 -0.03381674187242138 -0.012780486690479435 0.003615771764229923 0.026184429142113268 -0.008066521017645677 -0.020467592022415694 0.010678578470716713 0.0631541915424528 -0.0302247866774125 -0.028823709064781055 0.010167654530660424 -0.009421511118036314
0.0 0.0 0.0 0.0 0.0 0.0 0.0 0.0 0.0 0.0 0.0 0.0 0.0 0.0 0.0 0.0 0.0 0.0 0.0 0.0 0.0 0.0 0.0 0.0 0.0 0.0 0.0 0.0 0.0 0.0 0.0 0.0 0.0 0.0 0.0 0.0 0.0 0.0 0.0 0.0 0.0 0.0 0.0 0.0 0.0 0.0 0.0 0.0 0.0 0.0 0.0 0.0 0.0 0.0 0.0 0.0 0.0 0.0 0.0 0.0 0.0 0.0 0.0 0.0 0.0 0.0 0.0 0.0 0.0 0.0 0.0 0.0 0.0 0.0 0.0 0.0 0.0 0.0 0.0 0.0 0.0 0.0 1.0 -0.030258960410679228 -0.0032872441426403318 -0.000571117718259516 -0.018182325628274133 0.0241983932381215 -0.0040223762867735305 0.050615489040525 0.04013699526626451 0.006800841785474862 0.024036773394117784 -0.02583896343618605 0.0023311806381536406 0.05029040182098764 -0.01043954606888747 -0.02208289242879868 0.029537655122733732 -0.0239251041778951
0.0 0.0 0.0 0.0 0.0 0.0 0.0 0.0 0.0 0.0 0.0 0.0 0.0 0.0 0.0 0.0 0.0 0.0 0.0 0.0 0.0 0.0 0.0 0.0 0.0 0.0 0.0 0.0 0.0 0.0 0.0 0.0 0.0 0.0 0.0 0.0 0.0 0.0 0.0 0.0 0.0 0.0 0.0 0.0 0.0 0.0 0.0 0.0 0.0 0.0 0.0 0.0 0.0 0.0 0.0 0.0 0.0 0.0 0.0 0.0 0.0 0.0 0.0 0.0 0.0 0.0 0.0 0.0 0.0 0.0 0.0 0.0 0.0 0.0 0.0 0.0 0.0 0.0 0.0 0.0 0.0 0.0 0.0 1.0 0.04816445122715117 -0.026142340600467887 -0.02456037637052676 0.0091749008981767 -0.026964010880389848 -0.018884380300455174 0.058276328154144526 -0.0005271981623840921 0.00722772503040805 0.0340058490622384 0.02181336687029626 -0.02438325870873646 -0.024303281988471207 0.038935010439699456 0.01004624873785939 0.054863876796237755
0.0 0.0 0.0 0.0 0.0 0.0 0.0 0.0 0.0 0.0 0.0 0.0 0.0 0.0 0.0 0.0 0.0 0.0 0.0 0.0 0.0 0.0 0.0 0.0 0.0 0.0 0.0 0.0 0.0 0.0 0.0 0.0 0.0 0.0 0.0 0.0 0.0 0.0 0.0 0.0 0.0 0.0 0.0 0.0 0.0 0.0 0.0 0.0 0.0 0.0 0.0 0.0 0.0 0.0 0.0 0.0 0.0 0.0 0.0 0.0 0.0 0.0 0.0 0.0 0.0 0.0 0.0 0.0 0.0 0.0 0.0 0.0 0.0 0.0 0.0 0.0 0.0 0.0 0.0 0.0 0.0 0.0 0.0 0.0 1.0 -0.013215234833265916 -0.02311276599058116 0.028436216437529305 -0.013752527683897498 -0.01232194398369489 0.013318684619663531 -0.008028982670351664 0.004806220967381544 -0.027489680289097155 0.04427888913085457 -0.019098434730802905 0.05790008327745309 -0.023835007145357624 0.04474264275013531 -0.029885883181732513
0.0 0.0 0.0 0.0 0.0 0.0 0.0 0.0 0.0 0.0 0.0 0.0 0.0 0.0 0.0 0.0 0.0 0.0 0.0 0.0 0.0 0.0 0.0 0.0 0.0 0.0 0.0 0.0 0.0 0.0 0.0 0.0 0.0 0.0 0.0 0.0 0.0 0.0 0.0 0.0 0.0 0.0 0.0 0.0 0.0 0.0 0.0 0.0 0.0 0.0 0.0 0.0 0.0 0.0 0.0 0.0 0.0 0.0 0.0 0.0 0.0 0.0 0.0 0.0 0.0 0.0 0.0 0.0 0.0 0.0 0.0 0.0 0.0 0.0 0.0 0.0 0.0 0.0 0.0 0.0 0.0 0.0 0.0 0.0 0.0 1.0 0.027952114551588508 -0.004036034889998874 0.009546685810831283 0.0141306052155724 0.032267524634593 -0.03134900590960908 0.05291152371017228 0.049995392976578575 -0.011938200769633221 0.0020387952177760168 0.005276400159319228 0.042173574497644514 0.05303092091900572 0.04274987972642427
0.0 0.0 0.0 0.0 0.0 0.0 0.0 0.0 0.0 0.0 0.0 0.0 0.0 0.0 0.0 0.0 0.0 0.0 0.0 0.0 0.0 0.0 0.0 0.0 0.0 0.0 0.0 0.0 0.0 0.0 0.0 0.0 0.0 0.0 0.0 0.0 0.0 0.0 0.0 0.0 0.0 0.0 0.0 0.0 0.0 0.0 0.0 0.0 0.0 0.0 0.0 0.0 0.0 0.0 0.0 0.0 0.0 0.0 0.0 0.0 0.0 0.0 0.0 0.0 0.0 0.0 0.0 0.0 0.0 0.0 0.0 0.0 0.0 0.0 0.0 0.0 0.0 0.0 0.0 0.0 0.0 0.0 0.0 0.0 0.0 0.0 1.0 -0.013334964405908506 -0.03907437783997004 -0.027421615858369896 -5.88194801550714e-05 -0.0016084924939913934 -0.032207097242078195 -0.000858739230048622 0.020567717095658928 -0.028007871172149024 0.03511281617801507 -0.009071064396036553 -0.043707450978353456 -0.0184006731413659
0.0 0.0 0.0 0.0 0.0 0.0 0.0 0.0 0.0 0.0 0.0 0.0 0.0 0.0 0.0 0.0 0.0 0.0 0.0 0.0 0.0 0.0 0.0 0.0 0.0 0.0 0.0 0.0 0.0 0.0 0.0 0.0 0.0 0.0 0.0 0.0 0.0 0.0 0.0 0.0 0.0 0.0 0.0 0.0 0.0 0.0 0.0 0.0 0.0 0.0 0.0 0.0 0.0 0.0 0.0 0.0 0.0 0.0 0.0 0.0 0.0 0.0 0.0 0.0 0.0 0.0 0.0 0.0 0.0 0.0 0.0 0.0 0.0 0.0 0.0 0.0 0.0 0.0 0.0 0.0 0.0 0.0 0.0 0.0 0.0 0.0 0.0 1.0 0.011774483117842606 -0.04047846873043934 0.032743526887681416 -0.0162791047233468 -0.0019382062123931754 0.04694440863031152 0.004598760118675461 0.029248741356468946 0.04609070823563798 0.010750802406539748 0.01985212323844827 0.006902689982607246
0.0 0.0 0.0 0.0 0.0 0.0 0.0 0.0 0.0 0.0 0.0 0.0 0.0 0.0 0.0 0.0 0.0 0.0 0.0 0.0 0.0 0.0 0.0 0.0 0.0 0.0 0.0 0.0 0.0 0.0 0.0 0.0 0.0 0.0 0.0 0.0 0.0 0.0 0.0 0.0 0.0 0.0 0.0 0.0 0.0 0.0 0.0 0.0 0.0 0.0 0.0 0.0 0.0 0.0 0.0 0.0 0.0 0.0 0.0 0.0 0.0 0.0 0.0 0.0 0.0 0.0 0.0 0.0 0.0 0.0 0.0 0.0 0.0 0.0 0.0 0.0 0.0 0.0 0.0 0.0 0.0 0.0 0.0 0.0 0.0 0.0 0.0 0.0 1.0 0.0699622997699562 0.052441555912060345 -0.024663556803329517 -0.03701030978442816 0.02343150897079144 -0.013647098585686246 0.05866807050792581 0.03286792419121231 0.02786615881506682 -0.014944946504069044 -0.021246169749469156
0.0 0.0 0.0 0.0 0.0 0.0 0.0 0.0 0.0 0.0 0.0 0.0 0.0 0.0 0.0 0.0 0.0 0.0 0.0 0.0 0.0 0.0 0.0 0.0 0.0 0.0 0.0 0.0 0.0 0.0 0.0 0.0 0.0 0.0 0.0 0.0 0.0 0.0 0.0 0.0 0.0 0.0 0.0 0.0 0.0 0.0 0.0 0.0 0.0 0.0 0.0 0.0 0.0 0.0 0.0 0.0 0.0 0.0 0.0 0.0 0.0 0.0 0.0 0.0 0.0 0.0 0.0 0.0 0.0 0.0 0.0 0.0 0.0 0.0 0.0 0.0 0.0 0.0 0.0 0.0 0.0 0.0 0.0 0.0 0.0 0.0 0.0 0.0 0.0 1.0 -0.033660795179877696 0.05146528551170699 0.05166546142045317 -0.011115228926021058 -0.027336158155607578 -0.030107652600274832 0.04550219126379023 0.017556177744350598 -0.0456624526664279 0.020050848690096542
0.0 0.0 0.0 0.0 0.0 0.0 0.0 0.0 0.0 0.0 0.0 0.0 0.0 0.0 0.0 0.0 0.0 0.0 0.0 0.0 0.0 0.0 0.0 0.0 0.0 0.0 0.0 0.0 0.0 0.0 0.0 0.0 0.0 0.0 0.0 0.0 0.0 0.0 0.0 0.0 0.0 0.0 0.0 0.0 0.0 0.0 0.0 0.0 0.0 0.0 0.0 0.0 0.0 0.0 0.0 0.0 0.0 0.0 0.0 0.0 0.0 0.0 0.0 0.0 0.0 0.0 0.0 0.0 0.0 0.0 0.0 0.0 0.0 0.0 0.0 0.0 0.0 0.0 0.0 0.0 0.0 0.0 0.0 0.0 0.0 0.0 0.0 0.0 0.0 0.0 1.0 -0.010217971858155496 0.02483896358853666 0.0019079548901672053 -0.022560637560780108 0.05516000289804349 -2.9111463586199186e-06 0.0403278903638091 -0.03906614565277086 0.003215141602020728
0.0 0.0 0.0 0.0 0.0 0.0 0.0 0.0 0.0 0.0 0.0 0.0 0.0 0.0 0.0 0.0 0.0 0.0 0.0 0.0 0.0 0.0 0.0 0.0 0.0 0.0 0.0 0.0 0.0 0.0 0.0 0.0 0.0 0.0 0.0 0.0 0.0 0.0 0.0 0.0 0.0 0.0 0.0 0.0 0.0 0.0 0.0 0.0 0.0 0.0 0.0 0.0 0.0 0.0 0.0 0.0 0.0 0.0 0.0 0.0 0.0 0.0 0.0 0.0 0.0 0.0 0.0 0.0 0.0 0.0 0.0 0.0 0.0 0.0 0.0 0.0 0.0 0.0 0.0 0.0 0.0 0.0 0.0 0.0 0.0 0.0 0.0 0.0 0.0 0.0 0.0 1.0 0.03683856106539603 0.05185600563207848 0.024120628723274192 0.039007927379765564 -0.004632806284862253 -0.027752624227850135 -0.03501694967073131 -0.0056360448400794155
0.0 0.0 0.0 0.0 0.0 0.0 0.0 0.0 0.0 0.0 0.0 0.0 0.0 0.0 0.0 0.0 0.0 0.0 0.0 0.0 0.0 0.0 0.0 0.0 0.0 0.0 0.0 0.0 0.0 0.0 0.0 0.0 0.0 0.0 0.0 0.0 0.0 0.0 0.0 0.0 0.0 0.0 0.0 0.0 0.0 0.0 0.0 0.0 0.0 0.0 0.0 0.0 0.0 0.0 0.0 0.0 0.0 0.0 0.0 0.0 0.0 0.0 0.0 0.0 0.0 0.0 0.0 0.0 0.0 0.0 0.0 0.0 0.0 0.0 0.0 0.0 0.0 0.0 0.0 0.0 0.0 0.0 0.0 0.0 0.0 0.0 0.0 0.0 0.0 0.0 0.0 0.0 1.0 -0.02287406311258924 -0.02895326429390433 0.010911096138650208 -0.014148551609070354 0.03989933940385815 -0.024907388425603704 0.02503852643940827
0.0 0.0 0.0 0.0 0.0 0.0 0.0 0.0 0.0 0.0 0.0 0.0 0.0 0.0 0.0 0.0 0.0 0.0 0.0 0.0 0.0 0.0 0.0 0.0 0.0 0.0 0.0 0.0 0.0 0.0 0.0 0.0 0.0 0.0 0.0 0.0 0.0 0.0 0.0 0.0 0.0 0.0 0.0 0.0 0.0 0.0 0.0 0.0 0.0 0.0 0.0 0.0 0.0 0.0 0.0 0.0 0.0 0.0 0.0 0.0 0.0 0.0 0.0 0.0 0.0 0.0 0.0 0.0 0.0 0.0 0.0 0.0 0.0 0.0 0.0 0.0 0.0 0.0 0.0 0.0 0.0 0.0 0.0 0.0 0.0 0.0 0.0 0.0 0.0 0.0 0.0 0.0 0.0 1.0 -0.031444413914156026 0.053976668789900116 0.06330830861800614 0.007090959876040918 0.04550477000532189 0.06642985836534095
0.0 0.0 0.0 0.0 0.0 0.0 0.0 0.0 0.0 0.0 0.0 0.0 0.0 0.0 0.0 0.0 0.0 0.0 0.0 0.0 0.0 0.0 0.0 0.0 0.0 0.0 0.0 0.0 0.0 0.0 0.0 0.0 0.0 0.0 0.0 0.0 0.0 0.0 0.0 0.0 0.0 0.0 0.0 0.0 0.0 0.0 0.0 0.0 0.0 0.0 0.0 0.0 0.0 0.0 0.0 0.0 0.0 0.0 0.0 0.0 0.0 0.0 0.0 0.0 0.0 0.0 0.0 0.0 0.0 0.0 0.0 0.0 0.0 0.0 0.0 0.0 0.0 0.0 0.0 0.0 0.0 0.0 0.0 0.0 0.0 0.0 0.0 0.0 0.0 0.0 0.0 0.0 0.0 0.0 1.0 0.0010154582048738686 0.016897639161655396 0.044565427620491704 -0.024522897940659844 -0.019182282041243715
0.0 0.0 0.0 0.0 0.0 0.0 0.0 0.0 0.0 0.0 0.0 0.0 0.0 0.0 0.0 0.0 0.0 0.0 0.0 0.0 0.0 0.0 0.0 0.0 0.0 0.0 0.0 0.0 0.0 0.0 0.0 0.0 0.0 0.0 0.0 0.0 0.0 0.0 0.0 0.0 0.0 0.0 0.0 0.0 0.0 0.0 0.0 0.0 0.0 0.0 0.0 0.0 0.0 0.0 0.0 0.0 0.0 0.0 0.0 0.0 0.0 0.0 0.0 0.0 0.0 0.0 0.0 0.0 0.0 0.0 0.0 0.0 0.0 0.0 0.0 0.0 0.0 0.0 0.0 0.0 0.0 0.0 0.0 0.0 0.0 0.0 0.0 0.0 0.0 0.0 0.0 0.0 0.0 0.0 0.0 1.0 0.061849557513959416 -0.0033118955289604683 0.0008923583532580809 -0.006936864625932783
0.0 0.0 0.0 0.0 0.0 0.0 0.0 0.0 0.0 0.0 0.0 0.0 0.0 0.0 0.0 0.0 0.0 0.0 0.0 0.0 0.0 0.0 0.0 0.0 0.0 0.0 0.0 0.0 0.0 0.0 0.0 0.0 0.0 0.0 0.0 0.0 0.0 0.0 0.0 0.0 0.0 0.0 0.0 0.0 0.0 0.0 0.0 0.0 0.0 0.0 0.0 0.0 0.0 0.0 0.0 0.0 0.0 0.0 0.0 0.0 0.0 0.0 0.0 0.0 0.0 0.0 0.0 0.0 0.0 0.0 0.0 0.0 0.0 0.0 0.0 0.0 0.0 0.0 0.0 0.0 0.0 0.0 0.0 0.0 0.0 0.0 0.0 0.0 0.0 0.0 0.0 0.0 0.0 0.0 0.0 0.0 1.0 0.019507948101501117 0.03796849211272137 0.016271869084439734
0.0 0.0 0.0 0.0 0.0 0.0 0.0 0.0 0.0 0.0 0.0 0.0 0.0 0.0 0.0 0.0 0.0 0.0 0.0 0.0 0.0 0.0 0.0 0.0 0.0 0.0 0.0 0.0 0.0 0.0 0.0 0.0 0.0 0.0 0.0 0.0 0.0 0.0 0.0 0.0 0.0 0.0 0.0 0.0 0.0 0.0 0.0 0.0 0.0 0.0 0.0 0.0 0.0 0.0 0.0 0.0 0.0 0.0 0.0 0.0 0.0 0.0 0.0 0.0 0.0 0.0 0.0 0.0 0.0 0.0 0.0 0.0 0.0 0.0 0.0 0.0 0.0 0.0 0.0 0.0 0.0 0.0 0.0 0.0 0.0 0.0 0.0 0.0 0.0 0.0 0.0 0.0 0.0 0.0 0.0 0.0 0.0 1.0 0.0345267548657494 0.07768962314404523
0.0 0.0 0.0 0.0 0.0 0.0 0.0 0.0 0.0 0.0 0.0 0.0 0.0 0.0 0.0 0.0 0.0 0.0 0.0 0.0 0.0 0.0 0.0 0.0 0.0 0.0 0.0 0.0 0.0 0.0 0.0 0.0 0.0 0.0 0.0 0.0 0.0 0.0 0.0 0.0 0.0 0.0 0.0 0.0 0.0 0.0 0.0 0.0 0.0 0.0 0.0 0.0 0.0 0.0 0.0 0.0 0.0 0.0 0.0 0.0 0.0 0.0 0.0 0.0 0.0 0.0 0.0 0.0 0.0 0.0 0.0 0.0 0.0 0.0 0.0 0.0 0.0 0.0 0.0 0.0 0.0 0.0 0.0 0.0 0.0 0.0 0.0 0.0 0.0 0.0 0.0 0.0 0.0 0.0 0.0 0.0 0.0 0.0 1.0 0.011227284437264498
0.0 0.0 0.0 0.0 0.0 0.0 0.0 0.0 0.0 0.0 0.0 0.0 0.0 0.0 0.0 0.0 0.0 0.0 0.0 0.0 0.0 0.0 0.0 0.0 0.0 0.0 0.0 0.0 0.0 0.0 0.0 0.0 0.0 0.0 0.0 0.0 0.0 0.0 0.0 0.0 0.0 0.0 0.0 0.0 0.0 0.0 0.0 0.0 0.0 0.0 0.0 0.0 0.0 0.0 0.0 0.0 0.0 0.0 0.0 0.0 0.0 0.0 0.0 0.0 0.0 0.0 0.0 0.0 0.0 0.0 0.0 0.0 0.0 0.0 0.0 0.0 0.0 0.0 0.0 0.0 0.0 0.0 0.0 0.0 0.0 0.0 0.0 0.0 0.0 0.0 0.0 0.0 0.0 0.0 0.0 0.0 0.0 0.0 0.0 1.0
