4.843659334865757273e+02 -6.205553561069558910e+00 -6.544660186491726428e+00 -4.935667344327676176e+00 2.383202795863166301e-01 1.012955919154890694e+00 -6.993208800909258116e+00 7.093734795044998265e+00 -4.440403113734410212e+00 -3.526513179282204646e-01 5.116839201667639614e+00 4.495584579057272379e-01 4.625536365352793666e-01 -6.354047455128926103e+00 1.198324340344205652e+00 -6.866531915783165019e+00 -2.836544841231251723e+00 2.573575373022480406e+00 -4.902049036836468865e+00 6.155469622718538147e+00 -5.245481697456102488e+00 9.817456624254582209e+00 -3.687136403516594996e+00 3.910759605829646546e+00 4.125621601355003776e+00 -8.813296076039399907e+00 8.177528226656807675e+00 -3.417494219203498496e+00 -7.312111046139834869e+00 -7.225151583769999775e-01 -9.785354033501398874e-01 -8.714677321162209722e+00 2.953413169837386221e+00 1.390077641626913163e+00 5.712903777866278787e+00 4.523793977444341863e+00 6.458069577653155591e+00 -5.173009351961564306e+00 8.257528846147547341e+00 2.030070872621983824e+00 -4.776089633388574285e+00 7.668530115049637885e+00 -4.889370544586681966e+00 -9.142871222954976673e+00 4.137843194598607610e+00 -2.700791412467151709e+00 -9.642006566704768744e+00 4.643434540066557759e+00 3.405729331030817875e+00 8.728323503092010327e+00 -4.232885812872407172e+00 3.167432303737630406e+00 8.640406813310935519e+00 7.081963753990962118e+00 1.583068034103936483e+00 -7.126468089913153392e+00 -3.511773775790425489e+00 9.226563438971005837e+00 -4.293441611744375663e+00 -3.506678284293567316e-01 -3.407616354553296034e+00 -8.255034133753802905e+00 -3.802033661717705293e+00 -8.607908204816308029e+00 -3.603462369992993075e+00 5.652708046000896047e+00 2.076199674765170755e+00 8.511762876996680660e+00 8.072923593851211166e-01 5.797782361250156669e-01 -4.761970515236761514e+00 -5.058831958798634787e+00 8.429333566971312308e+00 8.202828901306347120e-01 -4.632135050849601754e-01 7.842859841481839567e+00 -3.021121251243057415e+00 -5.799398622279836601e+00 -1.853803804672033095e+00 4.416626551887240737e+00 -3.119114423089257571e-01 5.674775146910576495e+00 -8.786700747674045076e+00 7.254110383123304473e+00 7.805680912350183576e+00 -8.330356801922690124e+00 9.813148433819403493e+00 2.802429323701840502e+00 5.390781353792881703e-01 -7.822672369757341926e-01 4.361225282652732460e+00 -5.256147305441616346e+00 1.921186647542365122e+00 7.092071728950671172e+00 -4.580828250577937411e-01 -1.631089583383174002e+00 7.936764087578623617e+00 -6.785496313012105318e+00 -6.817346704627418319e+00 8.698475942536450844e+00
3.353026587233705058e+00 4.616104031706688602e+02 -3.171563135615997453e+00 3.323676235143738111e+00 -7.920523356234974166e+00 -4.371152139595837482e+00 -9.892130148902047893e+00 -2.333725457684224125e+00 -8.411214561152160485e+00 -7.219905026535333725e+00 2.502610040286157300e-01 1.206629963288673224e+00 8.086836995952722873e+00 4.692769885067516356e+00 -1.020236481574826826e+00 -3.381493121319961048e+00 -2.141836383253159504e+00 3.807315671297342163e+00 -1.873935347079296321e-01 2.518647207285189538e+00 -7.615106769562167699e+00 1.277645942968398174e+00 -3.189881887419996787e+00 2.680177465794431058e+00 7.148368260123518780e-01 9.635347213108595099e+00 -1.164992216287785709e+00 -1.093273349634172220e+00 6.730387401228075106e+00 2.446171423376613419e+00 3.958751500600385498e+00 -2.199822966867284180e+00 -5.535468240627290371e+00 6.655982510446079914e+00 7.500277397422401293e-01 -4.567376326302607481e+00 -9.278684161511794315e+00 1.988047114848001229e+00 4.274889856000275046e+00 2.238592642965519630e+00 1.994636778872223459e+00 -8.871655085004309882e+00 -5.001506162949238998e+00 -9.402437586504795775e+00 -5.007749778657117901e-01 6.103209056600348958e+00 2.457112033283886277e+00 -1.058520198604968598e+00 8.345156152184863174e+00 6.198053129480484813e+00 -4.314171809738816421e+00 -6.309352251972686787e+00 -6.726805607439416690e-01 7.969426708956113714e+00 2.174483155634359122e-01 9.195927779892123510e+00 3.233794750480342373e+00 8.217648349130403318e+00 -6.080522209477734918e+00 -6.684156050315690933e+00 -7.995119981314768864e-01 -3.315971596352897954e+00 -8.936349841088038204e-01 -4.646733305632803734e+00 3.518961375882279086e+00 3.140188616912158892e+00 7.111727213285959692e+00 -9.507041302288605777e+00 -4.997294268227927105e+00 -4.142065169165198846e+00 6.293915312360688574e+00 8.551454705712188797e+00 2.759068063271136850e+00 7.988684847972756131e+00 1.575656371663068711e+00 -3.097447096591883664e+00 5.751761923134456111e+00 -1.555454579051886554e+00 2.305306098911845680e-01 5.049972229580614425e+00 3.134790498690716021e-01 -9.075950213073401329e+00 -4.009996470769450205e+00 -9.323868701363879907e+00 -8.448581625369708803e+00 6.177280539555763283e+00 -2.995293758626134561e+00 7.974717276571912095e+00 5.169286547937410603e+00 3.185223265738221343e+00 5.997832343081249462e+00 7.787760744216562614e+00 -2.663661907058636480e+00 3.282092088517797990e+00 8.945336877623294214e+00 -8.014488080606074760e-01 8.996129284213726152e+00 -5.691194507465748842e+00 -8.002191200391377990e+00 -7.600587207125258260e+00
-5.350751418443733698e+00 5.206611673673528173e+00 4.974535820164572897e+02 -3.554108614803153543e+00 -3.454831172174495535e+00 1.220824604772808186e+00 -3.996339232507429173e+00 -2.659137862996201918e+00 -8.280954414719110090e+00 2.376549928437654557e-02 4.812226910390823065e+00 1.613529590018137228e+00 8.404292645451349131e+00 -2.705532377959554147e+00 4.307263960209406051e+00 9.061217414208535104e+00 7.109173368816279037e+00 -9.438181491449240568e+00 -5.634899646836222686e+00 4.682538689580646007e+00 -5.252777245561068398e+00 -4.116893536123491515e-01 3.775383697111465153e+00 -4.205632263728018572e+00 5.011478905309168397e+00 2.208992569031574149e+00 -7.600688710199587916e-01 3.904292710363559848e+00 4.698452142143143107e+00 1.472298649082370403e+00 -1.714139957579776663e+00 9.734724895475721951e+00 1.344666193574584057e+00 7.486103125720269702e+00 6.248185589784682747e-01 7.540777902178870562e+00 -6.915663962423255207e+00 3.418332819834404290e+00 5.424451746239558503e+00 6.223531475461367535e+00 -9.578120755162712996e+00 -4.996163473341182382e+00 -4.525086405667932965e+00 4.352132845270270778e+00 -1.939294024504523151e-01 7.607110980989236992e+00 3.846632422537117790e+00 -3.143000637251991414e+00 -8.450567049734907243e-01 -5.768714304520945468e+00 7.601947166964198033e+00 5.298071177871197079e+00 4.217730098201354139e+00 -8.106811347616115881e+00 3.845068447723571481e+00 -1.699405251815544915e+00 3.227008063876947830e+00 -3.442187229637170276e-01 3.081777700863959524e+00 -8.931754764867703145e+00 9.162425615801659262e-01 7.107337902989861789e+00 7.595613912406257384e+00 4.607714469826802883e+00 -8.164143191264862764e+00 -9.558710100994037617e+00 -4.362167792075695161e+00 8.600125777945798689e+00 8.476150024016305906e+00 -3.815780022927077297e+00 5.190729139174104390e+00 -7.433252229644871534e+00 -5.909518315552320544e+00 5.449457066667211080e+00 -5.968899304705425735e+00 -7.789040290060333938e+00 5.264123810435261674e-01 5.079776320945903478e+00 -4.247564690799203291e+00 -6.468022275471945193e+00 -3.770298056063676739e-01 9.193219486238799476e+00 -9.780701984369111202e+00 -4.540350469733680505e+00 9.878638633874679442e+00 -9.528139349460662544e+00 1.949842382518678363e-01 -4.371046340897690285e+00 -6.269839835237709380e+00 2.688966439402271646e+00 -6.735236214930370835e+00 2.007286878824782406e+00 -1.325225634098233130e+00 -6.341364429918479040e+00 2.232022177570785360e+00 9.616585375190389584e+00 -2.325668178921411311e+00 3.299942728766803057e+00 7.372376455942259099e+00 -8.151938497375702752e+00
6.487496457853421106e-01 -2.724417669593302449e+00 7.815370477647167746e+00 4.427766329207550484e+02 -2.482538204812485105e+00 3.464670980631282760e+00 8.622330138013001744e+00 -5.173349927200603382e+00 -2.320162594933594669e+00 -1.168400637833427069e+00 -9.619167643960047087e+00 -1.653634215728539303e+00 1.779116724661593096e+00 1.399897517589330675e+00 -9.770240804217296571e+00 -7.722999307930846768e+00 -2.429971307741900510e+00 9.371441455849431890e+00 1.522663716184759153e+00 -1.053345258426304554e+00 -5.442037714784817126e+00 -7.074038987677663926e+00 8.318255828067101731e+00 7.625617723581925134e+00 6.043904368534576577e+00 9.623308000902319748e-01 -9.059535073279388229e+00 2.501059476162691197e+00 -1.072226338118795752e-01 5.589734074286557330e+00 -9.933916257322486842e+00 2.519473756497703221e-02 -9.981195296425875441e+00 -5.491939468052111195e+00 -4.071406281976646113e+00 5.730053735941691428e-01 4.168887231629573975e+00 -5.353517943528698808e+00 5.816978254183226227e+00 -5.442550438871380791e+00 -5.156805736833098841e+00 -2.106375684787709091e+00 -6.094832859974257389e-01 -6.961126039269691645e+00 2.584339391065453739e+00 -9.526055631612743824e+00 -8.741710260786092590e+00 5.700177930932390780e+00 -2.972031142310031626e+00 2.124581906633364881e+00 -2.693217044129898596e+00 -4.723929001199078215e+00 4.699652082096854144e+00 2.578130499476067428e+00 -5.173471461601799604e+00 -6.325641690716341969e+00 4.927742652607227214e+00 4.026188581148367973e+00 3.737485079807534305e-02 -2.248697124405927283e+00 4.167748543123250826e+00 4.831887930129097342e+00 -3.174312035402522270e+00 5.451083760508348419e+00 -3.466865679763664332e+00 -4.282020875301206786e-01 -7.870169294041424735e-01 8.619783357717373917e+00 5.950854532152121124e-01 -6.381862878425081931e-02 -5.179939294656906057e+00 4.621065316309495685e+00 -4.001052178325554820e-01 5.070571899084159284e+00 -2.466809462505919370e+00 -2.823955276877097020e+00 1.733425041835003455e+00 -1.720304376385474399e+00 -4.273701366546562852e+00 6.431244452992107341e+00 -3.354131353008167338e+00 4.238189013455940568e+00 -6.403949430201974380e+00 2.521802731910069539e+00 8.758295054819363656e+00 -8.177692259011735132e-01 -4.354775269851587360e+00 -8.829892667658116423e+00 3.412849160323654374e+00 2.960111822413599825e+00 7.864371846904493424e+00 -5.826170928811851724e+00 7.586337896032208761e+00 -7.394036775866013045e-01 2.031129212194155542e+00 -4.011853591455098567e+00 -9.917613868851837822e+00 -8.270252556413737466e+00 8.974577384678177339e+00 -3.631098565791031518e+00
2.829438940713462358e-01 9.244804696045111569e+00 -4.882173563186819720e+00 6.337842831586751657e+00 4.713016599984605364e+02 8.869683529246682241e+00 -3.494823883889326410e+00 -9.776079138358102938e+00 6.501037129418680394e+00 2.491667598714252918e+00 -3.074296740505744197e-03 -4.940805232819391435e+00 9.975904496548647415e+00 3.877345557557951850e+00 8.066035304790201366e+00 5.186532241288739797e+00 7.070768144004830447e+00 -3.509649762331649825e+00 -7.671568141840712229e-01 5.428079234564593847e+00 7.719510824049788056e+00 -9.607367449995349418e+00 -9.538414978821494472e+00 5.895783721775293529e+00 -2.978580016791330110e+00 9.280564486555409331e+00 8.290390208271528394e+00 -3.140318981016314126e+00 6.065561114906461881e+00 -2.914990862975788133e+00 6.281751227004001237e+00 -7.432277601532768507e+00 -5.282839612576328392e+00 4.461849753568227328e+00 3.581059556323687332e+00 2.541003429707158645e+00 -1.764062231778764200e+00 5.217414787539990328e+00 -2.655942910212547581e+00 2.236572416843749522e+00 8.636305336758187678e-01 2.735404772140876517e+00 -7.295638600397751361e-01 4.881422617260939845e+00 -4.519236202631569554e+00 1.695843500777687751e+00 -9.589690664279487464e+00 7.375621138809904664e-01 3.226418178145816995e+00 1.458775983549127631e-01 4.145664318500525525e+00 9.224263070131577535e-02 4.725528484363472614e-01 7.582055012175622721e+00 -4.858790386144873352e+00 -5.063039954041221868e+00 9.763712067965627739e+00 -7.824310654439816659e+00 3.274207529294553609e+00 -4.984910418745265304e-01 5.619606221183097716e-01 4.473341933663583347e+00 -9.916410522346538414e+00 -6.524628691385072621e+00 -5.065443225858796694e+00 3.799389253501006536e+00 3.086807894018257059e+00 -3.083603480297682609e+00 7.181173979993697998e-01 3.784701441597244198e+00 -3.795363234541964559e+00 2.400759438553492942e+00 -8.506136162078597351e+00 4.613713405016238056e+00 -6.924105281005326518e+00 -5.358952414950028498e+00 7.274036789429800365e+00 3.044641766551059447e-01 5.309692207482147097e+00 5.829669825698537977e-01 7.501195687460370465e+00 -4.211876675979349116e+00 9.461932458989220862e+00 -7.985576197056869496e+00 5.388148146372220282e+00 7.062743343230444282e-01 6.558945037744212669e+00 7.486080247929550069e+00 -2.787834102474484155e+00 -5.427173242422320243e+00 7.988344247557009226e+00 -7.101791802548014232e+00 1.036134794347399080e+00 -5.708758116455030063e+00 3.884805134635591628e+00 2.649938110522001011e+00 -2.793581084806648462e+00 -1.724360732459487622e+00 -3.994506530647266018e+00 -8.110269384086040034e+00
7.540299808846285146e+00 -8.394550711829209533e+00 4.958545755603775973e+00 -8.454400567183050441e+00 -8.350547722429169539e+00 5.007925892504841840e+02 -6.512327575936735613e+00 6.830635860963479189e+00 -7.397957172759134892e+00 8.560854690004539691e+00 -8.778092248532745501e+00 -7.865070817737138675e+00 -1.631731859841307752e+00 -5.517181755847131441e+00 7.614834771755131015e+00 7.695113811928870007e+00 3.628550957571022195e+00 7.144940041025900967e+00 4.340705429695766782e+00 6.656927533321567836e+00 5.449547143325318643e+00 4.067499832843804342e+00 -2.548060249760803586e+00 -1.686411783175859824e+00 9.825755089514579765e+00 -3.912152321193862470e+00 -8.454229889983901458e+00 6.389032908365372521e+00 2.009912738882068339e+00 5.924940675989667227e-01 7.171646141624101745e-01 8.008398667390789427e+00 6.103935944475903597e+00 1.095936524924741917e+00 7.130123885871096689e+00 7.360293649135456917e+00 -6.887671807186210415e+00 -7.032903601302187724e+00 1.837465578907300667e+00 4.674254737924599112e-02 6.114197748950985556e+00 7.864245309759212432e-01 3.936041574991817171e+00 -4.155938451689291213e+00 7.253752388683707863e+00 -2.853566002971503757e+00 5.982778912061007759e+00 7.095348342401592845e-01 -6.067230911417905048e+00 -2.240553287069399602e+00 5.122783046849113120e+00 9.741673987891253716e+00 -4.296626531550740147e+00 -7.758189828788440323e+00 -2.063651198516652130e+00 -6.788358281264450511e-01 -1.340366316609316044e-01 6.184720391616561841e+00 -4.842767764334139358e+00 -6.799116855609346644e+00 -1.635385405835984685e+00 -9.080997537837475875e+00 1.536371663670195176e-01 -3.558310361067025696e+00 -3.411778510967467426e+00 -1.455704461884966605e+00 -1.998259858612632556e+00 -6.275219507152273835e+00 -6.238346150920241584e+00 -8.882576557512074089e+00 -8.942086874573202948e+00 -4.143669852688440791e+00 -1.261742053451712309e+00 1.367955098010220638e+00 9.648440452099563913e+00 -7.805029249906025868e+00 -9.722177996571680580e+00 3.870286668625981363e+00 4.060524596703132261e-01 3.655605264769947738e+00 -1.264242331498095950e+00 1.565434767310076580e+00 1.210932914202405897e+00 9.597474965723527873e+00 -4.991611672675717593e+00 -5.317146830799879709e+00 -9.662549900909757739e+00 -1.611017337591126974e+00 3.645959252121297567e+00 -3.390978236471886120e+00 -9.143307687244730531e+00 -6.387268553002409810e+00 8.058786485722432502e+00 -3.077017486321884654e+00 1.305001769234522158e+00 -4.017395217412229158e+00 -5.221260307054908623e+00 9.059005154395713078e+00 2.426715178365210335e+00 3.396275153629277455e+00
2.049824987702846713e+00 4.464243697996490567e-01 -8.869504537687170398e+00 5.333745057356956920e+00 -5.952768077096337151e+00 -1.010510581472882308e+00 5.259996405691664449e+02 -8.290537889681511174e+00 -8.644573976941707372e+00 7.166953089724479753e+00 -2.223052325780683347e+00 6.649461400638895014e+00 7.066777205112320104e+00 1.179994470975502807e+00 -6.923914424540349444e+00 7.941706102391151489e+00 -2.777137075273234501e+00 -8.060695878476311194e+00 -7.168074892456514746e+00 -9.385880362094416896e+00 5.295079039235909946e+00 -8.990497604464678716e+00 5.046257723627471492e+00 -5.538298202832674377e+00 2.227813056023384419e+00 -7.611079811415479845e+00 8.738436753928105816e+00 -4.795304077979427149e+00 1.296145995922369565e+00 2.509327328174446592e+00 5.620250577890271160e+00 7.610350783384223661e+00 7.830104034836267601e+00 -4.399606950020711338e-01 -1.644960756879694230e-01 6.095040446904441467e+00 -4.152427767850359608e+00 1.167128503516671856e+00 -5.103903477827000934e+00 -9.067261040012578377e+00 4.306419234676116758e+00 -7.072129090393457496e+00 3.658730386498207920e+00 -7.620562331474034501e+00 2.124810009992433635e+00 9.232842610927324500e+00 -1.960908301979966240e+00 -3.555904370819482629e+00 -7.329725849766537848e+00 7.663373182655490723e-01 8.918654089327276324e+00 -1.540920179536993118e+00 1.578827308249517003e+00 6.306459074192741099e+00 7.410296027450321787e+00 9.092352627628702777e+00 -2.476202262808786969e+00 7.491368626775969375e-01 7.209722417770070280e-01 -3.310977329234201960e+00 8.418741086265594475e+00 3.410026564273294980e+00 -6.380936945602682542e+00 -3.081982115544727563e+00 2.801220158412576211e-01 7.586398885544156201e+00 7.868647039004390109e+00 1.902168838684763941e+00 -8.405326862199721916e+00 4.508728617468534594e+00 -9.120716158482318647e+00 -8.312543395168495053e+00 -9.083346446530233820e+00 2.708826147587737765e+00 2.506287383234784727e+00 4.978999992680053666e+00 3.578446221448887243e+00 6.362391091366855989e+00 -4.945584621693295269e+00 2.978978724572733938e+00 9.333293709760617674e+00 6.855583165610838137e+00 3.388209604815468623e-01 2.362607606172700159e+00 8.142863292848407042e+00 7.743057814129912231e+00 -7.718924545955290206e+00 5.448080223588220861e-01 5.144051919075538493e+00 8.892212988037247356e+00 -6.906939026794391978e+00 -6.996051650764210095e+00 1.022027292299654277e-02 9.369102185852419495e+00 -3.229478384782078493e+00 -6.805259543933357413e+00 -3.293792728898665700e+00 -7.854842889733029132e+00 -4.746720859713757790e+00 -8.265750426867739975e+00
-6.448776683789150255e+00 7.261411995020296217e+00 -8.474190656759692075e+00 5.075911274782029636e+00 2.087613607506117575e+00 -1.841952812176820942e+00 6.354704593745630348e-01 4.601455614861566801e+02 -1.207870707021061918e+00 -6.559971603372560800e+00 -8.058547775790456669e+00 -1.888108935939861510e+00 -9.410137398872391756e+00 -8.144911969281665165e-02 -3.082200209654686773e+00 -5.767560035139938535e+00 6.404346830461090434e+00 1.437634273662791173e-01 6.922441193883166477e+00 7.679665319828483661e-01 3.439908216708598587e+00 -9.746552215588479839e-01 8.236243008658227893e+00 6.697402564728108132e+00 6.281972829808267988e+00 8.927281672278290614e+00 -8.487302326875090230e+00 8.937078200654276827e+00 -8.689661467079741186e-01 -1.227331142858091084e+00 -5.822815145632915801e-01 6.460205139882752690e+00 1.335954841186541842e+00 2.340776011268665968e-01 4.618397954343645750e+00 -6.550041001883748493e-01 -9.504394255481260601e+00 -8.974966708184643593e+00 5.098472794809040920e+00 -3.857174076183271794e+00 8.878872431070124804e+00 -4.550519921167010651e+00 -7.178810326357130123e-01 2.894591612072224152e+00 -6.332677545177023859e+00 -6.252853098230439777e+00 4.988239602106624204e+00 -8.289038615195163828e+00 -5.160118442896017399e+00 -1.741117224957591247e+00 8.260466023424754667e+00 -3.682405320071522326e+00 4.856141626212284734e-02 -3.578892913216966676e+00 -4.828934959966934670e+00 -9.882922072132434010e+00 -1.025441882408760108e+00 -7.937975773144279046e+00 1.798426406235344999e+00 2.976309245534565662e+00 -3.845432870195821806e+00 1.216974512553065324e+00 2.640878961637918465e+00 4.869237039114437948e-01 5.840516512725544729e+00 6.425351462604218966e+00 -3.656354420313563836e+00 7.153734229698351044e+00 2.450898020086626161e+00 4.152333852879156240e+00 -4.411767860472288305e+00 1.650348111090046643e+00 3.172906458142257691e+00 -2.192384599852569949e+00 3.817507523723930873e+00 -9.527401880014931379e+00 -7.456320850399018596e+00 -1.804019615494706130e+00 6.029243465522057477e+00 8.455193151775063143e+00 7.743064149043707545e+00 9.998461290118335398e+00 -4.417543898580871264e+00 -7.669437920830935340e+00 3.817013430779747196e+00 -3.083010279183686642e+00 -8.279990055723338571e-01 -4.058902167341711831e+00 -7.331609230569588576e+00 -3.389936749514603775e-01 -2.652372923519365600e+00 9.864960941469007594e-01 -6.279379415627170502e+00 7.389784213316797690e+00 1.328479716974683811e+00 8.757672132207378723e+00 1.398356003224867194e+00 -7.240444022711618466e+00 -1.971710863509470002e+00 -6.761901934666935787e+00
-4.875271919688035638e-01 -7.722651765372017252e+00 6.291640922965168414e+00 7.274744214679930820e+00 -7.503468054078668459e+00 -7.268301848984524582e+00 -6.872199848709050762e+00 6.504291253729448385e+00 5.724168296931133000e+02 -9.462103763489084329e+00 6.706694978823826148e+00 -8.351417855837393489e+00 7.896487229620859694e+00 -1.695898128458654952e+00 -3.415088428761501760e+00 4.649712078689878680e+00 -9.481726682488014646e+00 -4.129423983796742803e+00 -4.914977026824754347e+00 7.286648992412466441e+00 -4.322012415275258590e+00 -8.826893832635301251e+00 -8.832450049882510257e+00 9.931375348057049024e+00 -9.565142617717576456e+00 -8.809539456722585982e+00 3.897129747147596746e+00 5.616942752255479121e+00 -6.793600263585053867e+00 2.116006754842983284e+00 4.821364111786415663e+00 6.968366560838415324e+00 -7.651817652438612782e-01 -3.665099765702897194e+00 9.433124767187251791e+00 -6.991891586416123516e-01 -8.308194296694466630e+00 -5.388483238046259949e+00 -1.132519416940656498e+00 -3.443810788579650506e+00 -5.226124428438197356e+00 2.046342995127361064e+00 -6.706328105227701286e+00 -7.425832834692140949e+00 3.786921554444575122e+00 5.955592125323756036e+00 -5.927822944406915262e+00 -3.258162499207983842e+00 2.620008622368210638e-01 -3.261416703859742583e+00 -7.899048290972903175e+00 -5.157749441285424119e+00 9.193861278967229822e+00 4.350670316726903408e+00 -7.079520444292803916e+00 -6.374171382900946092e+00 -6.665443064844314591e+00 9.483628176009656130e+00 -8.904794224172544403e+00 -7.019816228124373225e+00 8.506686490998198735e-01 7.208389930781521571e+00 2.118327517196547660e-01 -1.311539764416430387e+00 8.727350950407672059e+00 8.698836427814846672e-01 8.866221512361118329e+00 -7.313676745277990499e+00 6.527731211312453041e-01 9.562930346780959212e+00 7.595884418492122592e-01 1.030194222773893387e+00 2.566273188624785817e+00 -6.974722297477340405e+00 -7.899324231146174213e+00 -3.603647905913350158e+00 -5.428315215801919891e+00 3.003023249920337534e+00 2.959215322258643255e+00 7.591497152192744124e+00 -8.424403605440961229e+00 9.002318387698501567e+00 6.880289028804185136e+00 -9.548496246625443717e+00 7.242291809416702364e+00 7.613813028083249890e+00 -3.573330461335113561e+00 -9.302051512867537397e+00 8.071881819177658457e+00 -7.214135575965235248e+00 -9.047061409975922786e+00 -3.679893342445166304e+00 8.214807799766006724e+00 1.795975098641003243e+00 -7.402550090291752483e+00 5.720368505310879925e-02 -4.258068854626849031e+00 7.011439562025842065e+00 -8.874858571366662119e+00 -5.618112881748052345e+00
9.792946718152531815e+00 3.154969461627194605e+00 -3.827830000137724120e+00 -3.770791798455547905e+00 -4.763526883580029292e+00 -5.774267803818307065e+00 1.900046710406364525e+00 6.535224328503051794e+00 7.901097351546813030e+00 5.114631256172167468e+02 -5.866898459564946933e+00 9.372939035943183228e+00 -2.341901975185384899e+00 -9.853716646878662999e+00 3.168615260386264509e+00 6.409651697543669258e+00 -6.159792677316511700e+00 3.876902206245064875e+00 -8.838506831750002846e+00 -6.046667151790298789e+00 2.847344071494294582e+00 5.072308451442303578e+00 -6.230863854030985749e+00 -3.053799509167731685e+00 5.063126203031727002e+00 -6.850308343218824980e+00 2.720429503375218161e+00 -5.647143756100819090e+00 -4.640954930609226814e+00 6.947284580474452298e+00 8.416912766910705557e+00 -1.213432956935609042e+00 -7.245766153544391130e+00 2.694318053940666147e+00 8.059639823993709484e+00 -4.164516893710869638e+00 -9.858289295025192800e+00 1.777855788843289986e-01 -7.772133477178058136e+00 9.397788158486498844e+00 1.076933453507004756e+00 1.852068276888658716e+00 -1.124768316950126135e+00 -1.661729403273149330e+00 -7.960095957134772249e+00 -3.491125254656022747e+00 8.730641033930034212e+00 -6.294185021423848170e+00 -3.230846868340324640e+00 -2.918896251836819999e+00 -4.152781975066767828e+00 8.094223770567079868e+00 -2.265358345598231793e+00 -8.973023512675073476e+00 2.391806463379653636e+00 -4.125021964504496097e+00 -9.503704696010384367e+00 -2.615758986114098406e-01 8.999832531380349110e+00 -5.942478202340013560e+00 9.508563579413717548e+00 3.952069927399648464e-01 4.346908939510068848e+00 7.618024340387972160e+00 -9.205347292499530099e+00 6.038396893290723710e+00 1.867696256201273997e+00 -5.928819886723859511e+00 -1.672047121269548242e+00 -6.425561198878746438e-01 -8.709554206629384510e+00 -7.359835095085351497e+00 6.447036819911478034e+00 7.601558475492907974e+00 -2.321161899901174053e+00 -8.833169619807279105e+00 -4.002098148594035010e+00 3.027135635025018701e+00 -8.131716664099510439e+00 8.649425650193659720e+00 -3.248065346155613042e-01 8.496225645791014358e+00 -8.454445990532235555e+00 1.997839517748447591e+00 4.065381015860442204e+00 1.293204461086034485e+00 -9.925182680946388558e+00 -1.235222874733498344e+00 3.072127783060281558e+00 3.724505852407427042e+00 -8.074272758952929507e-01 5.752289752815508805e+00 6.613897567783975973e+00 2.864125046578053002e+00 8.351290217116677184e+00 -8.702459596242700712e+00 -3.817819378785500817e-01 2.750420062440028346e+00 -5.155200897548812833e-01 1.820717057461378019e+00
6.754963814001779809e-01 -6.648343217608781330e+00 -1.759814644293751229e+00 6.367195091526088646e+00 5.584844090673595218e-01 -1.072976982989676031e+00 -2.304730935283569870e+00 4.755155204450963069e+00 6.009414618697512367e+00 2.179939498802438536e+00 4.983721953489453540e+02 3.251756345843606510e+00 8.897936365140864723e+00 -5.725815636167639333e+00 1.129232901629556807e+00 -6.976640775769666902e+00 -4.597179744636543219e+00 -2.848099200586020174e+00 -5.017394473459850346e+00 -7.900750865394090994e+00 -3.906951894407518111e+00 7.113139096406278838e+00 7.742627797257569000e+00 5.293864914600064253e+00 1.081235051887134091e+00 8.993117449639598249e-02 5.954301696022429979e+00 3.663876792542126282e+00 -8.927713290552073744e+00 3.660868015762977379e+00 -3.436566742890505566e-01 -7.480463558041039462e+00 -8.428867586851326976e+00 -6.564143662004024549e+00 -4.169962931115779980e+00 3.227382707275769036e+00 -8.303749543033715597e+00 -1.207687785171438932e+00 8.922957151172109747e+00 3.636616826844123906e+00 -2.944487327416805300e+00 8.398473928712927972e+00 8.127598486959499269e+00 -9.904301566701448678e+00 -8.145788784432745899e-01 -2.908571705287594789e+00 -6.401576473095278885e+00 -1.863930150019230680e+00 -7.562441833543598335e+00 7.860364376508680806e+00 6.977703271688476150e+00 -6.494117298714828124e+00 -5.304428884515006715e+00 -7.637197646536004747e+00 -9.494820136739544836e+00 -8.475120791843478329e+00 -8.430899707782488761e+00 7.227617190607375619e+00 3.479385463194226702e-01 -9.674954002522424545e+00 -2.497233844423245586e-01 -8.698187418852524999e+00 -8.209596266858561364e+00 1.488716308428227109e+00 -2.242338127491718680e+00 -9.126523759541154135e+00 -1.259372928073492659e+00 -1.015463779971838676e+00 2.079790865537106015e+00 -7.720694440526933988e+00 -2.926654466322158754e+00 -8.847783619929129983e+00 9.848800772121787617e+00 -4.076002878792319706e+00 -7.138310052664236238e+00 -7.475443089667308527e+00 -4.275251665772794141e+00 5.959538029108326640e+00 -6.353540301518112443e-01 2.672835697199005267e-02 -8.595380132705914278e+00 -5.222423212122915714e+00 1.685562714765467263e-01 -8.017060714266984078e+00 -8.287124348529964379e+00 2.651140683778763218e-02 -2.632160545724726575e+00 -9.340216640415214044e+00 7.697858662629148085e+00 9.657512537108274842e-01 7.853419202183847148e+00 7.252524612106498125e+00 2.438307137560460802e+00 3.568542766717914816e-01 9.462216232075260081e-01 -2.500940379876959163e+00 -9.316429530376577617e+00 8.932782174367144279e-01 -2.628178631778057550e+00 -8.334145191074092907e+00
9.051568834560463017e+00 4.970901347161532868e+00 2.437294096593376480e-01 -9.755440607810555775e+00 -8.574563969059003199e+00 3.148842583071724377e+00 4.005942324053606285e-01 -4.921455384740632155e+00 -6.510775182709620523e+00 6.900208919131969765e+00 -5.091424378553217167e+00 4.638749691919459792e+02 2.300252640475870081e+00 9.353946472295831427e+00 7.087914271473003680e-01 1.587953702247911991e+00 -1.084730666740922445e+00 -8.428658474703542680e+00 8.314139593213763391e+00 2.207614717356811695e-01 8.546142451467559908e-01 7.987014313233714802e+00 1.814255508944702555e+00 5.930644603909396295e-01 6.002091362333128899e+00 -3.899585685257445533e+00 -6.701996188164203616e+00 6.543021306930768333e+00 -8.647737013610417023e-01 -2.092038238545228523e-01 -3.930065759460252828e+00 -9.913433894690925285e+00 2.874460891353884051e+00 -8.688274253403072578e+00 -7.214863494480345807e+00 -6.588095123584016832e+00 -5.206326627872139845e+00 -7.326659176477614110e+00 -2.685674371417981376e+00 -8.048833128989443253e-01 2.083988287330406308e+00 -5.097984435958833771e+00 -6.479010381841419530e+00 9.703193358501700061e+00 1.141606252673261324e+00 7.758685414965768246e+00 -3.219546192082978209e+00 9.925569431927350195e-02 7.195768092715052688e+00 -1.992674095532731116e+00 1.107747631538217092e+00 4.051559202911487745e-01 9.692692946441749058e+00 -8.826636621202075261e+00 4.104891629295048361e+00 9.434709914098469596e+00 -3.027206475786321960e+00 2.955417397807700297e-01 -4.264461252187512486e-01 6.475519618789409293e-01 -3.051711032974364635e+00 -5.739069796151492042e+00 -6.941079351142914078e+00 8.902480471111353211e+00 9.817352070187386204e-01 3.564185911962647779e+00 1.242554224991517131e+00 -4.767140086084154404e+00 -3.156683497716594289e+00 -6.489622494254751572e+00 -2.214573278336349205e+00 7.721655932008545165e+00 -4.153745324922148541e+00 -8.905898431557242034e+00 5.519326498861742536e+00 8.739004705585905697e+00 -1.878139269837294734e+00 4.486617320736634440e+00 9.066482675993661644e+00 7.819684454138286611e+00 -3.256772346528875595e+00 -5.459260572148809665e+00 2.518585997831978673e+00 7.323216886204068743e+00 2.546963837620319637e+00 -1.445295925973262285e+00 -6.427187487698516222e+00 2.551009380887608202e+00 -9.513220007195723582e+00 9.954903751582410365e+00 -5.212077423214608984e+00 -4.442599397382451798e-01 -2.529881550621304598e-01 9.831825752351395664e+00 -6.664529089353656843e-01 -3.104575523950988014e+00 -1.179772173967775117e+00 -8.146889693835499102e+00 9.462882636460413721e+00 -1.478947742889026529e+00
-7.119681905093058205e+00 1.370948014561264472e+00 8.494485845687943737e+00 1.672679548300095576e-01 3.185661287119074814e-01 8.218807657270531308e+00 4.663604755399308743e-01 -7.058601102019395057e+00 -7.688556693017741139e+00 -9.560299977992411158e+00 -8.685858215978806030e+00 5.687999196728060980e+00 4.836195900903994698e+02 3.135022319335593721e+00 -1.426855119309394127e+00 -1.991725399397836327e+00 3.026197579692889050e+00 5.825293711332031776e+00 1.516393025990119270e-01 9.308638626499128321e-01 7.938538804099035673e+00 -7.465496480034865101e+00 8.543637419275206923e+00 2.649734073325904049e+00 4.361110320732686674e+00 -5.938270578309694514e+00 5.747396982915162766e+00 2.467423719758599532e+00 -6.406842841873654493e-01 3.866276754221342316e+00 5.334852420693273700e+00 3.832629412081834275e+00 -8.761916538978553604e+00 -2.880962830988911705e+00 -5.509491419862193595e-01 4.502085524806032524e+00 9.425538034379879804e+00 5.464726170578352082e+00 6.458349877381497350e-01 -2.932967699919661442e+00 -7.654186843340699653e+00 -7.148379701806550912e-01 3.961131062230112576e+00 -5.886450848005521763e+00 -9.711614090712409109e+00 8.837235269288683526e-01 -2.594902712826973712e+00 -7.520919053665558351e+00 -1.571737831362051807e+00 3.137392884968637219e-01 -3.986896084014808217e+00 2.522703501226555289e+00 -5.436957745026182565e+00 -7.807165832884146894e+00 -7.251325806583873046e+00 4.445779374404430939e+00 -6.844157432301098964e+00 -8.025279327738861213e-01 -6.987728667478205757e+00 -3.489525420113963605e-01 9.083312914293554030e+00 -4.061589137011869965e+00 3.092898121439731085e-01 9.696782865714435928e+00 -1.935077225062535433e+00 -9.889908991831273255e+00 -4.455886201257587942e+00 4.965685542210069414e+00 8.280664153518650039e+00 8.020351058741688632e+00 4.839078111674446347e-01 -2.048594595869175805e+00 -4.993526058011572566e+00 9.852021654369590209e+00 7.520171545770658383e+00 -4.830081881113759579e+00 3.539970207895567711e+00 -7.871482450948253273e+00 4.804092927147527448e+00 -6.193151404564529727e+00 -4.431426500478393038e+00 -6.068490756346099246e+00 2.009621833225397225e+00 -1.092806509442830531e+00 -7.323563029018722581e+00 4.007118647345986773e+00 3.153718745763383069e+00 6.986305997340846119e+00 -2.268815336916009784e+00 7.395514572541056708e+00 -5.759654653482161990e+00 -8.947906291505720588e+00 8.300127262670127237e-01 -7.463742696486810324e+00 4.540707119578701878e+00 -2.441243814496194986e+00 -4.044644117240300929e+00 -4.901321854192232763e+00 9.363083436700414097e+00 6.059080044162389100e+00
-4.163112396938308812e+00 6.381391170727368944e+00 -2.065489563753290625e+00 -9.440983081981295655e+00 -1.166351057761687571e-01 -6.618092618690623041e+00 -4.573202483146092234e+00 6.572711945292795122e+00 5.767081242031826704e+00 8.881581436536389873e+00 -7.426692089991777657e+00 -5.273569859657783354e+00 8.355803249512995023e+00 5.276458566547910323e+02 -7.051789097582754628e+00 8.250069685300367439e+00 3.549239901649967166e+00 9.813078404576312863e+00 -8.973976793087095061e+00 -5.907346663740050019e+00 -8.493734823178655802e-02 -5.109557083247509013e+00 6.546084339848658118e+00 -7.324804257274628583e-01 -3.341253119794163062e+00 -6.612152800406844833e+00 -2.720317818660138443e-01 -3.836901116374368925e+00 9.213707424015741054e+00 4.147844553074186535e+00 -3.584599506379417377e+00 6.538876828337780722e-01 4.607381770456072445e+00 -3.269507938924922641e+00 3.743967099103684859e+00 4.719672990562290948e+00 -9.698723163647652967e+00 9.339682860935663911e+00 -5.637900465280798912e+00 6.297361088630282211e-02 1.677033924563410494e+00 -7.058198184311448742e+00 8.035954497213602110e+00 6.972519259877142161e+00 3.249241644023072695e+00 5.187966321799734715e+00 -8.284122623975262556e+00 -3.671529099245105954e+00 6.960198721847042691e+00 -1.462432028886734514e+00 8.994457329153831893e+00 5.765616557464651848e+00 -7.470840724712317638e+00 5.233746081280550300e+00 -7.580272958584770571e+00 7.747901864894597423e+00 -8.119434483527536273e+00 1.016068342908377886e+00 5.868278008186019079e+00 -3.968154460864450783e+00 -8.659525011187758636e+00 4.781494382786021902e+00 2.664757211225367683e+00 8.758732941831084418e+00 -3.477035387230760222e-01 -6.873886025252204490e+00 1.838851469255221360e+00 9.819978598471813314e+00 1.617348423355819520e+00 6.008598820779923244e+00 1.216472668016715275e+00 9.506166503637778931e+00 -6.598909097938587820e+00 4.952619636480052989e+00 2.253687965790014403e-01 -3.898254276459165446e+00 2.315573757690284395e+00 5.249983368079188750e+00 9.536868970598344930e+00 1.509618043953814492e+00 1.046816586536801097e+00 -5.246319209302427566e+00 8.667540745045730688e+00 -4.923498236543474960e+00 -5.443836259930958654e+00 6.056521170321573777e-01 -8.467881732789070526e+00 -2.815708417500499827e+00 -3.210426749172709648e+00 9.761094195710672494e+00 6.457935510414340996e-01 2.990761503054423898e+00 3.627880482995566425e+00 4.119640672947031845e+00 -5.331606093906979815e+00 -9.316453407571426482e+00 -9.393630129856694211e+00 7.178169004101889072e+00 -8.756314101177551379e+00 2.524685870083720474e+00
3.849088999316592208e+00 -1.064324483139154509e+00 -3.575363695741247128e+00 1.883166605459074106e+00 4.397119344117115247e-01 -2.498360781932690955e+00 -6.755882596720008237e+00 8.041681634429508563e+00 1.615699172895812552e+00 -9.174297249740909876e+00 9.074209638510343012e+00 -6.263511956777058742e+00 -9.597683120801494994e+00 1.721232505223239784e+00 5.355988420064797992e+02 7.617823276722617720e+00 -8.145454796528611041e+00 -3.606988195564255761e-01 -9.739398759900359082e+00 -4.612792108778704936e+00 -9.003680720177648311e+00 2.891637068363463570e+00 3.306494619560940151e+00 -5.447438621539006931e+00 2.955380018747961302e+00 3.416263121959485005e+00 -3.624066815920414797e-01 2.692106560757078881e+00 6.123526240885823313e+00 -3.655067343854025985e+00 -5.443982827510065903e+00 4.915490760008676574e+00 2.655162749172195191e-01 -4.486911499968857520e+00 -2.446831309578558766e+00 -6.705650223993620429e+00 -9.362338597535643459e+00 -2.004473664481078998e+00 -3.809407358590712889e+00 7.976596790749734822e-01 9.765898107611761247e+00 -4.086131959814878201e+00 -9.393803412503077155e+00 -2.527575965926097012e+00 9.477621739172445103e+00 -3.548002074715236986e+00 5.043870319209982966e+00 -9.955119672345784210e+00 1.043316169906383095e-01 6.065928987516208792e+00 -8.347507566169225512e+00 -9.762666703109028177e+00 9.570453745185318439e+00 7.515558949251552434e+00 5.615614725982782218e+00 -8.785403983697552377e+00 8.440795953065833856e+00 -4.886684448052687202e+00 -7.724211947393103017e+00 -8.640567609206863509e+00 6.677485722120614753e+00 -8.095620828215974285e+00 2.920978738419499621e-01 -6.139315015907103046e+00 -3.218376248237024839e-01 9.633853158612449619e+00 1.716130582019932405e+00 3.579437001221169368e+00 4.992879634632455321e+00 -7.450097934426588964e+00 -8.648105865502310863e+00 -3.852589070623844592e+00 -6.175441179204559816e+00 6.084358869929001656e+00 7.717115718241451816e-02 6.574185982854654497e+00 6.617144089970775411e+00 -8.837637022254625663e+00 -9.120766247316037578e+00 -4.259610950493106785e+00 8.004816318679988996e+00 9.441229888364961909e+00 -2.267445755163883803e-01 -4.246740180749480231e+00 5.214073864142028114e+00 -1.969985564991919347e+00 1.485972737437128544e+00 4.814793504031452898e+00 -6.019381563045193673e+00 4.384246678834244904e+00 -4.118909019029053376e+00 -8.225569700860999589e+00 -4.663051765553269945e+00 -7.654508624477511347e+00 -7.544529207917420877e+00 -7.285463895634281428e+00 1.802314504817637442e+00 3.100713985055334021e+00 -8.819797906671063004e+00 7.300800279368370838e+00
4.883380554733506074e+00 -9.295882452027221632e+00 2.142877085426180273e+00 -6.822169240831064130e+00 -2.402138217865594783e-01 2.040417444394906354e+00 -6.196045205924440857e+00 6.170985774298884508e+00 7.601425260636556658e+00 1.820764983555365646e+00 -9.183540379604270498e+00 -9.323925206709649416e+00 -4.363017951457330845e+00 -9.862960610787634863e+00 -9.757399972783622033e+00 4.749913768710834461e+02 -8.539980648690239207e+00 4.120393290913739293e+00 -4.449683575010090486e+00 5.137056055861080495e+00 -1.840834310441703536e-01 -3.442767412164720042e+00 -6.803362794584685957e+00 -7.158786248098198968e-01 -2.316793866408211500e+00 -2.209661993182495010e+00 3.564621044324274735e+00 2.016780941379314740e+00 -6.907474383719788946e+00 -3.242264220042674339e-01 -4.690069615151912785e-01 7.637404546293740992e+00 -8.516101009302266434e+00 -7.684856597184275273e-01 2.492490024354170330e+00 -9.427967031754620919e+00 -2.095004576860794998e+00 -2.500807492693719603e+00 -9.774990846894597851e+00 -2.280093514471007055e+00 1.071896274533763460e-01 -2.908439852685087423e+00 -2.723266771385484120e+00 -9.209338314777408385e+00 3.590272647969941389e+00 9.614897768452163263e+00 8.619898242823445855e+00 -2.228152399861853539e+00 2.288904040678556129e+00 3.392638297041624895e+00 6.130726288399447554e+00 4.581449039545997692e+00 -2.052366929993318934e-01 -5.630966814067875248e+00 -7.588026819635141251e+00 -8.331137554069902862e+00 -4.327929418007087747e+00 1.386930360745619595e-01 -3.781463992130332130e+00 -5.276563749344164833e+00 3.531691783523884354e+00 -5.852491781976796759e+00 -2.115884536564101026e+00 9.275400513105367395e+00 3.039362444035891286e-01 -7.542441929803223033e+00 -1.665871928198285445e+00 -7.906593318797581205e+00 -1.713496174805742456e+00 5.012530831914245866e+00 -3.845826991488094926e+00 -4.607110703217709435e+00 -3.995126145015143848e+00 -3.584128665395029500e+00 9.227158233821381117e+00 2.123520083972273653e+00 -9.630358592577650256e+00 -8.250503789481122396e+00 -5.533841744924609785e+00 2.947284341588236600e+00 -1.003502513640615490e+00 -6.637780196091432217e+00 -8.164560732072001059e+00 -1.356180259234404772e+00 7.365305598900647510e+00 8.003244846043095606e+00 6.084106844124907099e+00 7.953258969892626595e+00 2.310929442179386228e+00 9.383110912197842879e-01 -1.317177748519178238e-01 6.369333262871442969e+00 3.071122466181108734e-01 8.524853553420403074e+00 -2.412123381115631737e+00 -6.046376580129296130e+00 -5.596243896068793688e+00 3.450893510473260761e+00 2.957326036470313113e+00 8.500411604637641005e+00
-1.457579058526384586e+00 -1.218516835763281847e+00 2.403211142877985651e+00 -4.258130137867968124e+00 4.695270491390417078e+00 -2.727639971385860562e+00 2.256415905189907534e+00 1.948974722440262042e+00 8.675518869222482721e-01 -9.667132175785509318e+00 -9.792944352059240742e+00 1.832544046304320773e+00 5.173963667164262148e+00 5.244624994134488460e+00 2.989892186214369474e+00 -6.867583344019361213e+00 4.457231683091110312e+02 -8.583094082048408069e-01 -1.890279359322200037e+00 -1.246542177168031174e+00 -2.913531428202111861e+00 9.771495080169277259e+00 -5.275631010042221014e+00 -9.881211610747971719e+00 5.413547946825374879e+00 2.592147575729335074e+00 4.291960801556449212e-01 -2.842390266659078790e+00 3.146223366721120129e+00 -2.841870049129846976e+00 3.013074171400180745e+00 6.161554644869212893e+00 3.434801256562767691e+00 -6.802079366117677495e+00 1.029714072273957726e+00 5.406994296367832575e+00 2.887710146082136831e+00 8.700653481935315625e+00 2.895658114813466355e+00 -5.925299750240822227e+00 -8.239407327514054913e+00 -6.211414229500791251e+00 9.772080814713692831e+00 1.326109067788049600e+00 -4.378941558195872830e+00 7.331260190979609348e+00 1.085828669284154557e+00 5.745508887133738085e+00 -6.535877140013628406e-01 6.603316352890146845e+00 6.759902847728589848e+00 -4.633412560941676972e+00 -9.543031926320800551e+00 -4.255513595227935042e+00 4.781623120024999452e+00 -4.020315095746481049e+00 9.716831587739420684e-01 -7.108132119204519483e+00 -7.870767398792537506e-01 3.650225394170512061e-01 -4.604519542986420078e+00 5.931072754954811899e+00 3.108764812211015638e+00 -2.888385263634354772e+00 -1.534368021603665255e+00 4.737278402709581115e+00 -7.559944151519422562e+00 8.394956095677123642e+00 2.766702557348740044e+00 -8.130121612711000978e-01 -1.113278248757509914e-01 -9.528218369674181787e+00 2.832704671301799593e+00 1.709205551434759940e+00 5.356036173085353624e+00 -3.881151056722091930e+00 -9.216182512587877795e+00 -7.467053562298509028e+00 -9.930704146458539938e+00 6.333642977433171950e+00 -5.456306507974908016e+00 -2.706571971509623253e+00 2.869907413587348799e+00 3.069588089274205345e+00 6.018090951880701311e-01 1.306157555726576547e+00 2.468307074574466853e+00 -1.760727492243779224e+00 1.155013620576443856e-01 -1.417140333856682588e+00 9.941694029156447954e+00 6.804664480458701092e+00 -4.782061639285258181e+00 3.702198937151324643e+00 -4.555706738130458788e+00 1.933444198850487794e+00 -7.756273418682802401e+00 9.668586935336477950e+00 -9.182180827581923666e+00 -9.253344964497138392e+00
8.444720512365737619e-01 7.950908974891369496e+00 2.067170191226487930e+00 -1.793406044248516906e+00 1.768556529908620334e+00 8.264764863463035738e+00 4.005290224383681874e+00 7.878515547966934207e+00 8.221484730303274091e+00 -3.268379172018988754e+00 -9.166973306004180699e+00 -7.549880204488543356e+00 2.660608076513508280e+00 6.871534969435408868e+00 1.737616662996376959e+00 7.820192619250608601e+00 6.370122439777848200e+00 5.032466561235740414e+02 7.721392058666467051e+00 -1.536585790594813261e-01 2.994759811692215834e-01 -9.031785154964524054e+00 8.507690336968224187e+00 -2.329182181645823135e+00 3.681341097318718170e+00 7.348959752557462366e+00 -7.502918036195276308e+00 8.603079466639229622e-02 -5.606153219880667393e+00 -3.183958956811174801e+00 -4.671210409032688915e-01 -3.819170444457165026e+00 -3.922249832833912819e-01 -7.489153945411164415e+00 -3.691989872210516666e+00 2.047356455936252928e+00 6.234445088874860375e+00 -3.699062941826780637e+00 8.243706496199632028e+00 8.150410175503036925e+00 -1.594330360817693304e+00 -6.566834672785706317e+00 -8.377733936115694391e+00 2.816860404012704322e-01 -6.788483417117943119e+00 3.867736803328414297e+00 2.302634021481145155e+00 7.818470180047420115e+00 6.281500657888770434e+00 2.351807844225248800e-01 1.767067504164987923e+00 -2.785109432041343425e+00 -6.457932935023866783e+00 -6.352994637187576288e+00 -2.001265603877411259e+00 3.739975851014069264e+00 5.722316385919354431e+00 8.053736547520138345e-01 8.095537694970293074e+00 7.107230764123450228e+00 7.809718381135514420e+00 -1.402778601156644100e+00 4.997926212199567786e+00 -5.866641121306759743e+00 4.701021706566230307e+00 6.214602281704095788e+00 5.491304502748272753e+00 6.697024118872366927e+00 4.403866921370731546e+00 9.925395537376068944e+00 4.569975866696429634e+00 5.933233481437902412e+00 9.273845765613671688e+00 -9.987048399816359279e+00 7.031365379060812160e-01 6.693956639364454730e+00 -5.764717636117877575e+00 -2.538180224889989844e+00 -8.266632734545737549e+00 -3.523355194150125769e+00 -4.381516070592946122e+00 3.094125436214181235e+00 3.951220840302356763e+00 -9.103565601430915422e+00 8.702921138463398876e+00 -6.833201916950306654e+00 5.949809944038438658e+00 3.240980042998419464e+00 9.957654501200003949e+00 6.455672285487274564e+00 2.159178712680144940e+00 3.855597986273533451e-01 9.263585361381927896e+00 -4.048680957312615902e-01 3.762012704697038856e+00 -1.856720408667058564e+00 1.001923657021741576e+00 8.744189537718149552e+00 -9.223925188120103869e+00 6.195783179736679358e+00
-9.164677969204184649e-01 5.779879646943202331e+00 6.779302328063820937e+00 1.016114206578180301e+00 8.167669399115609963e+00 -1.557610056319125746e+00 -7.025226400429529505e+00 -9.514769086634572659e+00 -9.259913682695978920e+00 2.833630352445954514e+00 -3.858000140192709537e+00 -7.455396927124642303e-01 4.939446374448785093e+00 4.231107963898217861e+00 -7.051767969711550954e+00 -1.401949640329815949e+00 -5.315761297373118310e-01 -1.936037583260198147e+00 5.067650366509033120e+02 -3.980055258559653808e+00 5.314154190430389946e+00 2.728648037645820423e+00 5.527706618498278601e+00 -5.291756491989740852e+00 8.303979765825602044e+00 9.452180463245831277e+00 6.252116691226934364e-01 -9.521029756720974291e+00 -6.172506036968361087e+00 -6.804968677123836684e+00 -5.457640349903756238e+00 -9.535214554806987763e-01 -7.243058192708251575e+00 2.219644673749989749e+00 -1.246557802265481740e+00 2.794095653052536932e+00 6.123562074131893240e+00 -1.619727945185285733e+00 6.615528196568057240e+00 -4.328851758179837361e+00 -8.080006923281077391e+00 3.200288770523442849e+00 8.887545292396971774e+00 2.438406460706998402e+00 -1.276814399379153642e+00 2.937378913711544470e+00 8.352514306264009036e+00 6.637425844016505039e+00 -2.152843086768843506e+00 -3.048286653763412346e+00 -2.658259008641346455e+00 -5.310332749416126319e+00 -6.904801984444475238e+00 -2.051206569838095461e+00 9.148878374182945805e+00 4.925000791486535690e+00 7.719269031117391933e+00 -8.267365792700738680e+00 2.604949612428718808e+00 -6.275496028250840297e+00 -7.816967773135825581e-01 7.054334852042217108e+00 9.137002885050392820e+00 8.046352664313069170e+00 -4.671165854409943918e+00 7.543295138950036005e+00 9.275606953731823978e+00 7.588125354152751356e+00 1.431191580715625022e+00 8.956138016016602421e+00 2.365481632529993661e+00 5.903570852601212948e+00 8.292686696680000580e-01 6.164746358984633190e+00 2.202957887583327334e+00 3.461588599197982674e+00 6.071395676718751133e+00 -9.341718314193725448e+00 9.390241639060143086e+00 -6.131245484870917473e+00 -7.608552789563105989e+00 4.227456138710589784e+00 8.435416857415010128e+00 4.819197718148798160e+00 -5.630208414445720955e+00 -1.809712744733511514e+00 9.816074775560593935e+00 -2.946785996088310711e+00 2.259452299616430793e+00 2.283087902654150625e+00 2.156983904828727816e+00 5.093398148422782157e+00 5.981762149761333802e+00 7.621016756117743540e+00 2.034234080829032010e+00 -1.902586821594402622e+00 5.598221623923995693e+00 2.616686477970160851e+00 9.316558726421529713e+00 7.977329753307984106e+00
-1.593784467527331827e+00 3.677889129428635329e-01 -8.333699033216923624e+00 -3.282869530007586079e+00 -9.371411940419990927e+00 -2.705500552290267535e+00 -6.196530358515053294e+00 -5.946333819407916721e+00 6.066987122330353088e+00 4.093261169002859745e+00 -1.849136639042418651e+00 -5.431740182004210382e+00 8.350434254978946313e+00 -5.210519441460244039e+00 4.853413160775845725e+00 -5.612878866935915312e+00 -1.450522461308519695e+00 -4.607954334231512128e+00 -5.170034940138535262e+00 5.163224002865462126e+02 -5.220109115256105881e+00 -8.586279988269403418e+00 5.207600334826379296e+00 1.102254599508230015e+00 -2.996571106400400808e+00 -2.343770417398600259e+00 -8.597540255813767018e+00 9.410126175042783814e+00 5.475679510100910363e+00 -3.047063227733264767e+00 -3.184264619721092870e+00 -6.138112288873101008e+00 3.589541932306163474e+00 -6.374683454662490867e+00 -3.927453086158230633e+00 9.476520932329481894e+00 4.323978694212540219e+00 2.785026539978471050e+00 5.222857824878165189e+00 9.169397974681466224e+00 9.394286168893422939e+00 8.478483493351244960e+00 2.060344145026906659e+00 -9.021492525605339097e-01 3.068996166845931128e+00 -7.032382213991086317e+00 -3.759983869534339718e+00 4.748489465723109149e+00 -7.476655429478185511e+00 3.947157172192135022e+00 8.306124618484478361e+00 -7.309437906158575693e+00 1.629985250890870319e+00 -6.042680926238781502e+00 -6.240259404780788444e+00 1.976161942391456705e+00 9.808411171920990768e+00 -7.914929165799822641e+00 3.304264974084782480e+00 9.775367246602527871e+00 -1.076414066018756444e+00 3.799530389717091339e+00 2.274797012994490331e+00 -4.198482693756471207e+00 -3.585948930003761248e+00 -4.833198486976073127e+00 -2.081940714962691175e-01 6.876713624127589242e+00 -6.061409834970681310e+00 6.565881894119659279e+00 6.000850968202293245e+00 -7.154730311181389801e+00 -4.020537044664466819e+00 -6.619137257803934915e+00 3.037105145537859485e+00 3.281487321881680685e+00 -4.194041682979432473e+00 2.337456996166444867e-01 -4.835794959903960688e+00 9.901983632465405805e+00 9.883717978634965817e+00 -7.125773574560296808e+00 -5.248304646280033126e+00 8.718150570093030183e+00 -5.669659530582304541e+00 6.218187260675115624e+00 -6.413661214289176904e+00 -5.352575769242752912e+00 5.787028946081855807e+00 2.765125012339638033e+00 2.198802607460452307e+00 7.828219480497118354e-01 -4.092294753196572543e-01 -5.412724949632936600e+00 6.674316409675377315e+00 -4.719308299792461803e+00 -8.661701947570154658e+00 9.663506369982613364e+00 -3.462016588850778120e+00 -7.633659579938045781e+00
-8.599042939976463629e+00 -4.957134903017292871e+00 1.418589457458336867e+00 2.033356637580787663e-01 -1.635247645893951329e+00 -4.564484869523468547e+00 4.045842805249879603e+00 -3.284264239043153566e+00 8.410695237549973058e+00 -1.375432370499535040e+00 2.222375471159022453e+00 -6.824990227528440201e+00 3.193152861139969545e+00 6.646690048631406000e+00 -8.013763888006517178e+00 4.466805307030920602e+00 8.480723165828550236e+00 -3.134214027599268704e+00 -2.428235187090992397e+00 -9.623599031916711510e+00 4.884748077329663261e+02 -2.213522080926118463e+00 -7.867333848256972573e+00 -7.110644324495220658e+00 8.630051114637236509e+00 6.243945375756975835e+00 1.025528565865839070e+00 -9.145243405113136603e+00 -7.363765594925693492e+00 -7.482604470437699717e+00 6.260905950107993334e+00 1.422383604069672458e-01 -9.412314342758495656e+00 5.992285399832653070e-01 5.825430670262509381e+00 -2.183441785196952978e+00 9.726078185183371971e+00 -7.699806102269342034e-01 1.180473599626299830e+00 -8.376610004248114194e+00 -3.400465667051452812e+00 9.245470174202900182e+00 -4.435731858007234685e+00 -8.172666694033345891e+00 -3.159955242243492890e+00 1.462615328641021506e-01 -7.754961781504958296e+00 6.992339828154470638e+00 2.009534701886277475e-01 -3.637359685572841173e+00 5.139882215442018065e+00 9.378000351808832846e+00 5.108870638087150695e+00 -7.382572256786108511e+00 -7.819679440793764869e+00 2.857285132792400262e+00 4.157142177359778756e+00 -9.745566041706707594e+00 -4.032614755972439013e+00 3.698762490694040395e+00 -7.096215355467842656e+00 5.738364896168286933e+00 1.332569665927579194e+00 -3.425890815148378010e-01 -5.774816611164617086e+00 -3.047795702324343381e+00 -2.173425825358710206e+00 -9.525304970094509827e+00 -1.738914302984458260e+00 6.171055470711909408e+00 8.222105646340558849e+00 8.187989791202070933e+00 5.559622637494214814e-01 4.560978866600397197e+00 1.173536072420038323e+00 -9.804578029306011189e+00 -6.114737041268334394e+00 -5.199981817318148458e+00 -1.708465258930317532e+00 3.869662037827282575e+00 -1.717288476257188279e-01 9.590269166234222098e-01 8.282410959738889744e+00 3.456104244518783730e+00 1.779207448284171988e+00 -3.635389691370971121e+00 1.120052778585090891e+00 -4.101790180771840433e+00 -5.375407435453398719e+00 -1.084193018627484406e+00 5.669175976525087535e+00 1.289525439568317111e+00 -9.678414441816428848e+00 -1.953416555637799590e+00 -8.433192186270455082e+00 -7.450485013561483072e+00 6.428189499915220040e+00 8.467120289808171663e+00 8.028678102122604798e+00 -3.395239972514314530e+00
-6.570665889904510060e+00 -6.868329779592070139e+00 -9.680825003410033602e+00 -9.139545420576284940e+00 1.141114846435256069e+00 5.211772343713462874e+00 -1.041976275152183717e+00 -6.398771312646427845e+00 -5.355821916690699069e+00 -4.711881834689446436e-01 -3.691036346670591328e+00 9.117491259480821952e+00 6.764771620240090044e+00 5.515998629034889689e+00 5.880534599546034968e+00 -5.044643277106253265e+00 5.092721531185507189e+00 -6.535890826207850779e+00 -4.646034549851279394e+00 -1.700584400397069373e+00 -6.542241178089218678e+00 5.312381440695172614e+02 7.488912746093049577e+00 -2.799068247344687066e+00 -3.856990299603557659e+00 -4.743576315282680866e+00 -7.962748520861042678e+00 5.657344934602237529e+00 -9.264066355365173422e+00 3.150236974743695129e+00 5.442323324773390425e-02 -1.106158978390254788e-01 8.198294067257375417e+00 4.287440883932486457e+00 1.721265210233493548e+00 -9.196080446170888933e-01 9.614585687134173497e+00 3.877681664137577755e+00 7.149114935494772283e+00 -9.535667342214855680e+00 -3.117645043743393352e+00 -7.418578548360561520e+00 -1.944917279561602541e+00 7.450931204991078971e+00 4.976423788354736644e+00 4.405315274578676110e+00 8.784934028089526947e+00 -9.400746033096998744e+00 9.862454502230928455e+00 1.223198285923487560e+00 1.954388025044302424e-01 -9.755097106978167787e+00 -6.484675304388844985e+00 -6.377076708602955613e+00 -1.864857606072753526e+00 -7.672952494273213020e+00 5.831675204217363628e+00 -1.355325956920426123e+00 4.814283033718140814e-01 8.213929916335519721e+00 -3.981035694740913122e+00 3.995099606157905825e+00 8.716228057874410240e+00 3.451092695593143134e+00 8.142646551099097962e+00 -9.848120057343026090e+00 5.494002777197104948e+00 7.149460814425204092e+00 -3.828765172497932134e+00 3.432127523346895970e+00 -5.088069958023404560e+00 -4.664425377762757563e+00 -8.851872367347880299e+00 8.171133079129393906e+00 6.235823262274198697e+00 1.795659685737451383e+00 -6.509020771767359825e+00 -4.423652473067035018e+00 -9.700837937606543449e+00 -4.332620761919832475e+00 3.611066510342029190e+00 -5.640333902295928681e-01 1.450663980248556584e-02 -7.482929187459355092e-01 -3.672116125133586095e+00 7.389146172739636143e+00 5.172076548500699644e+00 -8.510293030237344070e+00 -4.578844342702548253e+00 -8.429654601842733186e+00 -7.367702954331793563e+00 -3.494539062632338045e+00 3.748899517294269401e+00 -7.040575617936902120e+00 1.816335126168384662e+00 -8.679490780127771643e+00 6.015131556830983328e+00 8.669644829560084531e+00 3.267607680560026040e+00 -3.952709608922988949e+00
-1.864209205897482846e+00 9.289802015918130706e+00 3.635292256159381452e-01 2.937376793648633466e+00 -7.089751011878810516e+00 9.097034202292341831e+00 1.705713923807806509e+00 -1.745998710067716786e+00 6.296737010118761191e+00 -3.298872062484323742e+00 -3.705186358405974545e+00 -7.699819623101333832e-01 -8.958958350467105092e+00 -3.639310375036202139e+00 -5.273536946993983676e+00 2.902752323024271774e+00 -5.429461276981182749e+00 1.515324624604071246e+00 5.137904117188835329e+00 7.095465984812811655e+00 -9.942948380600530101e+00 -1.626847152495059845e+00 5.017438427671420982e+02 2.602567062053775970e+00 3.146123470965502378e+00 -4.724723549251732990e+00 -6.230506887319025466e+00 3.499611628908141370e+00 -9.403333557345066041e+00 -2.469876740972218876e+00 -2.160206640758608465e+00 -3.041490628688025666e+00 -8.856534005568491352e+00 -2.804870415389116189e+00 4.434921146474625431e+00 9.639718296717401103e+00 5.504571058902918423e+00 -8.725132787054594274e+00 -7.261854090440373888e+00 -6.803825673013054853e+00 2.244378082297338040e-02 -1.961955925363580988e+00 -3.143635972064333650e+00 -5.291607058142808739e+00 -5.036068325478478158e+00 -2.260640883684006397e+00 -1.906846589192648267e+00 -7.298686006150454375e-01 6.736824568406277081e+00 -9.795969003471318715e+00 -9.501415155681165459e-01 -9.324832731041489353e+00 2.424108927031126015e+00 -9.232072711183644032e+00 -3.591891074296400532e+00 -7.280684316371022646e+00 -9.743131788617835909e+00 -1.322916482864137322e+00 8.392003811635873944e+00 -5.649052589434282012e+00 4.603765805838978764e+00 -8.797163262751439561e+00 6.373039436305880656e-01 3.763625757336704680e+00 -1.278873325946516815e+00 7.073944239269316370e+00 3.018001622267096451e+00 7.141944572867494401e+00 9.809276522420599775e+00 -5.497683211340871345e+00 9.663102535306478558e+00 3.767722742421106830e+00 -3.429389154112161719e+00 7.293949448588126216e-01 4.038453308588611179e+00 7.129431353167536400e+00 4.738334498386844729e+00 -4.396368678591356272e+00 4.572702230680064872e+00 -8.601730076319613616e+00 4.188291693216267930e+00 -7.126762422973267341e+00 -1.284730924515182338e+00 -6.568745947912770333e+00 -8.667347038840652829e+00 -7.270630508075122123e+00 7.675885061098252748e+00 -6.542110193045493460e+00 1.049178318662072229e+00 -9.277553111004284148e+00 -1.204833438637432863e+00 8.719950532102096474e+00 9.324491004354378276e-01 -7.634804890696860191e+00 -2.133619401598341625e+00 -1.708021330038825170e+00 -3.369104153050061612e+00 9.920431102609914120e+00 5.045390390559202132e+00 3.759092117584408754e+00
2.631612488373614056e+00 -8.392070038740527593e+00 3.057084355427972966e+00 5.247865101352214623e+00 -3.012262168769222370e+00 -8.462690098645023085e+00 4.767012312334319546e+00 -8.942941463833935956e+00 -2.640009773889850919e-02 -2.208416358880191943e+00 -8.786685315788179906e+00 4.966975382989060606e+00 -8.492579712136196335e+00 5.369580644682784509e+00 -3.415848307913467607e+00 9.803148834214077567e+00 6.209401228206907319e+00 -1.428800485950569410e+00 9.692906597210981801e+00 2.396054058068921577e+00 -2.861828496102263308e+00 2.479129728025723622e+00 2.048578085314680663e+00 4.767056819128204666e+02 -3.831371574098914046e+00 1.816783293683716494e+00 -3.537993634966845491e+00 6.316168468042594242e+00 -8.892399647217807512e+00 -6.120489945169258483e+00 1.001486582650716883e-01 -6.879777901646859206e+00 -7.229003593233040981e+00 6.514563551143396580e+00 1.084187981425017711e-01 -8.076068810240657925e+00 3.337491274462756508e+00 -7.804104904427777711e-01 -1.311627490483449066e+00 -7.720151654008047259e+00 3.806789283655742651e-01 -1.680000242527572851e+00 2.448206625750374954e+00 4.415294321415466072e-01 -6.504795025470169634e+00 2.041554385795958382e+00 3.284185503898379821e+00 5.810250577822714035e+00 3.593729850698519357e-01 2.885709982964879572e+00 1.016322759105680262e+00 4.143955223699972379e+00 -4.599281908746539749e+00 8.127627403046741250e+00 -6.944804918737905730e+00 -1.846937319802872679e+00 -8.605453391104436633e+00 -5.232947768929236965e+00 5.653935434352437284e+00 8.086621444294511463e+00 -9.317833562700933214e+00 9.274292695715114832e+00 6.893794050482629387e+00 2.021994606215001156e+00 7.887989125141249502e+00 -1.776896615171750682e+00 6.647090735481508972e+00 -2.414921797483319921e+00 5.086762054578539249e+00 -5.800783039795898155e+00 5.105621743089901798e+00 -6.169649070817593284e+00 4.798256224530337732e+00 8.015636204224541927e+00 8.198767694151534613e+00 1.373356101519934924e+00 -5.107433035849890501e+00 -5.613470963451476337e+00 -9.962260822418635087e+00 -2.922706546566244512e+00 3.270771366124620272e+00 6.141850163280345498e+00 -4.746574122267006146e+00 -5.207764172342963960e+00 -8.531855017400488350e+00 -3.702184646136215562e+00 4.398926652113726021e-01 2.511909536729824310e+00 3.956370366267389471e+00 -7.951577937238161198e+00 -2.537220439636533875e+00 4.343409652618452910e+00 -5.208784592880060238e+00 4.754064610975563099e+00 6.452273545290047707e+00 1.355891280556445366e+00 6.110906383910936768e-01 7.562424205135599209e+00 1.884324219562429903e+00 -4.834095966796696509e+00
9.530219130714463915e+00 -4.009535820416942897e-02 9.608846488487277071e-01 8.362261325256071132e+00 9.711411160140084320e+00 -8.360923200402403666e-01 -8.634709434501115055e+00 2.518395502615216941e+00 5.383913659473748226e+00 9.793581134677221911e+00 5.956380654178516920e-01 -4.736207154945264008e+00 -2.345031334372915666e-01 -5.182146246189153871e+00 9.110038018369291279e+00 3.695487378953005830e+00 -5.527965788431508543e+00 2.076538001055542537e+00 -9.884367175923685522e+00 8.116802305543227902e+00 3.197762188426873209e+00 -1.145330861001063738e-01 9.264902757223119067e-01 -8.236877064665062420e+00 4.483419572653979799e+02 8.899556379862094246e+00 -8.637338750821204059e-01 5.808345738989881823e+00 -6.896551622720341612e+00 -8.539834352403943285e-01 4.120477328826577690e+00 -4.801477575010681953e+00 1.361137370208304276e+00 -7.957338624863529830e+00 7.651325650602426975e+00 -8.220226826344777749e+00 6.814617690351049362e+00 8.857822369101306492e+00 4.955912205405532234e+00 -6.736499065243632955e+00 -2.866728731539116559e+00 -5.288559102479557517e+00 -2.954082513876670646e+00 9.776401321029666747e+00 8.205382054372179823e+00 -6.710866377302842523e+00 3.755426504292636025e+00 7.985988704980702124e-01 4.460347776018927846e+00 -7.960126790634625138e-02 -6.795367560254286232e+00 1.887086745716004543e-01 2.825152456866408812e-01 4.791505852372374363e+00 1.254481365540778270e+00 2.827284243772876238e+00 -6.445790699625679743e+00 4.501375989095723895e-01 -5.017672960760524603e+00 6.015768223175719243e-01 -4.935051923705618293e+00 -9.615763637042995526e-01 -1.917082845544298308e+00 -4.254756400944970096e-01 2.678216329489654157e+00 -5.571764224322118153e+00 -3.164231938984213954e+00 4.022542666556120139e+00 9.236447551727849259e+00 -7.593987511744078489e+00 -9.895894537004963354e-01 -3.958909174013074406e+00 9.267035733897387217e+00 1.776740755352763657e+00 3.266590345326497058e+00 -6.572612910434926903e+00 -8.100302959675651948e+00 -8.937193947658734317e+00 -4.940831220810171232e+00 2.992147777266932707e+00 4.703047694246336619e+00 -2.823726554157524049e-02 7.966100809862243892e+00 -9.033056593373878229e-01 2.476079374640887565e+00 9.871898992068565803e+00 1.670151291588727105e+00 -3.921242484186489463e+00 -4.869599463307889842e+00 8.718972383386265790e+00 -3.683784233725262425e+00 -3.694741897824258103e+00 1.368536365073378391e+00 -8.589214642715583992e+00 2.003731908438854958e-01 -1.872195789193662918e+00 2.622981607729403919e+00 -6.119221216295606780e+00 2.512178421079909185e+00 -1.415405793556592684e+00
3.358569424771705059e+00 -5.307108469344776758e+00 -3.376913781565146877e+00 7.909793345401407549e+00 -5.835238228783090619e+00 -5.149783812027322050e+00 -6.204093591711108857e+00 7.056816691709332900e+00 2.975862637764377538e+00 4.191549989683089450e+00 5.047009927943397756e+00 -4.056875739655872337e+00 7.580302450416521509e+00 1.142279978158784459e+00 5.103056545274991862e+00 2.179316128184163759e+00 -8.836686569025156146e+00 2.180128356188406613e+00 -8.311204317190050261e+00 9.991665739696099280e+00 -4.966566422977589212e+00 -6.302412108765318877e+00 -2.969090770726512396e+00 6.886639850789656236e+00 7.950164654997550429e+00 5.395608630547961866e+02 9.098936858415946460e+00 -1.400035032310814387e+00 -1.268857130312643022e+00 -2.519655459308047796e-01 4.738889164031409251e+00 5.663563261108173208e+00 -6.415999538635894339e+00 -2.182675444573821011e+00 4.537416186310270660e+00 1.923671585307346277e+00 7.532690498536524615e+00 -6.594274779693460431e+00 7.219358351811024477e+00 -6.118805380157947837e-01 3.496140127699863598e+00 4.854565943582612064e+00 -8.753431074383984267e+00 8.301352967100683600e+00 4.430741041747698006e+00 3.936982980616335226e+00 1.502799692727116110e+00 -8.290205051534670133e+00 -3.870908657251419527e-01 6.911911236981119089e+00 -4.961906063252694565e+00 4.771348461593149182e+00 9.852592012228448937e+00 2.763116118433458723e+00 -9.557314884015784884e+00 -1.640853976418878091e+00 -3.129584174820436715e+00 -4.693860121275356789e+00 -7.222317872469547595e+00 8.444230380386610335e+00 3.391753969829480297e+00 8.718113044661738087e+00 3.926432908182594161e+00 -3.989794587492871969e+00 2.721276064895210567e-01 -9.329293247312840265e+00 -9.172758317740470346e+00 -8.728710118264977780e+00 -3.129058548493595104e+00 -9.820668981116009277e+00 -8.778208970783040854e+00 -7.162531355414120782e+00 -9.879031984275972178e+00 -7.205722524755559633e+00 -1.241787958943927350e+00 3.004567308977057039e+00 -8.275896386633439406e+00 -2.735506894276886314e+00 9.318836152723971367e+00 6.907266710243021635e+00 -3.605500392447513747e+00 -6.731200028080657205e-01 -8.113026382446282270e-01 3.476393257194288822e+00 3.687854333990594924e+00 4.520604618006236919e+00 9.628276894995792645e+00 -4.793555777054012701e+00 -8.755639981153562346e+00 -8.517755136438200481e+00 8.734057775993534278e+00 -8.730129230566136656e+00 -5.019305119254839909e+00 -1.086894580127541587e+00 5.404655739511559531e+00 4.235284107443975543e+00 3.888877409396137352e+00 2.618249814629010075e+00 6.413901292846549751e+00 8.665188053751823105e+00
-3.296199290788752734e-01 -8.068075149962151471e+00 -9.856750465637915681e-01 -4.883924210949908584e+00 9.685566123075265210e+00 3.949163849155329586e+00 -6.463520523674985974e+00 4.032918618923183374e+00 2.370290727215065729e+00 -2.496696707888299116e+00 1.043568684399325264e-01 -2.339129700809112755e+00 7.086709699089144721e+00 -2.861593391563239663e-01 6.941620140063090361e+00 9.373519581371109410e+00 8.845088882589628554e+00 6.058796391604719389e+00 -3.025766332112464596e+00 4.626200846032027414e+00 -6.306996967378541541e+00 6.473303991261136758e+00 -4.692217348288794554e+00 3.555791191044397337e+00 -6.912322131414820880e+00 -3.450296775920129733e-01 5.164455620980676258e+02 3.381041132483883160e+00 4.918483519418384020e+00 1.972024813946617883e+00 -2.442450180873628085e+00 -8.221133622689722031e+00 -6.086842926717894287e+00 8.435760783338359659e-01 -2.177488149880901780e+00 -6.915908252781155952e+00 1.051306381063909612e+00 -5.794789244425826880e+00 -2.849262418580938316e+00 9.334269533135866936e+00 -1.384636385818076576e+00 -4.761291345328078073e+00 -1.625449639307596783e-02 -7.436866078811352310e+00 9.629617894062199923e+00 -5.602204633716181270e+00 -7.129931404613135015e+00 -6.341579499011711363e-01 -2.994617263540217955e+00 -7.910974479391510883e+00 3.895626049164309990e+00 3.713257973253480060e+00 2.557078695374100263e+00 3.074176459455523869e+00 -9.131321946937998035e+00 7.839865022249156823e+00 1.916650001609577103e+00 5.309617106530073016e+00 4.071725676184058784e+00 -1.551582556595727524e+00 7.825222420684060154e+00 5.751588657447898711e+00 -8.397567202386259311e+00 1.609640552214436582e+00 3.074164766266221704e+00 7.613981714204520301e+00 -3.139137020405151191e+00 4.051491629930751515e+00 -9.247226300152149747e+00 -7.264276608267261182e+00 7.809251618271431994e+00 1.569132412513827290e+00 -9.366342346719276790e+00 -9.981033089601611508e+00 -8.923948887068881675e+00 9.654718666490225587e+00 6.405377739033284001e+00 9.169403389709994912e+00 4.415495695587583924e+00 2.068243669546003360e+00 9.676433532812211524e+00 -8.231599240703278753e+00 8.697426449547009497e+00 5.337773652260901613e+00 3.485212700283478071e+00 9.168200646177911750e+00 -1.849502445324226585e+00 -7.639741437307234762e+00 9.419457944980162978e-01 -8.309238323025018857e+00 3.804209234606004131e+00 -5.763325801243588842e+00 -7.575163680024679103e+00 9.070921448465227854e-01 4.261486420517726970e+00 -8.664125165965714359e+00 -5.885125245954013096e+00 4.473854194406170492e+00 -5.661565837466755013e+00 -9.637201100095403206e+00
-2.310153181798046518e+00 5.443052574895883566e+00 -3.895317560803530199e+00 -3.879883890460007478e-01 9.773944208553910329e+00 -2.071197712198939556e+00 -1.175080641662729519e+00 -8.151137011243401176e+00 3.759439811656047681e+00 6.234598790681445735e+00 6.609241167621540569e+00 7.928280550900169033e+00 9.847224572374003060e+00 6.246794834203605262e+00 -8.266011361226002663e+00 2.864549365943936721e+00 -4.641652932500896611e+00 -5.219959887855603498e+00 -8.524743441753217965e+00 3.890628113383158393e+00 -4.687449570088162432e-01 8.416394913122037025e+00 -5.037894825626878514e-01 -9.468228199878829798e+00 -7.705012195139713249e+00 -6.749219167992219326e+00 -1.136915674964793510e+00 5.241719628842108705e+02 -4.987078859085691818e+00 3.973470995991498000e+00 2.698728288726176316e+00 -4.196664261573063825e+00 8.578354520161767027e+00 -2.014164213933096192e+00 -2.159528007003366668e+00 -8.305325175678246907e+00 3.660623598765708309e+00 3.607656185473256727e+00 -3.363482834534947230e+00 -2.411199126512098445e+00 8.711866116076507183e+00 -4.775938957762811299e+00 -4.664640019260188453e+00 -3.109999623476815245e+00 1.032070447414316305e+00 7.483857517536321780e+00 -9.042718899124704279e+00 -4.998236710093291180e+00 -2.234239257574852644e+00 -7.913638020182887090e+00 -9.846669056971112610e+00 9.821150324096553419e+00 -4.695221169948878170e+00 2.452737083250495331e+00 -9.739080509215424897e+00 5.972775739390865368e+00 -9.063532744466121116e+00 2.208845053943580439e+00 5.366973861579182881e+00 3.279006506198642867e+00 -6.007424270047392767e+00 -8.300391353317868592e+00 5.246136962663292991e+00 -1.789935311287635500e+00 -4.493856073954127339e+00 -4.304614412613538832e-02 8.121050294956695836e+00 -9.134904123327181935e+00 4.735544591843217077e+00 1.106462297848038290e+00 9.591418077079641336e+00 -9.750059822209259153e+00 -8.909529170885395644e+00 -7.744811388486070314e-01 -3.200229492497914663e+00 7.621611727818027759e+00 -6.153434811974671348e+00 4.968002958121894963e+00 -7.826038985416627902e+00 9.222171017005912574e+00 -4.653857340219673233e+00 5.227891045622568456e+00 5.665390294247105274e+00 9.129775808029293671e+00 -4.476488814468169153e+00 1.874272635865146697e+00 4.768596013133254985e+00 3.828565530763599511e+00 -5.050876570950211253e+00 7.302935413167517709e+00 -4.816974489121797376e+00 -1.224019698302779346e+00 3.014598916183386379e+00 2.160207911715435358e+00 8.474889610234018988e+00 9.110953522157508644e+00 -2.625519524858834330e+00 5.667576595905504888e+00 -1.364123848008562234e+00 -4.256007049595345038e+00
5.548727916228710200e+00 6.359202883178642907e-01 -1.352748687446796438e+00 8.540303567637735682e+00 1.114215934704061439e+00 8.445373416058128413e+00 9.927529018931977589e+00 1.957104012820764183e+00 -6.283574491448192134e+00 -5.369807078804176292e+00 4.141230750942533234e+00 -4.154926760771983751e+00 -9.055850422728273230e-01 5.441600957086389911e-01 -1.456633462713735838e+00 -3.335706928772596669e+00 -7.233402148132180187e+00 -7.890604012179183613e+00 -2.658499323369500900e-01 4.505471975077666613e+00 -8.861292801081365411e+00 -9.404747606135170912e-01 7.938410651207281177e+00 9.245014747679181966e+00 -5.054262825164532735e+00 -1.087603123675302541e+00 7.136240331190599306e+00 -9.336958463808556985e+00 4.952557660592757429e+02 8.184950021373005313e-01 -4.635696779448707616e+00 5.009910814390448053e+00 -8.514257397639365621e+00 7.877380576596092254e+00 5.521604234329211991e+00 -8.280681794577734678e+00 4.507234163753128797e+00 1.760726859069446704e+00 -2.393632406639936150e+00 -9.935159191089550035e+00 5.168372939934505084e+00 -9.976865521184974384e+00 -9.246440305888064870e+00 -3.481107259635587425e+00 7.756178987586661577e+00 8.925245733611451016e+00 3.535891572742595912e+00 3.701029282861043157e+00 3.567950637481287046e+00 -5.568784484195356654e+00 1.593613789305884154e+00 1.138624039863531223e+00 -3.352808620046734411e+00 -5.845579851819959316e+00 9.689416944812300869e+00 8.907324522163609259e+00 -9.402433160188230943e+00 6.703390403348539195e+00 8.778781986569622831e+00 9.475714746074867634e+00 -5.467530158774991378e-02 9.137544289737725478e+00 3.164930538789114678e-01 -7.893004641154888645e+00 -4.339371492497743787e+00 3.291716026069334333e+00 4.967522602549195199e+00 -9.939428112955228656e+00 -7.258857232363819634e+00 4.309137062553901387e+00 6.287400460159062732e-01 -1.374894641343889390e+00 1.183511505888471760e+00 -2.339458764186237438e+00 -3.608792014962323158e+00 -2.170367811170281769e+00 -6.941353486588188737e+00 4.386271617154100966e+00 -1.469406587890597748e+00 -7.780434117674568384e+00 4.054169171297104413e+00 6.334116297325870448e+00 -1.809818096102270957e+00 -2.107544537806385065e+00 2.820001487758361236e-01 5.191262146627151353e+00 -4.135395484387207610e+00 6.976143910272195825e+00 -7.078079002860667046e+00 2.092586125822906595e+00 -4.758313122562006114e+00 7.407582895924292643e+00 3.686594301124531015e+00 -3.780852790031390853e+00 -8.308007261052988923e+00 5.493539428375546763e+00 5.597771812542198688e+00 -1.323028066293456817e+00 -1.038091739942677449e+00 5.309374676758501721e+00
7.762496155806925202e+00 7.729223619107344234e+00 8.622968144314210548e+00 7.805085399450440775e+00 -1.622239227951734364e+00 -7.400301100094157647e-01 4.424229307461907013e+00 8.764036754882269520e-01 -8.824593997983424032e+00 2.005892007146595546e+00 -5.520833615751472578e+00 -6.379986390457150769e+00 -8.691955987506755577e+00 2.239575014219472138e+00 4.305076481688265844e+00 8.529915338513557543e+00 -8.552856372847088551e+00 -7.047215583014480700e+00 -8.108904257733547283e+00 -1.393218707918958188e+00 -2.536491062703478683e+00 7.511365968091684664e+00 -2.861768765949543436e+00 7.880832949240328844e+00 -5.454947885048817113e+00 -9.708577473868727381e+00 3.106220413851467299e+00 1.361507010719279265e+00 -5.729401832512497350e+00 4.751319551398486283e+02 -4.882851945429333540e+00 -6.481788883658108347e+00 2.272930487762113927e+00 -8.713041323189742116e+00 -8.046085423857984864e-01 2.209936681717012519e+00 -3.685082824875496321e+00 -2.576981977117911882e+00 1.094177571087566747e-01 -7.396563154191870382e+00 -4.700662743106343022e+00 -4.966174149161465934e+00 3.590555388542192361e+00 -9.138130580411349513e+00 -3.272288871657287324e+00 -6.515125781149164297e+00 4.208039635776660958e+00 5.292427075636860323e+00 3.245904240028263388e-01 7.626328898863821593e+00 7.017392190477156788e+00 9.207719188865951310e+00 1.933980266308271467e+00 -1.337628097711323960e+00 -4.638912557305681084e+00 6.607434378287681653e+00 -1.587439057185697777e+00 -1.400599948141739048e+00 -7.199747297036271476e+00 1.118471788436089298e+00 6.534117771271326092e+00 8.729938257000547708e+00 -4.504938878616330911e+00 -6.818904364635985260e+00 -2.068999910693534616e+00 1.539664988301916893e+00 -3.511168452098125670e+00 2.774969703415104405e+00 2.044132858351678905e+00 -6.076247895437525415e+00 5.807623546340501264e-01 9.442938593105825618e+00 -2.735636906780816169e+00 -3.304956111169261135e+00 8.502317184715799669e-01 8.658870626552463534e+00 -6.610138492288404777e+00 -2.585814306361040593e-01 5.901584944031132096e+00 -1.858040979627462619e+00 -9.899611317842007097e+00 8.013374790754866694e+00 2.033105690347875694e+00 -1.498985298149726475e+00 -4.736077864896097722e+00 1.994356799902925914e+00 -4.801667194210481604e+00 1.031469863771555140e+00 -1.028204546123124175e+00 -9.736266666959739524e+00 -1.134258598841970667e+00 -5.329705476094672711e+00 -7.964702238969112003e+00 5.458541373588683854e+00 -8.960195701617783115e+00 -1.164407439473185590e+00 -2.833793348585425420e+00 -5.512557934391999481e-01 -5.252292798480051594e+00 9.107818611636201211e+00
-7.970622309808983452e+00 -1.292088927583975533e+00 7.697387411443433081e+00 1.762221601018989503e+00 5.264141127973056555e+00 -4.161912435404144794e+00 -6.325134255153490592e+00 -1.139136896901451479e+00 3.366588795904682740e+00 4.580697141369984848e+00 5.586695613203705335e+00 -5.662409830897614071e+00 6.490866762938388490e+00 -6.806246226061778870e+00 6.753995235069591985e-01 4.294059751822004500e+00 2.723881262818345306e+00 -9.296775091278714598e+00 9.116219345734482005e-01 5.220558434370445866e+00 -9.243207070002057435e-02 -3.714703257176470430e-01 -2.119519897436699551e+00 -2.854812474041958481e+00 1.475061676944097400e+00 -9.954479536167493592e+00 -1.397034469776929910e+00 -4.922280547904829717e+00 -5.452577493742804648e+00 -7.749557940876194984e+00 4.900309511372968814e+02 6.547771685372509864e-01 -5.647957159339358491e+00 8.397587877498292386e+00 5.351600528211868379e-01 -4.698760837373841426e+00 -5.616716498939331004e+00 -9.476406290845027058e+00 2.508581315454579297e+00 -8.252898646744403877e+00 7.926213673779162860e+00 6.332545445389133221e+00 7.760222549499037115e+00 7.451911892658738878e+00 3.288807743180733212e+00 -5.300262214300808239e-01 5.153445675796071157e+00 8.744223795263746268e+00 7.619623377546560050e+00 -2.401569602213071697e+00 -5.912834748868749379e+00 8.533331734892598774e+00 9.976013196603194189e+00 6.824246718042672910e+00 9.792476627455720006e+00 3.720849905986934658e+00 -3.220843422511244114e+00 2.919232439865172779e+00 -7.204725580794484330e-01 -2.429738517594781655e+00 9.259746008992340904e+00 -1.821384267229390730e+00 4.955243937104928165e+00 6.033030130751612319e+00 8.334125474484878282e+00 -2.506306109877732169e+00 -6.752658283573406806e+00 -1.431266772692961098e+00 9.944784611563914467e+00 -6.600508502047368609e-01 -7.820989466531942824e+00 -9.394184272761041399e-01 3.561679167298017035e+00 2.372694904214716516e+00 -6.217195758154718810e+00 9.118141313593010722e+00 4.816803944620708933e+00 1.225775054564826050e+00 -1.835891361299532676e+00 -9.316697914925333279e+00 -6.226962069663914967e+00 7.862024298702927183e+00 -1.546783862426146072e+00 -8.088084488486998680e+00 2.985095627063643065e-01 7.620192846191436331e+00 7.910379146296932618e+00 -3.667329943243533563e+00 -5.403573388747338058e+00 -5.422143013276996548e+00 -2.434698635954584134e+00 -4.954353898519663346e-01 -8.343968236070416822e+00 7.123352885475327412e+00 -6.807187716686957657e-01 7.921331755445329748e+00 -4.802982662647695022e+00 8.076236766374499609e+00 8.648665647580855875e+00 6.005875116631980148e-01
8.485218468571154915e+00 1.508002879040903466e+00 2.668654898981930756e+00 -5.831919801869799969e+00 4.517939922508842798e+00 -5.288219896196229008e+00 -5.434182922256649562e+00 7.089567720165579345e-01 -6.419033577505723898e+00 5.332067141400642640e+00 4.039415859585364643e-01 5.466191753319362689e+00 -4.349119995138930328e+00 -5.993018418351088172e+00 -3.006820232775218038e+00 9.267955617611104202e+00 -1.610434084077869699e+00 9.525584602291615965e+00 -7.367899902594807315e+00 2.546861852297295670e+00 -8.470134098956643598e+00 4.050101904392809260e+00 -2.216522441528210763e+00 -7.867598451201962106e+00 -8.666359079826602141e+00 -8.409333500151195295e+00 -4.684592564486147026e+00 7.793571672437447972e+00 -9.256468886609344082e+00 -5.328054957907133016e+00 -1.281001544523629576e+00 4.922079548085239935e+02 -4.760168685028043356e+00 5.714050327405216123e+00 -1.012965604314384649e+00 -4.334116386144710731e-01 -1.539605736162171112e+00 8.481691263681550907e+00 8.689560043969759562e+00 -7.987945410835495252e+00 5.330465268572785575e+00 -7.898761480757889863e+00 3.327093658584278302e+00 9.675452741902365261e+00 -1.264489819940965987e-01 2.440697483713030635e+00 -5.741270376339855375e-01 -7.542972831972944547e+00 5.721697006887476178e+00 3.487363703271132209e+00 -8.356852306872657010e+00 8.809205516946757797e+00 6.410025282616366837e+00 8.138026340646462131e+00 9.743338524245540810e+00 -2.653606259188903138e+00 -6.581954462311192522e+00 -7.125045074750957497e-01 8.856459591657785069e+00 4.915969718441363767e+00 -5.439913258148935782e+00 1.019526654175429314e+00 -2.764051962022264775e+00 -4.324587453577741769e-01 9.472584588792994253e+00 -8.141545016592825590e+00 5.738905647599775506e+00 5.108915906565769660e-01 3.635414977141708803e+00 -4.918449243570912621e+00 -3.371696884226242474e+00 -5.567354870878484796e+00 6.357709644953953187e+00 2.927708885749176204e-01 -9.663468288618361157e+00 5.447692659196647469e+00 6.438212117039427085e+00 2.648012324646877858e-01 -7.513611536940087987e+00 -4.019816363728201836e+00 9.760403625297229269e+00 4.023862621878746992e+00 4.860119864911148113e+00 1.351458831543297379e+00 -5.094991305232088763e+00 -1.991252911000691128e+00 3.976690575047808096e+00 -8.495478393034350262e-01 9.044709379731166621e+00 2.123784152883168019e-01 2.067823942915286040e+00 3.521758397748804725e+00 7.622247832301983550e+00 -1.496202902302457005e-01 4.179599222547356163e+00 -9.981273508506722791e+00 1.517757144921237256e+00 -2.356540275287382080e+00 5.015824282061597472e+00 4.526571309078164518e-01
-6.725888703380713096e+00 -4.328681404920304843e+00 4.082975103212023171e+00 6.134969055503869839e+00 8.310880451662011836e+00 2.598637056348447771e+00 -2.791420405669460258e+00 -7.949267902355714455e-01 3.190825084077715701e+00 -2.175581606074715069e+00 2.211982850051333216e+00 -2.474213952690966778e-01 2.131274540355319047e+00 -2.587571663874004280e+00 6.767947463666338592e+00 3.810731674932812396e+00 2.772775211068857715e+00 6.886371683895461615e+00 4.202270048095806843e+00 4.790340021779293522e-01 -4.233281150419722749e+00 5.775098746319603293e+00 9.812553041261299569e+00 8.448763133266428582e+00 2.567851762457600273e-01 6.891631549740985463e+00 9.610381092250985802e+00 8.123335243102129510e+00 9.828349696169990324e+00 -8.903819189879875751e-01 6.275698631884832679e+00 -4.598104155617281918e-01 4.898770292166796025e+02 -4.766400079707788784e+00 -7.306275645400193142e+00 4.940983931932425577e+00 -2.115349173261300564e+00 -7.842614478185085503e+00 -6.018075226577384029e+00 9.811015593200714591e+00 9.672501130247148637e-01 8.085462565873719143e+00 -9.921189666881247149e+00 3.237328443445244730e+00 6.000776259369168031e+00 5.863133759586879989e+00 2.450512027269679649e+00 4.314989195122493015e+00 2.452661504524504821e+00 -8.930082016982545667e+00 9.500435918812382141e-01 -7.544189974131216836e+00 -8.837417679847325402e+00 -6.201364042941969856e+00 -7.162915508486797478e+00 -9.029205667210490560e+00 3.007229645930509676e+00 2.448887207487331352e-01 2.094853958083696455e+00 -2.316978472807093681e+00 9.826538824902740998e+00 -6.821649386151856120e+00 -8.384284956816305368e+00 6.362450034890176909e+00 -3.333592010344370138e+00 -9.450723291075540544e+00 -9.557629239800514043e+00 -6.628488074541714070e-01 3.092059556947335253e+00 -2.223608026582473585e+00 3.669672630199681151e+00 -3.809603687502534086e-01 -4.782647222611817739e+00 -8.452048692500291338e-01 1.112875009394036496e+00 8.826867424382275118e+00 2.936851793330221838e+00 8.361264753454733523e-02 3.371099903154487265e+00 2.350996131069260642e+00 -8.104192517041859389e+00 -5.626963139535837044e+00 -5.895629753304105769e+00 5.781697005065176143e+00 1.257805871350292648e+00 -3.087285699184148413e+00 2.563629841644754492e-01 8.989889245149473851e+00 1.524769488494030156e+00 -9.227649721238933012e+00 5.153721126418016496e+00 8.962140324335933883e+00 3.781274191426408748e+00 -4.342282447080307861e+00 -4.246016400390075773e+00 -9.051678735187582703e+00 2.679155494808343363e+00 7.471791186962381204e+00 3.573072637296046850e+00 -9.811139004596153512e+00
-9.020801629064230553e+00 -5.351380163890664399e+00 2.682291463287620914e+00 6.498369372205178962e+00 -3.513527395789617813e+00 1.673699013154188009e+00 5.905263245507512693e-01 -2.601138054452629689e-01 -7.759268138970528028e+00 7.568044920062806824e+00 2.910727666835747129e+00 -8.766481589560759957e+00 7.330206556840483501e+00 8.343689066723602110e+00 -3.834124795068294844e+00 1.290463524117711813e+00 5.598482069326633948e+00 1.693310124812068551e-01 8.712895769721036743e+00 -4.704814549844938298e+00 5.384788605864445188e+00 9.345399456709909458e+00 1.730952250259470304e+00 -3.331337420515914083e+00 -1.447300881523680971e+00 -9.433072600178229905e+00 -3.070607322686811358e-01 1.473249804894955162e+00 -7.454423283960003310e+00 -3.979533502190550465e+00 8.720810190794281880e+00 6.363149379376437764e+00 3.588735243952466902e+00 5.180445355146017619e+02 -8.556389464624698959e+00 -5.224227240357970814e+00 -2.611467844283286155e+00 -5.022910781223892229e+00 9.452432967260612884e+00 1.178721205678556316e+00 -6.872756681854048644e+00 -7.586288069948505353e+00 -7.227341861895697050e+00 -5.257114524399090882e+00 7.862944433980807446e-01 7.212563024095992148e+00 1.624876427256687350e-01 9.455839486935651905e+00 -3.070378639301982737e+00 2.383635403101514783e+00 -4.660207883969835763e+00 -5.863103016983313154e+00 -4.598070001891930048e+00 -9.571128149364158233e+00 3.105829458984409541e+00 -4.683746598074955969e+00 -4.976768279835082076e+00 6.243326606723691441e+00 -1.483397028803953077e+00 8.994700107367584963e+00 -3.551242965150596120e-01 -5.238005934900402671e+00 1.635899549265062092e+00 -6.811113418882919213e+00 -6.388635897401861996e+00 -3.580022415519332313e+00 -4.375057306318829831e+00 -5.920703990939529149e+00 -4.363890841613660143e-01 -8.041571109289296970e+00 -8.831837938962728174e+00 -1.759714715089291559e+00 5.704020481499920692e-01 5.959178370326057461e+00 -9.335160198733746029e+00 -1.779143058466289062e+00 -5.687098841482802314e+00 9.365313368654412329e+00 -9.521175672094994269e+00 8.394600916248926126e+00 9.669302795513374349e+00 -8.464497216534709878e+00 7.550869403847329409e+00 -6.478218116809348892e+00 3.782488982403053868e+00 8.380095536099947395e+00 -6.923767044516608848e+00 3.278575758647860994e+00 1.200024646297988440e+00 -6.294994061357477300e+00 6.758326379558560859e+00 9.435218354880689162e+00 2.420767631925349050e+00 -9.107958281163634595e+00 -7.294479432435250210e+00 -9.885765968728890130e-01 1.894931465926346092e+00 -6.201820598720435562e+00 -2.623833335287136137e+00 8.547957189089668617e+00
7.884526865188021816e-01 3.523482277772298943e+00 -5.557856881802538673e+00 7.264142330773154299e+00 -4.569117364436445783e+00 2.520165287569618329e+00 -6.652512046851153826e+00 3.913101701112431385e+00 4.442760068334852264e+00 -6.685348139000437229e+00 -2.160074856729519155e+00 -7.504459063552553211e+00 9.161065778518381109e+00 4.792169584942943317e+00 -2.169591434293092647e+00 2.675371788676009999e+00 -5.883432970690924968e+00 7.187786588422998335e+00 -3.783218319947891928e-01 -2.838573329812444257e+00 -7.971036221603711169e-01 -9.617595064810050332e+00 4.877030095890109607e+00 -3.847275239258642898e-01 4.629519455883670531e+00 6.606532824185062935e-01 -3.262169915200261450e+00 3.860967130428356597e-01 5.758258581605861792e-01 -6.444694881268196340e+00 -3.334275475103492425e+00 8.009399352171811870e+00 2.416979635262064718e+00 8.829743594514155802e+00 4.892438863216287359e+02 2.299685710386992099e+00 8.298409396838415830e+00 -8.123963182766143376e+00 7.619398224087372995e+00 4.905613797325223402e-01 8.992828659667445379e+00 6.980190882494810012e-01 5.524357083003044622e+00 4.690726040132862096e+00 7.910399843315204294e+00 -3.081007503601806974e-01 4.009057907406335275e+00 5.536364532213116973e+00 7.136693823776383283e+00 -3.984376143908905377e+00 8.469038666048199104e+00 4.739224710525959949e+00 6.798364293022512328e+00 6.975248544576057697e+00 1.211934037435600686e+00 -2.866303314267399927e+00 6.169320627372233190e+00 -7.713537390960181206e+00 -4.334549150904258852e-01 1.262262002234223246e+00 -4.353395284444601110e+00 -9.468780318621419667e+00 -4.860385562107980562e+00 -5.587661529970151975e+00 1.157416354580975693e+00 -6.925131139052789209e+00 1.749265880655368477e+00 5.570119787787874088e+00 4.831922507101047870e+00 5.008644891164220070e+00 -2.084099239805688342e+00 7.427680109704304812e+00 9.871684481700043534e+00 3.925983120745918598e+00 -1.616214951634615815e+00 -8.574997408474949623e+00 -8.655888923589028394e+00 -9.517671024550546477e+00 9.191344185895864882e+00 3.517292395941893801e+00 6.028708127737349542e+00 1.789438154810722992e+00 8.070353695320640952e+00 3.133387867380509562e+00 3.015061552022279656e+00 5.777558485293985413e+00 5.922733086100176791e+00 5.396165346826940379e+00 -5.702958038970673549e+00 6.906201959270259039e+00 -3.004191193248799685e+00 2.982190569456275142e+00 6.839561587440705637e-01 -4.043794485155840945e+00 -4.687147313030965989e-01 8.272788951563232018e+00 5.912934182310017661e+00 8.374846646433041997e+00 9.306050168190417082e+00 -8.431238631878851919e+00
-8.521231819323737966e-02 9.523132233291256910e+00 4.748953512929343646e-01 8.403349821221844707e+00 -5.464722130847052384e+00 8.231913562368692538e+00 3.291597552498650714e-01 1.687252236208687250e+00 -6.304254387609036669e+00 -7.521244575345131800e+00 -5.989141222123210540e+00 4.822768067540897263e+00 3.337025860501796615e-02 6.246770905618159730e+00 8.633127594789954173e+00 -4.373021271075585581e+00 -3.252275594144720117e+00 -9.543064016982302888e+00 -4.377709659605266701e+00 8.582630594230465704e+00 9.597926641383402568e+00 -1.495437650974313470e+00 9.651163841465752569e+00 -2.394213849418536100e+00 -7.900559250817867252e+00 4.225937862396643041e+00 5.357746046470484913e+00 -4.290427128527236178e+00 -8.967254272023286177e+00 -3.367557570416299662e+00 -9.451192645939052284e+00 -7.011351820395388401e+00 3.906278644176225612e+00 1.852267310553701307e+00 -2.793917988014939624e+00 4.653844993076475589e+02 -6.616836780926876216e+00 -7.465650995224608621e+00 3.583200675906756061e+00 5.030167706535358718e+00 1.262626842119509263e+00 -1.947560010317772594e-02 6.863166481936424645e-01 3.150136947574598167e+00 -5.015200585191745830e+00 -4.109348823567378517e+00 2.713015590114007836e+00 3.023735719856064819e+00 8.902962748752202060e+00 1.754740739361466240e+00 6.382425089493018788e+00 -3.540003823356894230e+00 -7.066813964262221859e+00 7.832959692542754482e+00 9.420108245091867616e+00 -4.672338136180451684e+00 -6.270444394661272014e-01 -4.880385748024893999e+00 -6.264704999987696254e+00 -1.443598204906461291e+00 1.139942745578032657e+00 -1.597592273411818198e+00 1.015539075075118092e-01 1.849951094889599190e+00 5.986537164791805310e-01 8.187968258705915048e+00 -4.911327470632032011e+00 -8.158152315246853803e+00 -3.515358027195683022e+00 -4.221302202480021748e-01 6.102785705486017065e+00 3.612893404888541937e+00 -7.324765905796213339e+00 8.626816499323616938e+00 -1.030303442084862908e+00 -9.488929134412863675e+00 -6.321950552449453475e+00 1.541084577610229545e+00 7.955459727124914338e+00 -5.089640242585957708e-03 -6.536114121099938501e-01 -1.831841614600641321e+00 -6.644801128656832034e+00 1.447127066462138956e+00 3.926688623879154960e+00 5.096311876598484503e+00 7.123920815094550107e+00 -1.782901061845743484e+00 6.683326795243292651e+00 1.994626747729766336e+00 9.038998005830837457e+00 1.777821154339243037e+00 -4.013469923410434959e+00 4.560997905331298341e+00 3.601316114929588252e+00 4.807746092498755175e+00 -7.666254104246679191e-01 -5.547549686902771171e+00 7.934926425163087771e+00 -7.925227855776166841e+00
4.558695141760576774e+00 7.240510932259383026e+00 -7.895685514807300187e+00 1.288529681662250681e+00 9.757490464422126308e+00 -2.550861052015836350e+00 -5.291274713040254873e+00 5.203013276018884525e+00 4.400233715628411701e+00 7.105578241939767281e+00 -1.322247985624777300e+00 3.138828542980117930e+00 -1.724970756799390159e+00 4.717361577913692372e+00 5.676133780620922664e+00 -7.245918834548470855e+00 9.668432216363896714e+00 9.449358604744027446e+00 -2.709820370482518115e+00 -8.395086646978864309e+00 6.381032749974519191e+00 3.778034443837061218e+00 2.252717414098416526e+00 -2.444679408098728857e+00 1.797449580408498448e+00 4.843735033631730857e+00 1.035658400859109207e+00 -6.527918182027168115e+00 -9.827150978715621932e-01 -8.245656436043734772e+00 9.622180173006700699e+00 -7.053746914097600573e+00 7.211480037444840008e+00 -6.660425872750527887e+00 8.907128065985677523e+00 5.434147167686575131e+00 5.083281082214874687e+02 -3.128725543017618627e+00 -7.414610609805974306e+00 8.597425918051268212e+00 9.753934818425353370e+00 2.279007866127592763e+00 5.735496384341667309e+00 -5.683137857930860015e+00 -2.586470162922722693e-01 -7.349344653905143687e+00 -1.786314080228549983e+00 3.829252934982685375e+00 4.491876473675571191e+00 3.928307470201291451e+00 -5.619069065516373307e+00 6.206812533890879280e+00 2.057681873529480399e+00 -4.823299485192644731e+00 -5.687575968386234138e+00 -5.914532407375913792e+00 -7.498011325265546034e+00 -8.615313497096304118e+00 -3.105813519486265051e+00 5.441559085111247640e+00 -8.746160430048687928e+00 7.379264342477586780e+00 5.949625970123955554e+00 -7.870594629794942065e+00 -4.235800618843139631e+00 1.597230515032242337e+00 1.011560908886220744e+00 -9.985539244875846876e+00 4.326809054387869224e+00 1.948582933128939487e-02 -3.789093931490137734e+00 -6.823562429914932892e+00 -3.501563411325163244e+00 -2.313396594634838266e+00 9.998196509734896154e+00 3.740251013616294529e+00 5.828472043253684731e+00 -3.700861613223365154e+00 -1.283383346460833963e+00 7.388233683122052753e+00 -9.743129028330399066e+00 -9.073200963912032790e+00 -1.999837267150850195e+00 1.836898068107917226e-01 -4.431691307338454067e+00 -3.033244924425990696e+00 1.672098261086807369e+00 9.663233478894539985e+00 -5.796748175039299511e+00 -3.855958949978271377e+00 -5.621775137078676821e+00 -2.259709489387926595e+00 5.168024741824961410e+00 1.547207416589653661e+00 -3.863537832432886177e+00 -6.567920220283840038e+00 -6.724063800589377138e+00 -1.250704599899421510e-02 -1.327593863243246020e+00 7.928210535761984090e+00
-2.708539156405596060e+00 8.208096948695164485e+00 9.316122748203756743e+00 1.459209674203689744e+00 -6.992813758135694613e+00 -9.603552230641135168e+00 -9.524013958051265050e+00 9.428334515834727370e+00 -7.889106616861953469e+00 -7.123427638594057143e+00 9.624131970744244313e+00 6.690127405179527642e+00 5.438319261407940530e+00 5.916416307951166687e+00 -1.515074409532250144e+00 -4.852661174004609279e+00 1.580131854406799263e+00 4.280537642460078729e+00 4.975277861419414194e+00 -8.311169419775811917e+00 2.051976140051463560e+00 6.410025644576222703e+00 -3.155094579037831082e+00 4.801495201967490800e+00 8.037939225118510223e+00 -7.543095621389220184e+00 5.256909106575374580e+00 7.699263864531936008e+00 2.728282804147536211e+00 9.487983123156986665e+00 6.585338122465131505e+00 -9.596417656046668299e+00 -3.713457708336136420e-01 -8.922866218260567805e+00 -5.341822502669195671e-01 -9.622865066564115111e+00 9.207929121578008136e+00 5.956285621340865646e+02 2.082817611245292966e+00 -4.363142928436785084e+00 -1.152562844849869705e+00 -6.942060000860623248e+00 8.638757275912599454e+00 -5.447776156893493038e+00 -5.306829630697647460e+00 9.239062277180224214e+00 -6.673383775844943244e+00 1.043699401331675602e+00 1.158398336380004778e+00 4.808975550055246018e+00 5.042305059774065512e+00 -9.404026168457971124e+00 -3.632376228275702168e+00 -6.330667248821219673e+00 -6.013413881105131864e+00 3.484499800775138212e+00 7.409270851547155701e+00 3.323925889213448670e+00 -1.489379970990929891e+00 7.180882347431023049e+00 -2.069992775184985589e+00 9.467201338193657278e+00 9.982551351211355950e+00 9.738536004161300497e+00 -7.123615035278985097e+00 -5.251135154960218543e+00 -3.005427162823119502e+00 7.760479945484377140e+00 7.003768472374321874e+00 -2.265168853416373196e+00 9.939142330975876405e+00 9.069126607155585162e+00 -8.553413671430490695e+00 -6.755327332519649453e+00 3.929138073805962250e+00 -9.983026160475766630e+00 8.149897910686568991e+00 9.114025480236517041e+00 -1.384522241882720550e+00 -7.624463195065109389e+00 -7.544041723825096746e+00 4.363679245780527793e+00 5.413475246885820269e+00 5.012258777300965917e+00 6.330227799106580733e+00 -7.829375510395532700e+00 3.406179509140471851e+00 -2.181914097902952321e+00 5.781432407523956485e+00 -6.210346009274734236e+00 8.200354809994422567e+00 -9.652031417488867504e+00 2.151972541655723603e+00 5.984271190190961320e+00 5.420539975924210552e+00 3.610863388638449578e+00 5.460786968481674108e+00 -9.300295108960037638e+00 -3.357095959932538953e+00 -4.649043260476815043e+00
1.193156576372825128e+00 4.113771284056502608e+00 -5.701891673618515455e-01 5.928157554724343470e+00 3.738964214007587827e+00 9.852985233991976344e+00 -9.117552316670305856e+00 9.116642711132946886e+00 9.910312506271253596e+00 -7.061954892270037476e+00 -6.986591089401357202e+00 1.354833513917776955e+00 -3.135052789658566041e+00 -8.785434619949963775e+00 -3.418581812791554597e-01 2.326765608840251076e+00 -2.716402349617180079e+00 -3.144487986409587599e+00 -7.784808608927331619e+00 -2.820983445965266512e+00 -9.200486733942980777e+00 8.929418160636085844e+00 -6.648886979504200490e+00 8.217518728839138475e+00 7.498798992243603578e+00 5.982122044775504577e+00 8.837576263331019533e-01 -5.203896824104797147e+00 5.798867252138965256e+00 1.657905819799516678e-01 6.798896900860391668e-01 -3.068362081146183584e+00 -6.097527387664647414e+00 -2.208383129263600253e+00 -5.923537133536315835e+00 -7.008006582791120209e+00 9.124023033140257866e+00 9.094976949822338952e+00 5.340303280257671759e+02 -1.770030434909211081e+00 -2.354968705575641863e+00 -9.677035198557724982e+00 -6.903023048318215338e+00 6.018097151772757059e+00 2.920160374185805097e+00 6.317958996788270554e+00 -1.336266131578554450e+00 -5.453375265578563891e+00 9.515617117621186338e+00 -6.280408941673911727e-01 8.173331852729475600e+00 -7.880057392966453023e+00 -2.643721813607569082e+00 -8.903162064416488164e+00 -6.775093607981627741e+00 -8.332855544299334838e+00 3.276232852818852237e+00 4.488007352016259333e+00 4.725726581786265257e+00 -4.900615400851553005e+00 -1.033012743887402607e+00 -8.381426483726784227e+00 9.276652939740241521e+00 -8.728421405029704871e+00 5.315520715502836779e+00 -1.561256384400186548e+00 9.300413438583927217e+00 -7.371575338656562337e+00 5.744175862929825627e+00 3.931347339981066114e+00 -5.919148689184316581e+00 -5.531306689210719441e+00 -6.099834590076522289e+00 -2.602889899046198607e+00 -5.854633964354338360e+00 -2.660085652871675421e+00 9.933871485813043023e+00 9.974448827065458545e-01 -5.031940622128732166e+00 -6.308160755347720361e+00 -8.975664811459292736e+00 1.626547319537777980e+00 -2.100563696983943629e-01 -4.828653610249668660e+00 7.793508213656419770e+00 -2.339164527615819722e+00 -4.693129588207838765e+00 2.865511118468553775e+00 -2.640672459242885850e+00 -9.010185507555327433e+00 -9.869676216030939031e+00 1.830326167823645989e+00 -2.400431529474376546e+00 -4.493958016508821096e+00 -6.403492948557487630e+00 -7.608655829596639997e+00 -2.843658279295951274e+00 8.464398214233050055e+00 -8.424005443124883641e+00 -2.574678489711530460e+00
2.951645115302525824e-02 5.366234011166044482e+00 1.899008692117735819e+00 -4.239256745439408114e+00 2.424556467550786465e+00 -1.027425569048538989e+00 -4.269661118955236923e+00 1.313062634303319598e+00 5.690432793862790106e+00 6.623388296463705416e+00 8.532020590721046460e+00 -8.670075788216450974e+00 8.197477338768379695e+00 -4.498073157228146712e+00 -7.285274316896810376e+00 -3.045052677916051387e+00 3.179653306402645541e-01 -9.620315895997173072e+00 8.972882302221727002e+00 -1.976113177382750052e+00 -6.170662498318555400e+00 -3.803117668247322669e+00 -2.622884127758464246e+00 3.626031059075636165e+00 -8.389241983869734298e+00 -3.870654067168177725e+00 2.004716208210606254e+00 -3.946114428508558092e+00 -8.653285187499619724e-01 8.605002510285103767e+00 3.293577023900681411e+00 2.556851489096121810e+00 8.257916134318477930e+00 3.280779156560578613e+00 -5.852779983630041372e+00 -8.398587954863145910e-02 9.500650458164184187e+00 4.742739203595307984e+00 -2.138224667025363956e+00 4.552835678552913805e+02 2.263428660382373891e+00 -1.047373154431529230e+00 4.399838758306257702e+00 -4.416253210916798011e+00 6.154004765208846095e+00 -9.089968332638949988e+00 -6.471674255556159494e+00 4.939464553808639025e+00 2.687736814283647746e+00 -5.598412719368807799e+00 2.785796702889268062e+00 -1.266095703678480788e+00 9.393572152115062579e+00 6.773717612543084243e-01 4.539048537347776247e+00 4.847390991040224861e+00 -6.890538903459906273e+00 -9.013769066900216842e+00 -3.913989071480184379e+00 -3.801946356266840965e+00 -6.298875589620145377e-01 -2.245820932238982159e+00 -3.165967517954973331e+00 -2.099115024113018535e-01 -1.853382490533876492e+00 5.884445577509026748e+00 5.964095199203940822e+00 -8.704382035805336315e+00 -3.600741349887666587e+00 -5.966235392709338115e+00 4.901800969065066127e+00 -6.680403006628658602e+00 6.439034887093029624e+00 -9.899764327486300530e+00 -3.963794256480173139e+00 -2.379333880868166773e+00 4.576399244611870643e-01 -1.044926324174060284e-01 5.877568148377330104e+00 1.751440445916321309e+00 2.070252297998159463e+00 4.418209541544388941e+00 -9.799720195122292310e+00 6.885505213805519276e+00 -4.084258287483562455e+00 -1.045172580210936175e+00 -8.210621575101589187e+00 9.456214879139320573e+00 -8.195889961570570037e+00 4.863472760867775690e+00 4.967705940911660178e+00 -4.999047684217224230e+00 3.479968671144298753e+00 5.551965700818328742e-01 1.909396017386226774e+00 8.409344445778334176e+00 2.340942082488886911e+00 2.698506617020102638e+00 -2.449861517219751761e+00 -4.237259746560262386e+00
-4.092878402311481700e+00 5.608179919088033927e+00 -5.324923775304066353e+00 5.756237967427836111e+00 6.728726521325331333e+00 -4.035694913333339073e+00 9.104171426425299529e+00 9.462533616661545466e+00 -2.450867109517269604e+00 4.012036855981218508e+00 -2.197636809310936634e+00 2.659814301760244248e+00 -6.341070107181048243e+00 -9.055627095491718848e+00 3.791492869242350849e+00 -2.848211914356062024e+00 -9.930063026559029282e+00 7.638282852910762699e-01 3.238663314341899024e+00 1.501237854072456912e+00 5.044241931146318692e+00 6.789867866284488684e+00 -3.024590516725920608e+00 -3.050313573001237621e+00 3.755344406784224986e+00 9.837883109503373191e+00 6.894648368049701048e+00 -9.748874124211797110e+00 3.468801202743517109e+00 9.613404756376606741e+00 -6.271971948706200450e+00 -3.776094151018167366e+00 7.341317661321582477e-01 3.135132251740522236e-01 9.903792272137966535e+00 6.915487453251746075e+00 -1.329182830279957983e+00 5.932717699072751927e+00 6.299051405717158048e+00 -1.290626946185362556e+00 4.866479819876676629e+02 -4.514262929364676324e-02 5.074274962821494483e-01 -2.191045831735161542e+00 5.644019288561807457e+00 4.284597604191393572e+00 -4.643962719681937301e+00 2.091745041644246683e+00 -1.701001357546314097e+00 1.452915487614109935e+00 -9.264442850538657126e+00 7.411235906572031240e+00 2.023902078041928121e+00 1.245003428996863448e+00 -2.970648499955310662e+00 3.250904032187666104e+00 -5.481597364408939299e+00 -3.741329682962472702e+00 6.071100950542842156e+00 -4.617155685312446245e+00 -3.111948057375075294e+00 2.664462921105849702e+00 -9.957236943108608074e+00 4.474181662527101366e+00 5.589795336498852407e+00 9.604747085226474468e+00 1.917697599387725660e+00 3.839787607163337668e+00 1.211610061179031916e+00 5.380292060078213368e+00 9.661369600454257522e+00 -1.738721977363884008e+00 -4.282467853004630065e+00 2.382165477238856965e+00 -6.854578774469035629e+00 -4.117496168812396107e+00 4.973141367717664352e+00 5.120039803804843359e+00 5.785115873979949086e+00 -8.796467054287958831e+00 3.565290390283939459e+00 9.462743815545444193e+00 3.779163169065835604e+00 -8.555129582595938587e+00 -1.988827722797179121e+00 7.362838516784325549e+00 8.110991840077591775e+00 -3.250081258649679228e+00 4.262203456949883673e+00 -2.364126711205283726e+00 5.146596773183343743e+00 -5.045381746432453518e+00 -9.816959297710816656e+00 6.792440106476519190e+00 1.348477332227879799e+00 3.151380928572358187e-01 7.855306169652859438e+00 7.769721638847730816e-01 -7.087082332329462275e+00 -8.514397101989100491e+00
-6.143634320374628643e+00 8.549775088927379585e+00 6.649958766489284301e+00 2.406608155773318103e+00 4.353511640261213955e-01 -6.539016640428179095e+00 9.744907681951303857e+00 9.715339669336753303e-01 4.818081825323165646e+00 -5.299574580113429079e+00 5.600669913856680893e+00 -2.315257230914062880e+00 -2.970942605716759388e+00 4.249740335977655548e+00 5.431296082376224632e-01 7.572900647215156766e+00 -9.404930845896107172e+00 1.394188445516078900e+00 -6.715857014894983656e+00 -1.545823482918462943e+00 8.310207391905379382e+00 9.858513959422246842e+00 -5.285865290982902920e+00 7.987807018429709416e+00 3.715636966991667123e+00 7.459882826734826722e+00 -4.044170128397985842e+00 1.279037373026621793e+00 -1.762245609651655442e+00 -6.194187598365190617e+00 2.254361520412267339e+00 -4.587810320589492008e+00 -9.013485147606196790e+00 5.735227002821812192e+00 -8.559018504174073172e+00 9.172786433120197813e+00 -8.551088618094233595e-01 -7.524468623398630207e+00 -5.351727444455058880e+00 -3.778706060667027522e+00 1.369183050437975169e+00 5.393449685060542151e+02 -2.293842022356007426e+00 6.508373391248532869e+00 5.496914522109452861e-01 -1.680287312783427467e+00 4.469661603910262571e+00 6.439688679153199757e+00 -6.182671159993811116e+00 5.554270573825268897e+00 1.414419247752626063e+00 -9.386072171574436851e+00 -6.099433681069035273e+00 4.304281985041351177e+00 -3.225065838998679268e+00 8.373491160261078647e+00 -8.817593664038582801e+00 -3.014696633266355619e+00 1.361733630582085297e+00 -6.937551760868572615e+00 -7.384677132495147234e+00 -8.117561719524557518e+00 -7.045468974443789278e+00 -9.754636581758354907e+00 8.674167744394587487e+00 -9.123147062125482876e+00 6.638598288593851038e-01 -7.939412674171624218e+00 -5.397812520600533404e+00 8.379250752240640310e+00 8.325782291035718430e+00 -8.939740367676963118e+00 2.624453006941109834e-01 -4.613221060525384942e+00 -8.550408242288622063e+00 2.975599704855111938e+00 -6.708649440065237002e+00 7.724172661421768282e+00 9.112841218340292926e-01 -3.617276025165779174e+00 9.553582339838840198e+00 1.441085899299825002e+00 6.683670445459245713e+00 7.408587931956741812e+00 8.390362834506699841e+00 3.519482261352047558e+00 -5.295281582450490632e+00 -7.961239754268436997e+00 -7.191348487985827376e+00 -4.107521923713532530e+00 8.748626928306872941e+00 1.926756830420480071e+00 5.251630587081239199e+00 1.004949079864186245e+00 7.981859009488871948e+00 6.886355543705214188e+00 5.213470035019284410e+00 6.259403375067250863e+00 -3.096610054801265832e+00 -4.932848488689558053e+00
-9.958264830300262105e+00 -3.852497311219633680e+00 8.244049351149879357e+00 -3.454187843736526986e-01 4.054176386876331861e+00 7.484834421115472480e+00 9.656576639249955463e+00 7.556003237534820727e-01 4.534650479489727104e+00 8.422789685749222599e+00 -8.995675992863006343e+00 -5.769000275919307086e-01 -1.588952159582168733e+00 8.312745491398949582e+00 4.057758435362714522e+00 -4.593871805629971661e+00 9.094207312999465387e+00 -3.558675108588474245e+00 -6.077028522432216917e+00 7.960671818730808980e+00 -5.528383773286956071e+00 -1.095648644843674191e+00 3.370170547466891264e+00 8.126339618029451373e+00 1.840161673795497776e+00 9.919346198601569853e+00 -8.469068051109548634e+00 7.259379047452235056e+00 3.726791054401232373e+00 8.236500281221378117e+00 -2.624599133961584840e+00 -4.621618427077194724e+00 8.998951210513439491e+00 -6.766989992730700898e+00 -8.999717426425888789e+00 8.352934145351106565e+00 6.091772826833718568e+00 -4.130362104246381172e+00 1.561466233315043084e+00 2.983167989668995546e-01 -1.212646905408917064e+00 9.997310946886489802e+00 5.385858867613942493e+02 7.065451343906030246e+00 -6.719310356038203480e+00 -1.654449730554381048e+00 5.589847048808167074e+00 6.117560751050948653e+00 1.558208132866115037e+00 -9.436891399465682895e+00 -4.396391748332892924e+00 3.697348696796215251e+00 -9.562827543250726592e+00 3.080088830010707213e+00 -1.091954453492760990e+00 8.393528106346749951e+00 6.869729188017593913e+00 -4.407284965710891456e+00 7.346173385872354800e+00 6.667440915463814122e+00 8.629531454118179568e+00 -2.581893800424452934e-01 -7.291637575305138341e+00 3.174301254595784272e+00 -4.318452014649065696e+00 2.429547055828486180e+00 -9.895724030483030731e-01 9.106050101822081189e+00 1.428103031976499793e+00 7.010365036141802619e+00 7.609379363335023072e+00 -8.557857401550663212e+00 -8.630378863953724888e+00 4.492965608315255821e+00 -5.574704449435898823e+00 1.468088354338251023e+00 8.451613226695421588e+00 4.920525915285784535e+00 -5.613088941328641113e+00 5.385621094525429697e+00 -3.477535371940296827e+00 3.690373524425162088e+00 9.987022796909634792e+00 7.940802599894499991e+00 -3.468428247231411632e+00 2.499844958781858750e+00 7.894313387928566073e+00 7.877638357491601795e+00 -8.168426300236182769e+00 -8.286171490754734137e+00 3.702839437267545719e+00 9.514383156842125544e-01 -8.356539549775019893e+00 -3.902303151053505559e+00 -6.784976365950015520e+00 -1.386310626266840984e+00 -1.780476705913969226e-01 -3.572082081272673904e+00 -7.827806001046456075e+00 -1.924122669176371758e+00
2.814910569341918745e+00 8.150396790582249196e+00 -7.675793672244957122e-02 -4.836676671573614250e+00 3.858382766475891401e+00 7.865384749589669156e+00 -9.799009309919089361e+00 -3.655307350966814361e+00 7.194116019119849881e+00 -8.354188837547573243e+00 8.583000512164353779e-01 -3.914323287167968957e+00 -4.927360066510473757e+00 6.024375593425876474e+00 -5.847750495608927679e-02 3.880267988984250849e+00 -2.247230964431117251e+00 -4.290682791803297036e+00 -8.739835932633468474e+00 4.215400123636765528e-01 -1.328575956262600499e+00 -9.857498483898503139e+00 -6.871461772825053771e-01 -8.642244508160546346e+00 4.398329077942261023e+00 -2.671718679963277054e+00 -9.830500807717104550e+00 5.768546271297672945e+00 -7.082634120151669599e+00 3.303154007433910522e-01 1.220843474587596234e-02 -7.326627843309145405e+00 -4.393055156638205894e+00 -1.637282959323655973e-01 4.652134634266529289e+00 -3.075007775571041435e+00 -5.252926761283028156e+00 -9.153456952840366867e+00 -8.262873334855447283e+00 8.966249775583253978e+00 8.618029458644397067e+00 -6.003973161570299588e+00 8.087504304166266422e-01 5.380162202018946118e+02 9.834359843890879915e+00 -9.511876969710487018e+00 -3.255828457872336656e+00 -3.053550227463106559e+00 -1.435733390253929542e+00 8.771615892671313475e+00 9.594964674608565502e+00 2.658213570815499693e+00 7.837088383902138133e+00 -8.803658107031200331e+00 1.107773023737339102e+00 -3.662954986469610930e+00 -4.662376658585037248e+00 9.816553829685918942e+00 -2.465814355138018499e-01 -7.341193967520450059e+00 -2.132595514460923880e+00 -7.702139822929452428e+00 -3.550829977358212375e+00 8.646557701549447472e+00 5.738873420816151594e+00 7.664969782060548908e+00 3.297173413111734064e+00 -3.624948441595840620e+00 3.357348588412476076e+00 7.820146690471673878e+00 -8.269047022414479642e+00 -7.631004454707371210e+00 1.327100073267699187e+00 -6.859678751502511496e+00 7.186109222566660293e+00 -9.294255601042078041e+00 1.151533530025153240e+00 7.540237192358283380e+00 8.735587128684674241e+00 7.205498397215464479e+00 4.498093017557103224e-01 9.015586618178218714e+00 7.909473879146414532e+00 -4.053111592876852853e+00 -7.214230066732721269e+00 -4.147657321499580441e+00 5.186218953213037608e+00 3.770146465926822898e+00 6.874594235223952410e+00 7.179183438618871094e+00 -6.541092703014347975e+00 -8.701459547253534765e+00 -3.973387384322714766e+00 -6.126077870702335559e+00 6.823404143614109074e-01 -6.618501090039674573e+00 -9.429896083011620078e+00 8.893605227498223798e+00 1.070806704207857507e+00 5.071199690091340528e+00
4.569692196464906431e+00 -8.894492014029848903e+00 -3.075857622051163531e+00 8.037061139889118522e+00 -6.041182966953131839e+00 -3.246761248182901127e+00 3.341529996846325901e+00 2.805672466149911060e-01 -8.215818783917146817e+00 2.518261203805035819e+00 -9.272742123339890341e+00 1.607128843725217138e+00 9.985615482201232851e+00 8.585492170403444590e+00 4.190026788649417355e+00 -5.280280935423706801e+00 9.295448336648355792e+00 3.640629765280056773e+00 -5.936615375393829552e+00 8.637455984750395999e+00 1.700804782808676308e+00 2.902204271081492593e+00 -4.165317213432418342e+00 2.149051050819439368e+00 -1.752722845911057092e+00 6.007189472051269519e+00 8.291680304456605199e+00 -6.164728344133248328e+00 -2.858665876205604306e+00 8.236670180423960375e+00 2.919188813654923109e+00 9.796892095099849485e+00 3.061177320752834774e+00 -4.139625906147181844e+00 -9.886639144736950158e+00 -7.287278593361337542e+00 7.181003735239940511e+00 -1.211840656710851505e+00 6.546907656854251911e+00 -4.341150549820243398e+00 -4.292967437908874473e-01 8.875436724058438642e+00 -5.104035636108630314e+00 6.787135014249024323e+00 5.192845079178173364e+02 4.307943585752642690e+00 7.140222670524408954e+00 -3.437789723910036344e-01 9.526366662415519215e+00 1.144857286295000165e-01 -4.764178503578843760e+00 5.344457608535375215e+00 -4.891124304084424779e+00 -7.357204376632640042e+00 -2.227084971601012597e+00 2.026293709509392471e+00 -4.714951271229200103e+00 -5.450097519165888471e+00 -7.629955197859228377e+00 -9.523984444877864775e+00 3.746965040009456516e+00 6.596417954810462447e+00 3.069170092687333096e+00 7.888729326638724615e+00 -8.146974749030492902e+00 -5.439712839103696851e+00 5.614866847400598715e+00 1.252561211260667662e+00 -2.401895687573471605e+00 9.086045318742083765e+00 -5.900041112673486410e+00 2.622339377988833320e+00 1.339103226971332106e-01 3.262206371508069580e+00 -9.504076057503622721e+00 -5.958386062357630131e+00 8.046268423888303545e+00 2.690157961851136648e+00 -3.745611908580936955e-01 -3.504492041779934119e+00 -6.065623229957259888e+00 1.105305840281424423e+00 7.347356656858796242e+00 5.615058302353048703e-02 3.538173348359212156e+00 -8.810594524274641515e+00 9.757609125788832216e+00 2.689516991776645938e+00 -1.946207177674420308e+00 4.350907869206173118e+00 -5.147463459799539010e+00 8.080157469039164653e+00 7.100029717539115381e+00 6.061592126689927085e+00 -7.031297060596948256e+00 5.095291159300250783e+00 1.703080648884714776e+00 -9.827882906357366721e+00 -6.244396593104404758e+00 6.914553278773396983e+00
4.826223492644306390e+00 7.319785464214426440e+00 7.742433621998593196e+00 -2.376710067300882301e+00 3.553455750314162387e+00 -8.939452586744490503e+00 7.272885168724471328e+00 -2.757142465172838897e+00 -9.713969969129365722e-01 6.436109334754000599e+00 -4.117060177617202221e+00 6.276185346453022618e+00 3.388667661120670971e+00 -5.739690580609608794e+00 7.145296645376308931e-01 -5.520741380212415450e+00 4.970167797154349643e+00 -8.339841048145126834e+00 1.930589034403666915e-01 4.657298890999284069e+00 4.319179742713934900e+00 -3.023628893257834349e+00 -8.686288481786167637e+00 5.324279961490965718e+00 -6.322295578719705489e+00 9.435987764218115359e+00 8.383669916121327503e+00 2.048655464274279581e+00 -6.656385746818864746e+00 1.258241040816802325e+00 7.772417008601085087e+00 -1.859812127789108871e+00 5.354743680690031482e+00 2.968759869547589858e+00 8.634313894475447171e-01 -5.340080401808831034e+00 8.980019379417672809e+00 -2.954255177807771915e+00 9.779072657031868232e+00 8.678216456359365338e+00 -6.981039880982534029e+00 2.649866556853337940e+00 -9.227666104020258331e+00 -3.601795838597419142e+00 4.020724430943474204e-01 4.840451138206327073e+02 9.980519832261659730e+00 5.866985917347122381e+00 -1.355417365160837662e+00 -4.826330922095998233e+00 -1.024150063014907630e+00 8.708391658810590741e+00 7.862267741579508140e+00 6.259964181517929660e-01 -7.048295564486668496e-01 6.913785303277840910e+00 2.372737383513083387e+00 6.214273347742949483e+00 -8.348852139105103376e+00 -3.882618210551635585e+00 -3.749695118301770158e+00 -6.437390957491803789e+00 1.380327338172202545e+00 7.013606622502415178e+00 -7.829585127660420696e+00 -3.560279452979184356e+00 2.066316494198336073e+00 8.461795033759415219e+00 7.873075027875309218e-02 -2.051664131957624093e+00 1.218791047049183618e-01 -4.653902169410333300e+00 -3.491533115511242791e+00 -7.836513124120889628e+00 7.836635422717886712e+00 6.223342505220820442e+00 -2.417744349234967061e+00 3.205849846900468592e+00 5.047080229346450508e+00 -7.747753779056603562e+00 -7.903029181639602996e+00 1.934082305507853761e+00 -4.633311196755707684e+00 -6.750745510166558105e+00 4.430560458478563390e+00 3.976294745783734541e+00 3.144790322461778587e+00 7.017816164327502548e+00 5.084393182196485839e+00 -5.806311155471544083e-01 1.425330741748425112e+00 -4.113435939833143706e+00 8.959160369324219886e+00 4.727061384613564954e+00 8.822056055449927214e+00 2.263663458970681219e+00 -3.604080858153175804e+00 8.037203624011699077e+00 4.256998391530808945e+00 1.577155408321486263e+00
-4.613007762232237852e+00 3.338325011130997666e+00 -1.184380108538098497e+00 -1.621368059154677965e+00 7.711770563037610771e+00 -1.889883734533368553e+00 -6.100234133166965833e+00 -7.127022245126434896e+00 -9.491752974922125219e-01 6.326089459468459353e+00 -1.152779085520599267e+00 7.010156450530715233e+00 -3.173487303147148886e+00 5.321318509875759162e+00 3.534396840067108414e+00 -8.242007700796209591e+00 -8.242642995926390270e+00 -7.947767542104342553e+00 -8.573238742461262163e+00 -9.687500993893747747e+00 6.318554940570468403e+00 8.712203737882337151e+00 8.264424613346545101e+00 -5.501167306342489738e+00 -3.767741987383306679e+00 9.211134636502436024e-01 9.706577311474983816e+00 -1.151064142990191996e+00 8.615432871660519965e+00 4.409428702382268028e+00 -1.949827244023804695e+00 8.923655245991671592e+00 6.044880465602883390e+00 9.813153393266450308e+00 8.307387762504291118e+00 8.008392743378237810e+00 -9.306027364874545071e-01 -5.761190443944124162e+00 -7.700898132917426864e+00 -3.531905260316062112e+00 -7.965806503424694540e+00 -1.432694565980519030e+00 -8.896017664997952323e+00 1.724677566597874190e+00 -3.109015549615003593e+00 1.475700867243265435e+00 5.100133610430203817e+02 5.036471427046810945e+00 -2.684051602320288055e+00 -1.278118464089065043e+00 2.664026763437741252e+00 -7.546076293162585102e+00 -9.977266740215709362e+00 5.257031800502264929e+00 -2.684205995333586614e+00 -9.583128850979614199e+00 3.687907507197589752e-01 -2.514385763068334612e+00 -2.574803198642932500e+00 -5.595536386576068111e+00 5.910033608628710411e+00 5.330473560867146077e+00 -2.216592103051421958e+00 7.817213163002104892e+00 -5.619328134084195625e+00 -7.911393779715716335e+00 5.069812381959678760e+00 -2.771985393949130128e+00 -7.971781515502613935e+00 -2.198598514818320027e+00 -6.617956002195164444e-01 -8.014480062170150632e-01 -2.571181160642071362e+00 -6.610892400242622813e+00 -7.378228148361827721e+00 -9.296191060316271404e+00 4.980631789072518245e+00 -3.416667791112626418e+00 6.335983537398064414e+00 1.552049790294415033e+00 4.698723457217095500e+00 5.922124863130393990e+00 5.133108733326853468e+00 9.230883811860120858e+00 5.191073478453734680e+00 4.151340954338220257e+00 8.948835278918984670e+00 -4.791849742186526484e+00 -3.613665297846388569e+00 -5.886351588203401874e+00 3.097935201946643957e+00 -4.818302357129118363e+00 7.449510424551199606e+00 -3.428655369465243297e-01 6.423651798610951147e+00 -8.407463063856560836e+00 -2.174089409371326553e+00 -1.171083212326440304e+00 9.944306394621506229e+00 -5.160445220922844634e+00
-9.564542613625592438e+00 -3.688195599742272179e-02 6.976167243067020962e+00 -6.890836094747800900e+00 -2.308426340310969493e-01 1.211083003076145914e+00 8.279340192816331268e-01 4.439012578816663890e+00 -7.384467111489534830e+00 3.405696956812469978e+00 -2.343955097649272901e+00 -4.803000506946892401e+00 -8.236940175753357352e+00 -6.274915806257066464e+00 3.981734486533003547e+00 6.806449943773994704e+00 -3.023764041525200952e-01 -1.593787732126960677e+00 -6.318399828723213929e+00 -2.696977486917258027e+00 -1.262374702568550333e+00 -4.122823338450068320e+00 -8.447349382528066997e+00 -4.055322598472805851e-01 2.902061063268710939e+00 2.576483274378869481e+00 -4.551382176400426971e+00 -2.939373320697948877e+00 6.715492336886015323e+00 6.264028556248348423e+00 5.686933251705760028e+00 -8.702575700903793177e+00 2.594178429292004040e+00 -8.108241157473843330e+00 5.951772051221094983e+00 8.123390139828632783e+00 8.559262575474402723e+00 7.200839053313568883e+00 6.391211730000780022e+00 -1.131617542401663457e+00 4.044141508044722499e+00 4.735672224983842327e+00 1.679073611593144832e+00 -7.772847508380571924e+00 -7.811032249721259646e+00 2.046599230411629833e+00 1.885093906765295202e+00 4.766282133194592348e+02 -4.785604177351594046e+00 -8.392602126751016911e+00 6.120943542148069128e+00 1.173680887082777957e+00 -4.306767268584987818e-01 -5.338670187587388760e+00 3.829076356569967032e-01 1.284267225973032112e+00 -7.170599146555629133e+00 -3.004307957980660859e+00 4.895002491538855693e+00 3.353196745602245343e+00 2.725193959021668277e+00 -7.466220706572139321e+00 -1.026766263384446987e+00 3.684927522352705154e+00 2.872619781854723442e+00 8.254997269043595765e-01 3.880487106398433639e-03 -8.464262507023828874e+00 1.699177646958977661e+00 2.284227734263545528e+00 -6.259992292617382326e+00 -9.873872263547964323e+00 6.655186091697238737e+00 -8.479952245425101509e+00 -5.313665213154681766e+00 5.333076386559813642e+00 -6.009575705351366537e-02 -5.150432642094139979e+00 -8.193857885828689902e+00 -4.212153135769762358e+00 -7.267408006663799824e+00 8.166963068256681169e+00 -6.253350307305396427e-01 -5.899212380632043562e+00 -8.526815497824918211e+00 -6.773383489161397542e+00 4.913506074992676886e+00 9.032708124773478175e+00 5.473566603785350537e+00 -3.748363996913024465e-01 5.592643038653653420e+00 3.484702027517865730e+00 -9.554780056271619415e+00 -3.766254435183611804e+00 5.980462201167764391e+00 -6.949040425376389329e+00 5.507487821400127714e+00 7.589223615275436430e+00 -8.381877339594730358e+00 3.005103156915968299e+00
-9.522796955207386560e+00 6.486606525885104446e+00 3.788027809007976643e+00 -6.993399865402352589e+00 6.193606771393078247e+00 2.149669523014567929e+00 -8.728292814415389955e+00 5.785082677633878845e+00 -6.301165681508309468e+00 4.132478892073638832e-01 6.371900528090215232e+00 -9.943781888771143329e+00 -3.133867574128919031e+00 7.913890030265360309e+00 -5.712064061099955126e+00 7.725109209760994133e-02 3.792728698409780108e+00 -9.085833108888220266e+00 7.488374082022861700e+00 1.482266819450543949e-01 -9.895053663184798509e+00 -6.941380790052440020e+00 5.140100837674104639e+00 1.864910442867591556e+00 -3.434913226921945117e+00 -2.529324048711083961e+00 5.692754808497523911e+00 3.889344213811806839e+00 7.302024711047664596e+00 7.193998769794340831e+00 2.343226416532271372e+00 1.790157744535580520e+00 6.054540155228806952e-01 1.420521477619907103e+00 1.435143469975573183e+00 -3.747893834401036628e+00 -5.905872178520398919e+00 8.406108590060082264e+00 5.063206655168478676e+00 -1.907656364728110177e+00 5.932392140168026629e+00 -6.784277992336695817e+00 5.862215960355287692e+00 8.442474945405983533e+00 -6.912090226107816093e+00 -6.386894684966861746e-01 7.834114603323104831e+00 9.725133930637422708e+00 5.109009381993539023e+02 -5.872565828818972378e+00 -3.234447159043707387e-01 1.791722609205475436e+00 8.463305097375773300e+00 -2.281771646881585625e+00 8.750373558688856690e+00 3.830387578218754641e-01 -2.927997720355010713e+00 -9.567876582026851651e+00 -7.192958129878840978e+00 -3.326018873755578475e+00 -1.978705674005482251e+00 -7.568902793712894983e+00 5.146670345404180225e+00 -7.008261930387080341e+00 -3.647253895205270879e+00 -2.704379368727957811e+00 4.723539593130784198e+00 8.564309374087891058e+00 -5.295871370775879328e+00 9.994999873545715730e+00 5.950676874754371681e+00 -7.970641224144796588e+00 6.594340776671113957e+00 -9.090475755548810710e+00 -3.287596724892065225e+00 5.202705294309382111e+00 2.874867642573136095e+00 7.196911763815322161e+00 -9.230064190743775043e+00 6.407392077749879178e+00 -4.349728842678263874e+00 1.656476751135985026e+00 -8.478731706427941717e+00 -6.397769616095299483e+00 4.780018773407874733e-01 1.672571214307183141e+00 -4.343570831969660873e-01 -3.575490281601747533e+00 7.396523275300307176e+00 -4.099535679993834947e+00 -5.683695648062741412e+00 3.416234641872186728e+00 5.836616106805948334e+00 1.316942761869457357e+00 -7.976796554998763611e+00 3.910467779743886041e+00 -3.365001307207080572e-01 -9.110918178290216218e+00 -5.763712534697233991e+00 5.035781837106972247e+00
3.446416666187603894e+00 -4.335389374111255911e+00 5.094727847046003788e+00 2.119182902318883066e+00 3.566676885481852466e+00 4.113866313187974910e+00 3.793345080271450342e+00 -4.846798076113463694e+00 -8.137744671206057490e+00 7.304209128672560780e-01 -2.947410197165593715e+00 -8.776684603567858289e+00 3.356543903778161919e+00 1.331619058908533049e-01 -4.585671720365755988e+00 4.303237271346276316e+00 -3.018290714656206575e+00 -4.370244414959523205e+00 3.514499817958324002e+00 -7.937310141014277676e+00 6.400229241974429328e+00 -6.107386238809251466e+00 -9.971804019664087804e-01 6.812585503916640306e+00 -7.936148625800187872e+00 -1.613175865112051355e+00 5.450436065657424223e+00 -2.588133829744993619e+00 -8.385935430498740573e+00 -4.476895378280135063e+00 6.062068453525281342e+00 6.233777646333720668e+00 6.441276999890025223e+00 5.313855811375846727e+00 -8.937801327550083386e-01 2.859635092951503310e+00 -8.189618136295068851e+00 -4.281978590788804162e+00 -5.574967957102896499e+00 -2.134740099031587235e+00 7.179699168411847410e+00 -4.011773722490266536e+00 -4.391284922730562812e-01 -8.471750683726677167e+00 -4.368639707890862312e+00 8.925147436501415399e+00 8.542550103760440550e+00 -8.874841153408803862e+00 -6.828264916889441594e-01 4.827315441666887068e+02 -5.581138865727933052e+00 2.373137392886889074e+00 -7.534750331860640138e+00 -9.157092352797109314e+00 -3.523395588680453550e+00 -8.834532286765991671e+00 3.884797706618341451e+00 -9.150614156279601730e-01 -1.306520590537695981e+00 -9.948681415476524847e+00 -4.996794230644285406e+00 9.779760677405008096e+00 6.293510401786054587e+00 -4.470707320920288552e+00 -2.746957580057658888e+00 -4.546266822017022591e+00 -7.570619690892536724e+00 4.302398111791848834e+00 5.953766236980534643e+00 -3.075382819102681076e+00 9.478976288669009875e-01 -9.694411234616882922e+00 -9.400074055637546167e-01 9.773386414781551679e+00 -5.140767218566130836e+00 1.129340137553022316e+00 -2.455497882665080844e+00 -6.227098872402063279e+00 -9.219007225631408176e-01 -1.950452597684300571e+00 -9.203089944715237891e+00 -6.106103113483976053e+00 9.182073981644784055e+00 5.443935792936574813e+00 7.906555672098448895e+00 -4.983988295230757259e+00 -2.719677501838242861e+00 5.558992023266329241e+00 -3.634317499688910047e+00 3.286915066677666530e+00 -1.638548717846131098e+00 4.437898998167078446e+00 3.448374193190517190e+00 -2.610348821646038431e+00 -5.596301956157549995e-01 2.635036965320624702e+00 -8.767525448178194125e+00 4.919728603924433230e+00 5.503574199015531576e+00 9.802923848607040469e+00
7.648749442922810005e+00 8.291393124434033979e+00 1.248121732818578522e+00 6.042028213463513708e+00 5.516337475928867917e+00 1.310761301509604237e+00 -8.017910358430510698e+00 5.499507428004640985e+00 -1.738102026200568417e+00 2.948491608403475794e+00 -8.414175345749757895e+00 7.365677162930133193e-01 4.754455134534616434e-01 -6.191138694688538280e+00 9.994503484354666512e-01 8.670969413382223934e+00 -1.240422585680278189e+00 9.146825601283936180e+00 -5.928186563496304906e+00 -3.973328214157554328e+00 6.177820504095464571e+00 -2.868019726556183535e+00 -5.286734826022147615e+00 -9.429946680298888495e+00 -1.316831158996727424e-01 1.668454190837085349e+00 -3.325699047969889577e+00 -8.475342520488222675e+00 7.476080844241735690e+00 3.501126340140762849e+00 6.394882061782091398e+00 -3.731751925138341974e+00 3.484841370960403140e+00 -7.835267772672880326e+00 5.552148764675280290e+00 1.480942770130983632e+00 -1.307779290907625125e+00 -5.563286592912479733e+00 -3.590612866887113341e+00 2.022278735500023572e+00 -4.264716674140050401e+00 -4.886437817514968529e+00 -2.011332900191831641e+00 -9.801209451819916652e+00 8.924057845570814607e+00 -7.284223585836919312e+00 4.251531036879828918e+00 2.469630723550862328e+00 2.910923122284312825e+00 -3.422503586468694792e+00 5.173291462999484338e+02 7.007798097028008044e+00 7.444887351862206515e+00 4.984108081937980828e+00 -1.949192613761319137e-02 7.587717191517427295e+00 -7.980994682949614116e+00 5.933380370279721205e+00 6.938151577034048501e+00 -2.750045818903005923e+00 -9.563330969121246028e+00 5.585113606454704893e+00 -9.037290130789912723e+00 -5.814548680255560598e+00 -6.008694751869789741e-01 5.786057996456772656e+00 -9.216700472949398204e+00 8.028963705414799534e+00 -5.740023335642503000e+00 -6.384296046289172466e+00 -4.315459328841122044e+00 -8.568489609186098477e+00 7.394562801900313787e+00 2.323881036459461313e+00 -7.027805943389326515e+00 -7.368758241999254111e+00 -3.859642097216912759e+00 -5.446816253293267351e-01 -2.371615509983868719e-01 7.560524019821464492e+00 8.756172786512610884e+00 -2.301101409673540488e+00 2.659232276081329616e+00 -1.827435734605231232e+00 1.790340346392136794e+00 -2.451924381398267627e+00 8.723407599917802457e+00 -9.706535864321788054e+00 -6.551540248055998106e+00 -7.372717779883091183e+00 -4.761475847208966883e+00 -7.007525056410008446e+00 1.739094485505363608e+00 6.550042838026705283e+00 -4.980524814998432248e+00 7.417419292563685929e+00 -8.573420917429764643e+00 3.361577784036107630e+00 -7.314641859128423462e+00 -4.682187754841534044e+00
-5.548063198522599215e+00 -6.481685050230723277e-02 -4.110638969522915076e+00 -3.420593988545650888e+00 8.661041132029716039e+00 -4.713968095400582925e+00 2.241977173246858968e+00 1.919817009834936528e-01 6.636243272058994336e+00 -9.327970329085193413e+00 7.305736784606459366e+00 2.823161800967334045e+00 8.577478890217200558e+00 -1.036650559726847831e+00 -9.072629730741288867e+00 8.361962027143754028e+00 -4.071699123062639813e+00 8.927760086590012634e+00 -4.821784861944367506e+00 6.167705197756522040e+00 6.213275220841683932e+00 9.230364498500041037e+00 -2.767989368356083446e+00 1.163869408447164133e+00 6.375728214404574601e+00 -2.890648786625367173e+00 3.790454081334818426e+00 -3.217387855024522736e-01 -6.658009241588773719e+00 9.120355128225831720e+00 -2.140335380426678924e+00 8.887613694007928444e+00 -7.094430542769458725e-01 3.429432739715370104e-01 -1.028391886408762446e+00 3.649411338230152069e+00 -4.535120327477468294e+00 6.571589016120203297e+00 -3.940930338251256160e-01 9.454770373320954491e+00 -4.692184175281514769e+00 -6.118605164688057485e+00 -8.251653233779896013e+00 6.862965827859760282e+00 3.510263423884305567e+00 -6.334440669929097822e-01 3.206499547466192368e+00 1.149261082485217855e-01 -9.735263788963084863e+00 -7.280316478846988737e+00 6.017955008279916029e+00 4.942209427212987976e+02 -5.587807348789439743e-01 -8.915179082958976764e+00 4.672363833015189982e+00 -6.505837386691631252e+00 3.444518235350182422e+00 3.407579641503106771e+00 8.196125160755833861e-01 -3.590836615325592618e+00 6.360207652986751725e+00 9.406968172183347576e-01 -5.690262833064513970e+00 5.674013666695614688e+00 3.480879224500352365e+00 4.554408518919126792e+00 3.681244732515240869e+00 -9.372290844868832238e+00 -2.636561844574984548e+00 -6.788223734727917957e+00 4.017874016203556664e+00 3.566924257751873384e+00 -6.765745559412474464e+00 8.943455173304137418e+00 7.399700401766367008e-01 4.179513642858482925e+00 2.652538784299206753e+00 2.009888008416261584e+00 3.244630030087270356e+00 -5.426857368867493037e+00 -5.467024824898891744e+00 -3.580144498311080170e+00 -1.630541293633584132e+00 -8.253802353069779940e+00 -7.308688811901562943e+00 2.109905069160154412e+00 -5.976266394476759558e+00 -1.290338915553766341e+00 -8.578544829609825229e+00 8.021006074793540108e+00 -6.598811000978641594e+00 8.531680998590864817e+00 -3.636319790012516151e+00 3.967811743722366558e+00 9.707372437958447620e+00 -8.780495104610810841e+00 -9.963810021706681397e+00 3.948317470028580800e+00 9.046036768019895646e+00 -1.369199148210240580e+00
-7.937883540132142812e+00 -5.342586797299453849e+00 -8.591249380482690157e+00 -4.701886726125050764e+00 7.263731309425519811e+00 -2.641853645017220309e+00 -7.455883059374244226e+00 -5.574415687092195704e+00 -9.965856824970472871e+00 -3.548623314588621014e+00 -1.693680044518115935e+00 2.257561709490946811e+00 7.253664515635161791e+00 9.771925370699875657e+00 8.289304411194265754e+00 -8.293738990706263081e-01 -1.639005403468150490e+00 7.510805868122318429e+00 6.792215350874375446e+00 -3.272978825497432354e-01 -9.237847013077928437e+00 -3.186452572826707907e+00 3.293293512460122585e+00 2.145363263215251948e-01 1.471775245572160884e+00 -7.736372316927104364e+00 -6.668820519326812857e+00 -1.559384571842404199e+00 2.176637889435861339e+00 -5.494371137597992671e+00 -3.437990241289615057e+00 4.784320298899025659e+00 3.156496548346314768e-01 -9.601409773195729969e+00 1.988827536399281115e+00 -3.894946691037876718e+00 -6.220775893848083271e+00 -6.233417278119770089e+00 5.271058995139540571e+00 5.298638964690677966e+00 1.053896742765857653e+00 6.851103966316422600e+00 2.017413737035001375e+00 -6.837252467744310280e-01 -9.404009124932882102e+00 -7.853797287358819545e+00 -4.022932641741157056e-01 -4.908246787993659765e+00 1.162552373027523345e+00 8.681787365146739432e+00 -1.993672378634727238e+00 7.771728145556714651e+00 4.938941364067898689e+02 7.172347610114321981e+00 1.452060601269053564e+00 -9.317134686073348604e+00 -6.928355002529635875e+00 7.096955353261218846e+00 -2.483494992336119367e-01 -6.243989844918875320e+00 4.717765875975739931e+00 1.562406085602550121e+00 -6.029781114246446805e+00 -5.331951885524000012e+00 7.968230494729731106e-01 -7.940833437456007005e+00 2.743870363008335644e+00 -5.860860761582218359e+00 -1.905995901129708514e+00 -4.716120695246424077e-01 4.043706622104819459e+00 6.104582853050857238e+00 -6.933888608216438598e-01 -6.086402063924682970e+00 1.837589488059174769e+00 6.498352012450226312e+00 4.487000867851575592e+00 -6.040566213849483113e+00 1.701243215447888701e+00 -9.473257633624177387e+00 7.132040390037570177e+00 6.026138133495010152e+00 -3.690742183908060525e+00 4.666970408117776969e+00 1.407985423633782318e+00 -9.095649500599545689e+00 -6.799722462013852997e+00 -2.901727924403996184e+00 5.753020293593332113e+00 6.884551018754983431e+00 -4.013283770401063322e+00 8.565428219302873458e+00 -1.012096804466036559e+00 -8.047141539690462864e+00 7.518385936612670406e+00 -5.596105454139594926e+00 3.070941776787620370e+00 -8.522000394179656269e+00 -3.165343954419739703e+00 -9.006616295198362820e+00
-9.956722760758596635e+00 1.033494454586048050e-02 -7.478748756842223955e+00 6.056817717196437911e+00 -8.787353855900260413e+00 5.187213602222373154e+00 5.595455559989161998e+00 3.036390098329968978e+00 1.384855204488822267e+00 9.778567531343419716e+00 -6.312553900332355639e+00 5.515943014950117629e-01 2.696020737580976601e+00 -5.908058114276686368e+00 -2.179984256283873378e-02 -4.818330742270633849e+00 4.404955191845424167e+00 -2.411340963497236700e+00 -1.425819264078512560e+00 8.126754868199157045e+00 4.133032179777345050e-01 -8.172631354337893228e+00 6.076732721533762316e+00 -5.030449576203150919e+00 8.919109927198721977e+00 -2.974080475151756886e+00 8.171943069338389876e-01 -6.774242786859209886e+00 1.142776000998594554e+00 3.139070832149364776e+00 -3.969722286062307148e+00 -9.502497272276555051e+00 4.561264023178585703e+00 -3.090994681164545455e+00 4.116344569543660015e+00 -8.094162784658093912e+00 4.561579125822433411e+00 8.690252866648449981e+00 4.102689253161880600e+00 -2.774959829745842654e+00 -3.290855969946171911e+00 -8.498547086528152050e-01 9.425760926652170468e+00 -7.735364848020871875e+00 7.379646475523021110e+00 2.190152183655857954e-01 -3.175370835078106246e+00 5.612708737460430086e-01 5.624200863931498873e+00 6.752927366475745430e+00 4.147725678573795705e+00 7.357634207618211519e+00 -2.503731642772740074e+00 4.329853908390504671e+02 -1.775287376552718399e+00 6.959031203142373556e+00 5.397560534404261645e+00 1.814742836774701829e+00 -1.927431827887504667e+00 7.065153350177649116e+00 8.840315196329836311e+00 -7.662271469069930063e+00 -8.137688513537950641e+00 9.147841764954396382e-01 6.320016443315125798e+00 2.458383077038593711e+00 -4.414382227409494597e+00 -9.197680401050117638e+00 7.475702304859137115e+00 2.496724074454091280e+00 -1.886136751414870361e+00 -7.270359454376347230e-01 4.995716069365013112e+00 -5.849846600752361958e+00 2.289939989193847225e+00 -3.595109897587858150e+00 2.665779934380008598e+00 9.109354057870394428e+00 -1.043699539171713653e+00 1.562152229397504755e+00 -6.277065258388923041e-01 3.793280926752251148e+00 1.540417426421207381e+00 2.472625409976192401e+00 -2.625659378599123350e+00 7.416740713893567261e+00 2.091164866675319089e+00 -3.837049191076989274e+00 1.620809001201816812e+00 -4.036473320741627013e+00 7.631722569041485826e-01 -1.909696796506938909e-01 1.580222070892993713e+00 -2.575342178793387227e+00 2.279283319624234139e+00 -5.593961178278941127e+00 5.342660906730243298e+00 3.085118431410453610e+00 4.313009088998596141e+00 6.750003253520549862e+00
9.665358366365232712e+00 -8.818484902239067225e+00 7.534288816997442240e+00 4.731212398933593022e-03 9.374900974884205596e+00 -8.308906910532911638e+00 -1.150338356735042922e+00 -5.102768246829745280e+00 -5.116273681479908575e+00 -1.014723123842315999e+00 -5.490209916365471621e+00 2.888234788323396529e+00 -8.241735426998175740e-02 1.024293822458242076e+00 -3.324832495969580748e+00 -8.034914604999032761e+00 9.270938637513552294e+00 8.121981950290802388e+00 1.994019379929898861e+00 -7.081558917508159468e+00 -1.298430556610172815e+00 -4.765888374149492179e+00 -5.454246567889846631e+00 3.081610535332703904e+00 -5.991320177581722639e+00 -7.110195655509041757e+00 -5.562976644672373183e+00 2.481785062611658432e+00 -9.153755146551233679e+00 3.619947166295553131e+00 1.907577660140235665e+00 -3.647338387570718155e+00 4.305361739453504200e+00 5.368740997185224018e-01 -7.344478422273203577e+00 -6.671976302952851157e+00 -8.583053023914432700e+00 -3.094916411618696017e+00 3.806319214880023338e+00 1.619280536474798637e+00 1.988152109788032362e+00 -4.947979903274015712e+00 -2.601719282234810748e+00 2.346226537849577909e+00 -8.932934463437510075e+00 6.298341230714058270e+00 -1.737308178055069874e+00 9.139425693149309637e+00 -1.666849705199467735e+00 -3.767241191557991087e+00 -9.733303667779580337e+00 2.929357963166292933e+00 7.864244477041136605e+00 4.148229707295739033e+00 4.876808136959471085e+02 9.773873093691289426e+00 -1.937970513614059698e+00 -5.230449240559485347e+00 8.839852018892401020e+00 -1.192312597273781805e+00 -3.162422809177007466e+00 6.840802190827449891e+00 -8.869726076845248386e+00 -7.237166639272234470e+00 -3.661179675048023441e+00 -6.499696339587894833e+00 4.676157311665900096e+00 6.025510264991854825e+00 8.541470147300930904e+00 -1.658178248554699863e+00 3.628661324934949306e+00 -2.020571301712656975e-01 -4.600119760995968754e+00 5.417991344224786232e+00 -3.030506147971809838e+00 -3.258233365451596697e+00 -8.995639778189941538e+00 8.888788560646318615e+00 5.812746148692351511e+00 -5.507937778801467843e+00 -7.929659318548281099e+00 -2.499559960228861399e+00 -8.657736436710244732e+00 5.577999680216372269e-01 -2.331716438532263069e+00 2.479840270850164785e+00 8.426700012716541011e+00 1.173110353514433157e+00 4.399163139547690449e+00 6.890178868582214733e+00 5.577326166234946925e+00 2.250156649512247142e+00 6.030120485752078707e+00 -2.024872121009375192e+00 2.363639494293586552e+00 -8.575683393654374598e+00 2.727783344958885081e+00 3.171064625027435468e+00 -8.120402771878858061e+00 8.094369295741365988e-01
3.254014965897621181e+00 -3.909701690425779752e+00 -2.636766551130087066e+00 -8.062433486256857407e+00 2.077117609193468439e+00 -1.920090330231678521e+00 -4.996127036700412916e+00 8.806011903151834019e+00 9.964001448721788279e+00 -6.230611884465413475e+00 4.674613843694130466e+00 -5.770216971226682645e+00 -5.917327866435238448e+00 -3.066234343310087596e+00 -7.119281253106375829e+00 -2.374236179763709487e+00 -2.381681431857685105e+00 -1.954910515490507095e+00 7.193298526759093647e+00 -6.977222498756243674e+00 5.599443656788871237e+00 2.020620925209302143e+00 -9.598105435722095180e+00 -2.619264799987988113e-01 6.884649072463343344e+00 8.786748402926395585e+00 -3.986049400971269918e+00 -9.944810125801629042e+00 1.927373805380494076e+00 -9.515087585708666751e+00 6.491156444514825097e+00 -7.035971442821107757e+00 -7.941955180206774045e+00 6.353086433507964870e+00 -7.528732302867524595e-01 -3.561736362176333159e+00 -6.717375431660331131e+00 -5.927314490575035677e+00 8.784502494050855148e+00 -8.435253822470363261e+00 8.009858225166475165e+00 2.356557014245385773e+00 4.474856948461257034e+00 5.683356746954792982e-02 2.231059045978881272e+00 -2.508861255149086311e+00 -6.144579784992460603e+00 -6.469385758676677867e+00 -4.892710180769186401e+00 -8.360099397536879806e+00 -9.007358079836931708e+00 7.694489942250744008e-01 9.847225149896136287e+00 5.265585056160686506e+00 -4.002069799601999378e+00 5.038386434498635822e+02 4.796083268008860756e+00 9.424173555718869721e+00 6.320218564198864186e+00 -5.344533417148671361e-01 2.308490953503783416e+00 -6.901415661418878855e+00 -9.326337420302941439e-01 5.503277569133986802e+00 4.526944428154084932e+00 -3.310846813698093527e+00 -1.118703423225868576e+00 5.410940064912137970e+00 4.054784327533930366e+00 7.195318946368711721e+00 -4.459936417625957716e+00 2.566785290358231109e+00 -1.858924450870436118e-01 6.739258703204473733e+00 -5.984786188233080395e+00 -4.484981127362859255e+00 5.079186924130954850e+00 5.738007322408140709e-01 -8.954225179876051044e+00 3.083810647090459156e-01 4.513415550698965717e+00 -2.763355590523470795e-01 5.509491716186289523e+00 -6.374224257627771451e+00 4.577580586473233737e+00 -2.021572882401212468e-01 -7.973975581916392663e+00 -8.475039967714241840e-01 -7.189812888486246223e+00 -2.012923103454675733e+00 6.047914205896557149e+00 2.146282034183302656e+00 8.298200223652330010e+00 5.804529892415292380e+00 4.865094378906375638e+00 9.304527162785547034e+00 -9.573318658469132103e+00 5.336018203039694541e+00 2.800336586292878849e+00 -6.344539453533744044e+00
-6.960321664280606058e+00 -9.104753189075188047e+00 9.712543186240196746e+00 5.190648858147968170e+00 7.768150235876603915e+00 9.777542184011075221e+00 -1.774048649575728831e+00 2.128466691360754837e+00 -2.124342933227996610e+00 -2.296664728165815461e+00 8.025115264449539154e+00 1.907593904797145967e+00 -6.330796904342317788e+00 -7.163744530403633348e+00 2.813776501830743015e+00 -2.009415396817049171e+00 5.618276903609229933e+00 1.438322543686707533e+00 1.023339185850611344e+00 5.851253978334071348e+00 -5.777155173957597256e+00 1.075315800557214985e+00 -3.880692159063221069e+00 2.880326637523996425e+00 -2.569623950809400981e-01 6.953406733166730191e+00 5.273514570184529404e+00 -7.360942786648028147e+00 -8.149862482476592618e+00 -8.447480222983084985e+00 9.654985040460395851e+00 -7.449071479931850703e+00 3.824718796788816988e+00 -1.761230263984895572e+00 -2.778611196586629362e+00 1.976741829357113289e+00 -1.530802137599840407e+00 -9.585645826758780075e+00 2.969295678667922544e-01 -4.653045459526992111e+00 -8.244014053983477197e+00 -8.592066857175439054e+00 1.035397147654890659e+00 9.171939287713243516e+00 -1.889283763024167229e+00 4.889806272798580267e-01 -6.193432765348014790e+00 -7.685223200266904087e-01 1.374296460611091675e+00 5.514050381012346236e+00 -3.372928198209770301e-01 9.102835416166946914e+00 9.775063202590519751e+00 5.126025875700053192e+00 2.576737140692390682e+00 -8.712031014339522983e+00 5.035929578817742822e+02 6.598968616178638058e+00 2.373179441645334009e+00 -1.960111915450946540e+00 -2.021452891444099897e+00 -2.575831659128818174e+00 -7.440051098891656167e+00 -7.698757319816333933e-01 3.595795786022467411e+00 -5.383477437241310781e+00 1.126819371082035559e+00 -1.268087475863151070e+00 -2.713422134062273727e+00 5.863803506680797639e+00 8.577426914542570557e+00 6.921703187971630200e+00 8.617553111665010590e+00 -9.017461522410471275e+00 -9.668749216164894023e+00 6.463775091204624346e+00 7.777200228774944435e+00 -1.182208071040056652e+00 4.271507541188254820e+00 9.464898290248342505e-01 4.565147610813260926e+00 -5.573826381059250323e+00 -1.556745229121938578e+00 3.004213285468919636e+00 -9.303585779358915175e+00 -2.125026072497691487e+00 -5.082869159742902099e+00 -5.156010837655149004e+00 -6.024785202767290571e+00 7.588923130038484288e+00 8.561441092281956600e+00 -5.458218136122335196e+00 9.794108184552403173e+00 8.709200238492385893e+00 5.576123853479744596e+00 8.793810022824054329e+00 4.364543963744441868e+00 -6.636478987889011805e+00 9.704138327631589789e+00 -3.884135277649917839e+00
3.032068187162732187e+00 6.935248270880055799e+00 -7.661460136762256568e+00 -4.040047505573629572e+00 -2.896010582176320014e+00 -4.830421689334665203e+00 -5.302357393027716803e+00 -1.136345701408622233e+00 7.761786189643959943e-01 4.545219360267868325e+00 3.840305697300205878e-01 -3.816051201760480183e+00 -2.210688223241970007e-01 3.308245888444698579e+00 9.643782843599385757e+00 -5.536519246610398071e+00 -7.863597381199173952e+00 -8.279158661805317010e+00 3.263036933471193279e+00 5.967869131679515604e+00 4.770837509329897586e+00 3.940030674968429736e+00 1.354623009894666552e+00 -5.270819825555292937e-01 7.025482410592353233e+00 -8.430688379557532031e+00 -3.415168830192982341e+00 6.545669402045181329e+00 1.081940380992882922e+00 5.305281712362619473e+00 7.771659871456332525e+00 -1.121194146151312410e+00 -2.989382818965868438e+00 5.721081762038302543e+00 1.105962105221625080e-01 4.104229864161796471e+00 -1.780997012970104265e+00 -6.856298466640160072e+00 -7.593173252228830883e+00 -6.516761193730758350e+00 4.529030927864642564e+00 7.326217990303220517e+00 -8.882965316378061971e+00 7.861556653243827242e+00 6.378264064728725202e+00 -3.109035059989826877e+00 8.894582588665628009e+00 -4.065698806196254012e+00 -1.742265358385594709e+00 3.026879879886930524e+00 4.299077795468964069e-01 4.060676385684590883e+00 -4.609306201995582164e+00 -6.364014849314991729e+00 -7.332258154655606930e+00 2.351491162359103271e+00 3.499741370537812202e+00 4.750778066925269627e+02 -4.929336382879860423e+00 6.141432865299194077e+00 2.334644734700070501e+00 -2.331210204161433097e+00 -3.157607996586257570e+00 8.430798673551542777e+00 4.590357949030856588e+00 1.005988666340289939e+00 -2.320496589795015829e+00 2.112483089879626519e+00 -1.584748636792408405e+00 2.398135592377370173e+00 9.188954250035653359e+00 -5.840057698358656069e+00 -4.082603972582353080e+00 8.315119366357979658e+00 -2.935464643258336892e+00 -6.881669236826630787e+00 3.912855914978264238e+00 -4.941484965253173378e+00 6.175578115266983303e+00 -5.616166671280506506e+00 -6.274938036652251583e+00 4.070900426546641526e+00 9.185785823683360718e+00 9.345184423704271381e+00 -8.974037927845495588e+00 -9.396136724261571871e+00 6.561419725869953368e+00 7.302077192015005380e+00 3.616475780568361387e+00 -7.567549699712081690e-01 -2.720413755650681331e+00 1.044697408877581779e+00 3.151613584826311154e+00 6.935788709916096195e+00 7.338740742024601360e+00 9.858141745763628450e+00 3.311289718315668651e+00 -5.168303333865907234e+00 -3.182836041698742235e+00 -1.734179408582956938e+00
5.186766953008941528e+00 3.974656251725523504e-01 -8.424527049341323348e+00 -7.723794878599401059e+00 5.057102459787547133e+00 8.589775826818872417e+00 -3.586268101204820979e+00 6.069867487672610196e+00 -4.162614052326181202e+00 -2.114524245172244576e-01 2.970164667605267539e+00 3.357750927179250056e+00 6.238233530847161035e+00 -5.827030366846619458e+00 -2.662184189882133012e-02 6.117671197664826366e+00 -1.052115106110061760e+00 1.352270590375365344e+00 2.913411400280335073e+00 1.360611326989694447e+00 -2.550247786187576082e-01 -5.923439793647675700e+00 9.444480805861594774e-01 4.087169080704660118e+00 -2.527779334350102047e+00 8.577183209981352974e+00 9.943054223302322470e+00 -5.459430302351922393e+00 -1.419820879115501810e+00 1.094573639478142013e+00 9.430258718686211239e+00 -3.841889626035723815e+00 -9.224225829581136793e+00 -9.140905890516764387e+00 -4.014413251666208993e-01 7.914100616997114201e+00 -6.655197980673579039e+00 5.323326384772130382e+00 8.660835860653605778e+00 8.733306693402195009e+00 6.185282616367949515e+00 1.816665258839682551e+00 -4.137431156434525192e+00 -4.390699547069020880e+00 4.165006169758493471e+00 6.992731970596267388e+00 -3.312120393558508624e-01 -7.331659698112858337e+00 6.484154711428274709e+00 -8.635692609251503171e+00 3.168748180775704526e-01 5.995515636810843318e+00 -9.759442260472113162e-01 8.452708052561426655e+00 -6.372454546349503701e+00 -2.151308029258984789e-01 -2.202139412858425516e+00 1.030896132697282752e+00 5.231109818600032213e+02 9.075918817284879481e+00 1.685078112764077929e+00 -6.916857928576738423e+00 9.388052305278083765e+00 5.600647290216791419e+00 7.763703144473865336e+00 7.504299800106373652e+00 -8.861440277667025356e+00 -7.584640814900045491e+00 -5.769308636241796684e+00 -9.271005864840409672e+00 1.181070117644356543e+00 2.984342819010535663e+00 -3.292638900423305870e+00 -7.392574640806657271e+00 -4.322379882470577250e+00 -8.347482568281140658e+00 9.283336784079274651e-01 6.450635672653699970e+00 -5.580979015014841949e+00 6.650382280110861188e+00 -1.650155007136149266e-01 9.988626032141588951e+00 -9.043170703205195338e+00 -5.161615529135490377e+00 9.798547811244592509e+00 9.802571304749051251e+00 -8.784250075566479410e+00 3.533314129605653164e+00 2.594440045976417863e+00 -8.437829475461109396e+00 -6.461561417693786780e+00 -8.811095668018825933e+00 -2.181384313351433235e+00 4.908601099330605066e+00 -6.096577010050068246e+00 -7.373009512523056586e+00 7.995630496933685549e-01 5.288492581278834592e+00 -2.714972303632214867e+00 -9.841504232165497967e+00
3.378740090891270142e-01 1.946855274316398265e+00 -9.635644274958110600e-02 4.537374291609125976e+00 -9.443532097860966701e+00 8.660013317138552935e+00 -9.668060346916124814e+00 -5.016695016217937564e+00 2.887822511609630993e+00 -5.474781186327897231e+00 -4.244619023554399462e+00 9.846855831894419708e+00 6.517263184308426105e-01 -9.211079545672928859e+00 5.257378980940037749e+00 -6.175371701870016494e+00 9.723795372602733522e+00 -6.955089235008347082e+00 8.090371250400718139e+00 -5.475812920960480668e+00 2.775834014123972793e+00 7.363790780705421923e+00 7.214994533803483989e+00 -1.649252878916273701e+00 2.975096431196988078e+00 4.681378324137542180e+00 2.554745840092509823e+00 -6.514744710435556030e+00 -1.735519431345498020e+00 7.789469229681294848e+00 -4.580031918335450314e+00 -6.381993772037379387e+00 -7.574545937730114531e+00 -3.782816922106182034e+00 7.452398786333677805e+00 8.056689875212249774e+00 -4.057186329015712190e+00 9.023149511165570402e+00 9.010512176298696829e+00 2.533486681036183796e+00 -3.342396345016562798e+00 -1.763102348356934357e+00 7.680997632938773023e-01 2.641203479942092258e+00 6.351962734859924353e+00 -5.015881607702121769e+00 8.061304864861028818e+00 -5.784014042126672805e+00 -1.865653638792579727e+00 -9.867541137470311696e+00 9.076583928455296046e+00 -5.388332677709879448e+00 -3.345384180493342186e+00 1.079978709305809303e+00 9.468772050629258530e+00 -5.047764645058164135e+00 -7.165101481835185027e+00 -6.545476319699172763e+00 -4.044146067951785994e-01 5.031819663006326095e+02 -7.650891760092335403e-01 3.549586446556951103e+00 -1.228853693415850046e+00 -3.108302552436271071e+00 -2.788812434420064434e+00 -2.138617948641805100e+00 -9.287185145817559828e+00 -5.640808967828860432e+00 3.186617298036978241e+00 -2.965707891500553472e+00 -7.754132898487366532e+00 -7.582953774540184710e+00 9.045493512410072157e+00 5.800334202520840421e+00 -4.358799283050512230e+00 1.226095580189273448e+00 7.554179374653507750e+00 -3.125718058109607789e+00 3.003695891937933737e+00 -6.181094196818173181e+00 -6.494125583092682064e+00 -7.556008871514874770e+00 -1.826951283870183573e+00 -5.206861771589885279e+00 -2.845196635261930673e+00 2.973543107837240740e+00 6.679690219897679526e+00 -8.630284983890206263e-01 -1.001002744488591389e+00 -2.683860615656625370e+00 6.430836501533832461e+00 -7.472663001658212956e+00 1.362898504163780444e+00 -1.123332181525269036e+00 -4.692647657275257345e+00 9.039252876085583921e+00 8.637450624233554919e+00 -4.345211101648480678e+00 9.993669080149114592e+00 -3.549029795323603409e+00
-2.816402833324389121e+00 -1.160875382087168006e+00 -2.628074471518464961e+00 1.313363149797051932e+00 5.043940007766178013e+00 8.092351108682784400e+00 -7.932823501403989397e+00 5.955964186588609266e-01 6.026099387014149045e+00 -8.074556588345229713e+00 -1.483148076828653572e+00 6.705963617869947768e-02 5.262895170480241802e-01 1.542217693553695312e+00 -6.501137741106377987e+00 3.123070223088200592e+00 -9.727077050219905985e+00 -5.851874938504617596e+00 -3.686354970452089930e+00 -2.320574066453550799e+00 -5.916363727841488895e+00 -7.871547492228597065e+00 -6.325050428737619690e+00 3.720138951942919547e+00 -6.982364802121486136e+00 3.113274398334983317e+00 -3.291609268936861454e+00 7.393288247983647921e+00 6.917012458138000142e+00 -1.640336838957942689e+00 -9.401355357841730154e+00 4.433122962557956015e-01 7.607148744329570889e+00 7.573028105112644681e+00 4.418160751889159243e+00 8.539402985213392583e+00 -6.637327546227426822e+00 6.809934040070686478e-01 -8.041202636188188535e+00 -8.685955117078297150e+00 6.405824050283698057e+00 9.583020998336873930e+00 5.344134705663467599e+00 5.369137373801386559e+00 -4.819569434838126831e+00 3.971813441666043332e+00 -7.396183164473923988e+00 -7.169513361367856774e+00 1.687211747841610432e+00 9.253558624055596482e+00 -8.236805525904147274e+00 4.446918086303185191e+00 5.293670617334512940e+00 2.181637742180871697e+00 -4.317224986473711112e+00 -4.925268437281107303e+00 -5.143109026381463167e+00 4.003799633624261389e+00 4.061454911307340154e+00 6.223192402218277408e+00 5.483537552230409347e+02 -3.980358072434711403e+00 8.189824001607028947e-01 5.325909032444231528e+00 -7.689118134493064360e+00 -7.611356577995699979e+00 5.015430609674789153e+00 9.323754762332303159e+00 -9.301547228461444661e+00 -9.015217604634200299e+00 -8.194618276001769175e+00 -7.325027443119007664e+00 6.278832121206782801e+00 -9.952358141704815253e+00 6.878066033401530888e+00 -9.566255288113968192e+00 3.437218485382956601e+00 1.374973456999303068e+00 6.191635820792864564e+00 -8.556214558232769107e+00 6.845464511025191712e+00 -3.095740999724800879e+00 -9.158679049037449005e+00 3.873890500251997437e+00 -1.780823737704242404e+00 -4.367976802808019698e+00 4.353983091237726200e+00 1.947849441745269417e+00 8.559588589548528859e+00 2.048022752635478838e+00 5.044755326056362676e+00 -3.242554167898441975e+00 4.649460896445509306e+00 -5.931054966508238380e+00 -6.034663938866771105e+00 -6.740122661915995295e+00 -9.618248743439259840e+00 5.365620058665545145e+00 -7.062774884562554867e+00 -9.737796663397983110e+00
9.072046988174164994e+00 6.860448333574336033e-01 -1.454894722023320597e+00 1.451027571866653432e+00 2.511514690935779726e+00 5.587543203344107923e+00 -1.569095077998657217e+00 -3.534002434622522948e+00 6.623164780246540317e+00 1.394074407407737581e+00 -2.228798247121533294e+00 -7.223798949382822521e+00 -6.709573327632285533e+00 5.455664916094388417e+00 -2.736935950368386550e+00 4.855340952414293199e+00 2.496101773177741734e+00 5.664652071428136537e+00 -6.650459756420177726e+00 5.887600076641003710e+00 1.677612721133625584e+00 -9.246908985446047780e+00 6.869325751273848368e+00 1.965635119209537152e+00 -6.973032067537278778e+00 -9.482346427682827539e+00 -8.780651775975787388e+00 8.713811093081339720e+00 -3.462106129401743004e-01 4.374699407784714111e+00 -2.614573760509131262e+00 8.896870771528497812e+00 1.501487152657702495e+00 -3.531702754711711911e+00 -7.910594914123745269e+00 3.266848024253693694e+00 -4.396711289313197213e+00 -4.119698824138495752e-01 1.692109359422559578e+00 -9.434789693928351539e+00 1.225129806706004132e+00 4.418992197907114061e+00 -8.360789532147254732e-01 -5.178952882593856444e+00 8.062965464885408551e+00 -9.918343381574878492e+00 -3.465743377891445931e+00 -3.046921572316019677e+00 -4.638594834272515399e+00 4.684353571108051284e+00 -4.603189659331780703e+00 7.151543828231883282e+00 8.418367246858263542e+00 7.132663691456730959e-01 -8.803941319328423276e-01 -3.921978362788873795e+00 -5.624356801137190942e+00 2.143082526138016419e+00 -4.447366662909868040e+00 -7.232433660380825913e+00 -4.223820797760482471e+00 4.889539136745011092e+02 -8.454712832788516153e+00 -7.730629849298313871e-01 -1.049406104228873815e+00 -3.318230986914787906e+00 -4.714575158445002856e+00 4.364477463830862547e-01 2.992100530256394109e-01 -6.876415806157689659e+00 7.908217546348563332e+00 1.388008083835147843e+00 2.916832568892873567e+00 9.025720990103735630e+00 -2.866292152918942904e+00 -7.917583283130273486e+00 3.004045579925271880e+00 9.404124155125593632e+00 6.818114070599875731e+00 3.984023180302830980e+00 9.982792595684582437e+00 4.300178713662109686e+00 -9.062787572376677758e+00 3.619558769610380367e+00 7.877395367775651636e+00 -4.729617678738769371e+00 -3.895647564831423715e+00 -6.081210100176528854e+00 -2.052020990387828370e+00 -7.063191544025972490e+00 2.676525097240570972e+00 8.958471270923617169e+00 2.036952958372033606e+00 -8.573715733107825088e+00 -5.773283723151969582e+00 -2.871350769484804388e+00 -9.797978788248961735e+00 7.554320937356330035e+00 -9.667259411056930318e+00 3.359302428104129490e+00
6.230319520792381383e+00 -2.352377104218071224e+00 -9.608420068584813123e+00 -4.230922995995511471e+00 -1.109202354958805259e+00 -6.974080667193542915e+00 6.395569069588290745e+00 4.998627593712964057e+00 8.239666571944205486e+00 -4.801173891799628279e-01 -4.943533722159392241e+00 2.811039089065644703e+00 9.719006553660815229e+00 -1.312015735743210954e+00 5.241640634018366995e+00 4.580497254327902112e-01 -7.973980538699736442e+00 -6.225704003665153863e+00 -5.643915572138114456e+00 6.194513224113212146e+00 -4.476060167775949949e+00 8.655737470850844772e+00 -8.299790724443585788e+00 -6.555226810289380701e+00 8.544946493867680459e+00 7.992653441963653904e+00 -3.955023278842110912e+00 -5.076880695697870038e+00 5.733565877361195717e+00 5.552548064234875014e+00 -9.724005502437396586e+00 -2.198595586223794918e+00 6.912770806794213740e+00 -6.402101219081166583e+00 -5.556337707667324821e-02 1.505240401373109549e+00 -2.531822811650066285e+00 5.522073859273540108e+00 5.501106966372494966e+00 -7.324434443403342598e+00 -9.893049671831661840e-01 -3.490571869584176312e+00 -4.818088425634985406e+00 2.069834186151604527e+00 8.624815483266466742e+00 -9.110902587437442079e+00 -4.205408998397062170e+00 2.220557579415116223e+00 1.604034151258417751e-01 4.110229408021467634e+00 5.971299957522793633e+00 2.729020981348959651e+00 -3.519618407400873394e+00 1.360688525646319036e+00 6.663634334881102461e+00 -1.867536625919745674e+00 2.670647632701918184e+00 -5.903872605123757111e+00 4.037110028849113519e-01 -3.445627712169918588e+00 -2.699112932700296064e+00 -6.354928564905526045e+00 5.118389601683204546e+02 3.288992310336382729e-01 -1.817204430278017924e+00 -9.241104788694878280e+00 7.439978662273492915e+00 6.770878369596683655e+00 -8.081262537510085053e+00 -9.571195713385094450e+00 6.912910406698976828e+00 2.534064500723872015e+00 -2.848842373966819608e+00 9.329734357108815601e+00 9.673032128414476460e+00 -2.709156930399714724e+00 -9.613997409435462771e+00 2.174722610984058946e-01 7.109509577427534310e+00 -4.369796980071751769e+00 -8.840166625605050399e-03 5.937388989375236292e+00 -9.124528267778401869e+00 7.446507171714070950e+00 -3.856523701870900211e+00 -8.829658213620742657e+00 -9.849544649681599040e+00 5.320185389483938820e+00 -3.413327058871113984e+00 9.191739378667683980e+00 -4.669276499461694208e+00 -6.161118093989143674e+00 7.255028188468582329e+00 -1.089762808662520399e+00 -5.193360168745646988e+00 3.017016710633221521e+00 -1.446825963991926756e+00 -6.155843269156699549e+00 -8.721734011309891343e+00 1.235420027615761640e+00
2.486256305698208990e+00 -8.909735504318126331e+00 -3.809168728476048926e-01 -8.696156576743199196e-01 3.029857996631655226e+00 2.756549788015430380e+00 -2.153397752732462145e+00 2.625488808152979914e+00 8.693678904553831188e+00 4.706396771411256452e+00 -7.182865306591736498e+00 7.741492936072134512e+00 -6.295592485150129924e+00 7.863004580284417955e+00 8.058176469852192270e+00 2.226734500035812303e+00 -7.544609375077458324e+00 -8.312789142239232376e+00 -4.428711594689551667e+00 1.081363286045142758e+00 5.029459076263870898e+00 -7.528952556230219528e+00 -2.913527845993373333e+00 5.230214976803084781e+00 -4.024913755514127445e+00 6.392282273459670705e+00 -8.815578266010028585e+00 6.451811741431292546e+00 -5.635826064800395940e+00 -8.454646589002106083e+00 -7.826135129598266182e+00 2.026800067951551654e+00 4.089889442741450054e+00 1.628309167035517646e-01 -1.410770178992002855e+00 8.333354364362595135e+00 -7.521215326780961163e+00 -4.978156719128621788e+00 6.833123926775709123e+00 -5.128955461577707098e+00 -9.364056660895689888e+00 -9.051508836933727764e+00 8.646332804014662088e+00 -8.309135567900796104e-01 -2.640542698836787494e+00 6.398962932741891763e+00 -4.078634680594945827e+00 -3.124431055849880678e+00 -7.655740207703614075e+00 -8.276501956445907027e+00 -8.062211441532173950e+00 -2.406964836221881399e+00 4.193199966465376960e+00 -4.740890114619739748e+00 -9.724793437916821048e+00 -3.090493244340828838e+00 -2.229357482772760690e+00 9.980673184318867186e+00 -3.653313135662886069e+00 7.871665256498019403e+00 -6.015424839156722214e-01 5.110257960125242249e+00 6.327183294972385852e+00 5.276274750121581292e+02 -5.335543446249526589e+00 8.802931567897200438e+00 1.797584657323252344e+00 -4.266593020183728768e+00 -1.494899015109938389e+00 8.307803524512831217e-01 7.398549680804883621e+00 1.596091685719756015e-01 -3.303798453223832254e+00 -6.300945116919467459e+00 -3.005059370039687039e+00 1.605863984436073366e-01 9.227500085123931939e+00 5.825654116231204327e+00 -3.780825656011987945e-01 4.588663083772559048e+00 4.111077899146089010e+00 -2.053453291058698227e+00 -2.414887196527917723e+00 3.627089999383983354e+00 -5.137755500410121634e+00 9.495666954893302147e+00 -4.661459866542740471e+00 -9.007456315922091505e+00 -8.394625296228227285e+00 5.843170951528096069e+00 1.795499130047716108e+00 -8.542005933256609396e+00 9.664662233163102911e+00 -4.934654839856127850e+00 -3.985737031199565905e+00 9.263666471315662676e+00 -6.118257727744675911e+00 4.194455318735601068e+00 -8.158305178596378937e+00 -9.439026485961782953e+00
-5.996980958535473860e-01 8.797851370550731076e+00 4.537657520276034973e+00 -5.102452440025786018e+00 9.348645988639958659e-02 -7.169938031844099058e+00 1.495772281750030075e+00 -8.950474289594176014e+00 -5.482859552700302785e+00 -1.208082813224262253e+00 2.471376159092173452e-01 -2.053796888922025943e-01 6.381316234462907744e+00 7.043682757640546299e+00 9.338988560718746612e+00 3.299660020376098402e+00 7.817891193118903459e+00 3.869632118961973788e+00 7.237342766457146581e+00 -4.563423814124192290e+00 -3.657117592092813396e+00 -8.402548910355410072e+00 -3.361756758898333253e+00 3.214775414006574294e+00 3.960993384517056626e+00 -2.836474814492810914e+00 2.777757609822801399e+00 7.699685842126857693e+00 5.455772463343457446e+00 -4.065075535581740951e+00 -3.748712197479067143e+00 8.916028440458674709e+00 8.133159408820560543e+00 -6.920307641456893144e+00 1.372955262245920238e+00 -9.567321502834309044e+00 3.673513879678839800e+00 7.127856337254172558e+00 -6.803254983676341183e+00 7.155580185719017550e+00 -6.111062755424214288e+00 -6.206476352830629928e+00 8.643863898688181280e+00 -3.087837311890211822e+00 -5.133334320013003271e+00 -6.468452970866716001e+00 1.319083457035612028e+00 -4.958484754556184981e-01 2.580326433070769809e+00 1.265274404443168521e-01 7.384116404180495863e+00 3.710696093583889521e+00 -7.057257860119552362e+00 4.899690798983360907e+00 -6.193549843831290147e+00 -9.678008878038093954e+00 -3.567441566663685393e+00 1.853753101162068262e+00 2.070138810260617745e+00 8.323221385439079967e+00 1.521116849807988558e+00 -8.753485778755038638e+00 -5.398410647417188457e+00 9.096265872949725662e+00 5.264286629031731763e+02 9.025426569048928371e+00 -9.728959093196110075e+00 -7.794025287681467518e-01 -3.467117779638653197e+00 -6.060435157012758367e+00 6.243674692675909910e+00 -9.399143907932263176e+00 -6.470004976066192626e+00 2.789250966898430661e+00 -8.055606577240258304e+00 -6.669177208508363819e+00 7.806811820247038014e+00 2.381281055849386874e+00 7.111949664283919503e+00 -5.072258414063268717e+00 -7.863832833545774115e+00 1.332614190063843296e-01 5.231668773708371134e+00 5.985660358726880403e+00 -8.714264149534468373e+00 -2.120684869006095319e+00 -9.411354995698918202e+00 -2.968659277731919843e+00 -4.968511146931020583e+00 -6.502909412028601288e+00 6.461719731048454207e+00 -1.036718779726156114e+00 8.028405372595656786e+00 -9.257907704376332703e+00 1.535140919334168075e-01 8.925742042117214226e+00 -4.238496162139274048e+00 6.866225020273734714e+00 9.966471854794054508e+00 1.668299843386405357e+00
-6.528147302456486223e+00 1.835890834290431428e+00 7.252698221695002445e+00 -5.091246744838175964e+00 -2.781823027796603398e+00 -2.750757818463549498e+00 5.152476475596706962e+00 -3.377469748042949860e+00 9.504532716303675244e+00 3.096823213573909328e+00 -3.209085530533339892e-01 2.894019058539260669e+00 1.642073649957788817e+00 -1.055321101377337811e+00 6.956409007006602252e+00 -7.652291957160182179e+00 -4.445213463034467516e+00 3.848326024024332881e+00 3.093284885203313905e+00 -1.111633094599271843e+00 3.965440234308704959e+00 -9.012583598807857754e+00 -8.481205313382574218e+00 -1.968373503539964986e+00 -7.279888419677025269e+00 -1.357929954507973491e+00 2.958965929042436827e+00 -3.720590281731668725e+00 5.737192109117071226e+00 -8.466360323445677238e+00 -1.161293605526413586e+00 -5.075938743910484163e+00 2.250499836886119098e+00 -6.430309382579702415e+00 -3.504237744595282145e+00 9.107455837298147117e+00 6.312705255029548823e+00 4.929939593279186738e-02 -3.231876607806736246e+00 1.514772129561933411e+00 2.509421681981397256e+00 9.236673694428439774e+00 -5.933959069619647586e+00 -5.458986759272599798e+00 6.018516619321079730e+00 -8.818820141346343178e+00 -9.683991048955853387e-01 5.389757107200257025e+00 -8.058762139691097559e+00 7.444018650666691883e+00 8.197243765388133596e-01 7.188574739909213918e+00 2.300739848486783146e+00 -9.113745536371258282e-01 8.860052978064491214e+00 -9.398141380079604090e+00 -2.419936233326327013e+00 4.360088051963240119e+00 -9.323031325952173987e+00 -7.565117171035213417e+00 -8.008431180707148656e+00 -3.470457603915988898e+00 8.502060423898672781e+00 5.401882132068504205e+00 1.116348236361039525e+00 4.982522525457194433e+02 2.169462926166275452e+00 7.714460010836337034e+00 3.706764326936220044e+00 2.064633334465408865e-01 1.527823642721639175e+00 -3.923915727347302429e+00 -9.066254167342655990e+00 -5.512413803672586710e+00 -9.412400277960731643e+00 -3.616781591709128385e+00 8.997202798812921287e+00 -1.774182984960894771e-01 7.427122888781532595e+00 1.345920534968307436e+00 3.618858729135549623e+00 7.888745009864873481e+00 5.315283585156517887e+00 5.226527392545175843e+00 4.902170134806834056e+00 5.689737875390761701e+00 8.988539957872742292e+00 1.096268115294623868e+00 6.826045250418811605e+00 4.551569729079920634e+00 -2.210118261272262075e+00 -5.249376928958191968e+00 5.488774882758228557e+00 -3.860409694762589439e+00 9.697806068092098997e+00 -4.814908003487319732e+00 8.694726237662557367e+00 -4.193968298150323903e+00 -6.939141226951530683e+00 -8.100227100174917538e+00
1.572582851461463704e+00 7.186827931426485350e+00 2.724069697284736691e-01 2.744280389301819056e+00 -8.032174252497680911e+00 -1.546763296395743836e+00 -3.962141317689660269e+00 4.236841607091925255e+00 -1.062917349741610451e+00 4.101186511808476709e+00 -1.781061801511542697e+00 -4.973701102385637007e+00 -8.264169108830277111e+00 8.740553984855420566e+00 -3.123509182107840232e+00 8.699698904412606737e+00 -9.930836659619490803e-01 8.698046640655050510e-01 8.499015537362250683e+00 2.565612682309241777e+00 9.513432045952306737e+00 -9.796867778913638247e+00 6.492481090051825277e+00 1.281608634186646611e+00 -7.969566369852554288e+00 -7.994306481590875535e+00 1.968346073315910161e+00 -6.331373746307866313e+00 -2.293886791083794563e+00 -7.950553746531476840e+00 5.393018156318520440e+00 8.647324234357828487e+00 4.826333868181130526e+00 -1.835716762352516795e+00 2.878360191051266170e+00 -5.001015366334764067e+00 9.741220021770597981e+00 -9.574530012717797689e+00 5.723982348191391623e+00 -3.979050463968163420e+00 9.037711404988925779e+00 -5.292864669767123331e-01 6.008115716113973548e+00 9.203640054964740358e+00 5.559513693895352660e+00 -4.614901193141340840e+00 6.533464056891862271e-01 9.345918695672782661e+00 -8.997230241634625258e+00 1.132919199949135702e+00 -6.259519544695713478e+00 4.227152470688725572e+00 -2.035105445124447243e+00 5.393587370672054959e-01 -5.197527629158056328e-01 -5.326967991449144790e+00 3.341352776434497684e+00 3.460495515213789730e+00 -7.483663356695187119e+00 9.642204786017327223e+00 -7.169624368427562899e-02 -7.849516134915567989e+00 5.519046822177173794e+00 4.719681258798225088e+00 -7.490599180597841134e+00 2.564427939561024772e+00 4.992089517623138022e+02 7.440607429028933240e+00 3.991961362772350697e+00 9.074975284338197667e+00 -3.457906242820620868e+00 -6.591597014770067986e+00 7.848215011341871161e+00 7.329617371268128068e+00 6.102441749171891416e+00 -3.967414343283608424e+00 -3.004193914545267852e+00 1.626293667047944425e+00 -7.611870778944682669e+00 -2.973758555815217974e+00 4.562874503051698838e+00 9.132521512877584513e+00 4.651699826732970777e+00 -3.339111537274770392e+00 5.707925377969580438e+00 -1.301210227564496336e+00 -7.947913053684940721e+00 -8.944818271398542464e+00 8.473959460015308309e+00 2.046100803204886631e-01 7.426344524984042295e+00 -1.062738798882740809e+00 -9.432629396871590188e-01 3.786286370057876383e+00 -3.477136663810793671e+00 -3.564464581684713806e+00 -7.193258062626206595e-01 2.432654161731662157e+00 8.567768301966754763e+00 6.497320159206900314e+00
8.884112555482229112e+00 -1.918456940184157133e+00 1.074415049958368229e+00 7.060049913572370883e+00 -6.043637898600618286e+00 -8.558914105607641432e+00 4.512995643380953936e+00 7.907743909184453912e+00 3.400280495567660211e-01 1.959359381663761113e+00 -8.374654376491044161e-01 2.280710792857892244e+00 -4.728695241494045298e+00 -1.306298111943888784e-01 -6.878991724821510445e-01 -5.685371099401777428e+00 -1.420739987905131230e+00 -8.579226281779792629e+00 -6.691731204648796449e+00 -9.624348752042742206e+00 -5.607237564081273717e+00 -3.670190417828830931e+00 8.403247679287552785e+00 8.831746369288939746e-01 -8.589072550921114768e+00 6.202316906215109782e+00 -4.531430584280684570e+00 -5.416673309879764808e+00 2.428460675124011203e-01 -6.174452345568040457e+00 3.936566610020818757e+00 7.557162376533412385e+00 -5.544269757184164149e+00 -1.805234456401976217e-01 -2.344623768261088870e+00 -2.378137004891587303e+00 1.063596337076059939e+00 9.166865785164311831e+00 6.056823238835679746e+00 5.760941938427313502e+00 1.795491179244088187e+00 3.851064191372373102e+00 -5.147588438499504093e-01 7.355913056977886555e+00 5.082349410523860911e+00 1.480494081735017176e+00 7.793793907550636391e+00 -8.489538401620627894e+00 -8.294954289468863706e+00 -7.849822602103153635e+00 5.223764674987656065e+00 5.500371570802418120e+00 -9.445781204996933411e+00 -2.779194509254332424e+00 -9.070433355128443509e+00 3.866852867153713902e+00 -2.339056439323316638e+00 1.880703655210446357e+00 -5.993869264403455688e+00 -8.104424329558879592e+00 5.106075578937582904e+00 1.981745987147391475e+00 1.976580678790618606e+00 4.870243163505387329e+00 -4.331394460422388626e+00 3.458388244757191643e+00 -7.643779899889970864e+00 4.735805506376427161e+02 4.067644064402957227e+00 7.601523472723005881e+00 -1.709715765436005341e+00 -8.819254643863736476e-01 -6.610399235703578569e+00 1.710552545730905649e-01 -8.487378202565485807e+00 -6.850804074942972832e+00 1.412673105876102397e+00 -9.293542866945415426e+00 -6.876226863471504025e+00 4.106531291460139954e+00 -4.166639619443628817e+00 -8.821849508009517393e+00 -6.053525659210110987e+00 -6.319096142556253071e+00 -2.995776511992822577e-01 2.849815330132942748e+00 -8.829426327992411672e+00 -4.932417368233390498e+00 -4.040257498067565400e+00 7.766357991819162976e+00 -8.660556921962392352e-01 -2.041739473475927547e+00 -7.793173929309515913e+00 2.330656148133867234e+00 2.977047837131808095e+00 4.053230510578984536e-01 -4.551192056254198093e+00 5.633126349304852454e+00 -2.880646398118191343e+00 7.838116361858361358e+00
4.389374332371678733e+00 -4.901772865303220428e+00 6.081782334970910142e+00 6.855315445792786733e+00 1.735138462203313026e+00 -9.401361012747601720e+00 -9.596853940910509806e+00 4.363997340424800697e+00 4.314493247380932317e+00 4.809873832049884612e+00 4.049692860953497231e+00 8.371903623905524228e+00 -8.451304542311357082e+00 -1.967455718593294378e+00 -8.601569353714399568e+00 8.154658284438440319e+00 -9.312126742769342158e+00 9.694137963556240578e+00 7.072503283085683989e+00 -9.201499615608952354e+00 3.203553334758815652e+00 -5.793920326645762842e+00 4.676777864131068441e+00 -1.266032824513658284e+00 1.587265214648947875e+00 6.959824130550753551e+00 5.229279310344898235e+00 3.145243435199940762e+00 -8.912985914818348121e+00 -9.040705359135991159e+00 6.870527339049562698e+00 -1.821721247164651558e+00 -2.199263762960638857e+00 4.845114018301444503e+00 -8.513364780985760660e+00 9.899681877589756596e-01 -1.625878197950870074e+00 5.876501686407047842e+00 9.457699476440883046e+00 4.816435343425784055e+00 -1.556663990716234736e+00 -8.887639264190935862e+00 7.083611393888773478e-01 -6.161988732764919874e+00 1.859792531555353179e-01 3.964269059165852482e+00 -1.966116654370431149e-01 -6.081575141359882863e+00 1.543083638921160627e+00 -4.711699646568496824e+00 5.004900114001642919e+00 -1.217196794479505684e+00 -8.872618254454565090e+00 3.143442661730901477e+00 4.090207420362517610e+00 9.125720532926052897e+00 -4.512552533970238144e+00 4.931697523063036215e+00 -7.392818775699307565e+00 -7.574316231245765252e+00 -3.741819379533460221e+00 -1.424359162922993249e+00 8.981353032887284371e+00 -6.405751327860875755e+00 -5.970695615923286681e+00 1.358871843395181855e-01 9.881061111463509405e+00 -1.696915860538329213e+00 5.213322760956292541e+02 -6.755911860490582121e+00 4.487502416593983412e+00 9.986509142472645095e+00 1.201330801077551413e+00 1.990124115001119520e-01 -9.827111497596829892e+00 5.431408184452607202e+00 8.164730653760372547e+00 4.542131416603270466e+00 -4.481287159676734078e+00 -7.021376835963928364e+00 1.720263359183249463e-02 6.866391795030491352e+00 -7.979887634548945563e+00 3.598190838432167027e+00 8.549984817312996199e+00 -1.057651639513931485e+00 1.677834379598730052e+00 6.821790835707382428e+00 8.707893826186889896e-01 3.641139938549962096e+00 1.636050813951325011e+00 4.146484113309147901e+00 -6.307788238773504474e+00 -4.160265386174815561e+00 7.493225606300430996e+00 -7.935838388761027318e-01 -8.177050075358835102e+00 7.099438698688199878e+00 -5.683794915963136241e+00 -7.534228486802890146e+00
-1.641419937385490968e+00 -1.978667943846765809e+00 1.253244085648116624e+00 5.577920934023799404e+00 -6.548965192435987070e+00 -7.969553860206346485e-01 -9.580264272143416804e+00 -7.031280776901594365e+00 7.677802123876965368e+00 8.467544175604771794e+00 -2.077061792952841657e+00 -4.799465502475534606e+00 -3.362918070228964496e+00 5.103788777018747780e+00 7.805600609123427347e+00 4.452948458189304404e+00 -5.137296445468432893e+00 5.717916940208727539e+00 4.277743071878319370e-01 -3.548802965579760382e+00 8.296452362244504997e+00 2.241155655667517621e+00 2.695102636493258430e+00 -8.640506470836735176e+00 -2.724589000631583602e+00 -5.837546208607777842e+00 7.207932328481156503e+00 8.544833460937674374e+00 3.106472405789983071e+00 1.800085547078303705e+00 -4.463975044939685333e+00 -7.977546998671003919e+00 3.080182013513832473e+00 -4.705858652888645466e+00 -9.585667141013519910e+00 8.368858452527650371e+00 -5.379787864846610645e+00 3.713502577416372574e+00 3.637799151849367973e+00 -5.752822911404611439e+00 -9.715479088280359221e+00 1.412477035026313388e+00 6.184849192548671937e+00 -7.089011917422524789e+00 3.849095669587232038e+00 -1.625296087619537033e+00 -1.968778668728088377e+00 3.191716107051705720e+00 3.771487396774290346e+00 -7.217443358528421449e+00 -2.915900997913460913e-01 -9.038632026667535513e+00 3.429008155831850146e+00 -8.352298321390065894e+00 1.501549442158225389e+00 -8.050535502882429029e+00 1.123837898185115591e+00 -5.601070549857436021e+00 -6.729035537516352861e+00 -4.255543369895438133e-01 -7.369687458599769592e+00 -5.893089207269170515e+00 1.897797144963027094e+00 5.286957495438215915e+00 -7.694767440237382239e+00 -9.780872949036332642e+00 -1.547296585700408400e-02 7.830856075906822866e+00 8.968934634977198783e+00 5.026389552561259961e+02 -4.323790961094708507e+00 -7.509418920171011536e-01 6.812739233826562213e+00 2.088789916653761125e+00 4.604905274772796986e-01 5.640398108461893045e+00 -8.027052374127359613e+00 -3.256314516871048781e+00 -7.591886410819110864e+00 2.668187300310989940e+00 9.380790963164621132e+00 -2.042862369046116733e+00 -9.654860887278589487e+00 -7.256910693877641094e+00 -3.679575140451330384e+00 -4.348306011792619330e+00 -2.583328638823196854e+00 4.220887326585096133e+00 3.361132596868966260e+00 -8.803726033191557221e+00 -7.128176114480819336e+00 6.239835500586220718e+00 -5.180966472975119252e+00 9.788133416309204193e+00 -5.412507936828838240e+00 3.305240598154856713e+00 -2.250360505048005777e+00 3.008691161203064013e+00 -7.879092141287755702e+00 -5.160998023040479055e+00
1.550961357950100705e+00 -3.790944339027633170e+00 5.073062304692740554e+00 5.246139606379333742e+00 -1.023887389805651082e-01 -4.074846507382092753e+00 5.711555323981109211e+00 4.134088884255771035e+00 -6.520903614595487952e+00 2.214802919391908986e+00 9.326541744755839858e+00 -4.448486015911417013e-01 -7.209834078216788456e+00 9.125917036020407380e+00 6.084956260286077168e+00 3.199777161135015646e+00 -9.507913148758165178e+00 9.290632747792937352e+00 9.898075897985933125e+00 5.105373680930274105e+00 -6.489739723710075125e+00 -7.898330773153727336e+00 8.894828723455958652e-01 -6.523662009393986771e+00 9.660819808207318005e+00 7.348829061047396749e+00 5.740645928844863022e+00 -2.356339126825823804e+00 8.343072241481969797e+00 -6.889568595169581755e-01 -8.383612926308597224e+00 -1.777752947970403952e+00 9.513546574439363468e+00 5.585765439724710291e-01 -6.922585466840929236e+00 1.423787974573739845e+00 4.430630739776448834e+00 -1.892149365644916870e+00 2.079179073192724658e+00 5.748314539275924062e+00 6.836002677152560381e+00 6.855492546324889247e+00 -7.268068430710917127e+00 -5.918411725730532424e+00 -2.785073877396550657e+00 -2.122333402153602222e+00 -4.097747381145819823e+00 -7.137880217631074053e+00 3.019262561143261081e-01 -1.027470542655654739e+00 -8.031267651367437921e+00 -4.255801743106985668e+00 6.941394050549458683e+00 -7.300813775983314713e-01 -1.674122692178748650e+00 6.769996291668800126e+00 3.810422977260770949e+00 -6.356247260327867465e+00 4.286916567759375241e+00 7.768022019816772428e+00 9.767160487826615167e+00 7.537703070866832888e+00 -5.193149361342235260e+00 3.825674810591104702e+00 -4.406098877920952006e+00 -4.381625275756610982e+00 -3.421198976798351943e+00 -4.828776000755381048e+00 -8.185675703735569186e+00 7.479762465627278090e+00 5.050669560208294229e+02 5.446493195732919901e-01 9.768643030319950071e+00 -4.879460569228548650e+00 -5.145803364777544076e+00 7.344999836682649885e+00 3.309118713411331569e+00 -9.044021013108196172e+00 2.511292685110547040e+00 -6.785603608889623217e+00 4.084994838882371582e+00 6.240253578022716852e+00 2.675640413675404616e+00 -8.656964405006950969e+00 -7.336497905646552908e-01 8.222367548942216331e+00 -2.795760878603797295e+00 7.081796687326633588e+00 1.122038064832977966e+00 1.079041153758881322e+00 1.089023547106577894e+00 -7.434884333445255677e+00 -7.380553768059085584e+00 -1.254826343704074532e+00 4.721179348943980614e+00 -3.525502449695716578e+00 -7.884653459923449681e+00 -4.240784617103710019e+00 -7.485383235474429853e-02 7.796438425220433288e+00
-1.445580945014256713e+00 -1.044444161942870153e-01 -9.972679181872381449e+00 9.096684882474843192e+00 2.606077337112482795e+00 7.758346302860459787e+00 7.532351968645404128e+00 -2.158683105360903909e+00 6.973240213283524724e+00 8.859880650141896297e+00 5.879160894820255834e+00 9.692419550091145197e+00 5.897743076235769877e+00 9.882822379079737374e+00 5.867245030998400779e+00 4.664726398239817939e+00 -8.495082164999491425e+00 2.533126991528593663e-01 -9.449034089984536422e+00 -6.443717553185573266e+00 -5.856107960752670039e+00 -9.731903730894991611e+00 -8.383137064933237070e+00 7.194272519048322323e+00 -8.602631577981567190e+00 -7.119328383321588127e+00 -7.498370809839887130e+00 8.916379194685436715e+00 8.260544186833978841e+00 2.971811820090515255e+00 2.647404902448178277e+00 2.523770610845982532e+00 -5.281254699228377092e+00 6.378662224815961679e+00 -6.410157129658921704e+00 -8.211252114441185412e+00 5.204936210864943291e-01 4.200105579296554481e+00 -6.441001321424648651e+00 5.211251028431361121e+00 3.041479269175903610e+00 8.823765373990003269e+00 6.107403646469073522e+00 -5.957817963341021539e+00 5.965587658585789654e+00 4.826224031203992126e+00 2.794172128477383055e+00 -4.757872937784743961e+00 -3.754660749867975156e+00 -7.264540576985913489e+00 2.368534937946783714e+00 -6.105076898680382058e+00 1.807014886962157618e+00 -6.239932616982355462e+00 7.275742399711518260e+00 8.988454917779588271e+00 -5.561691380903539539e+00 -5.103687818427003364e+00 7.911607795720090763e+00 7.747690541592834990e+00 -3.247076112544410975e+00 -5.483143815712492319e+00 6.732698655972626511e-01 6.169983036951805389e+00 -3.269360313612081903e+00 -4.769723376377301705e+00 -2.827067431450716484e+00 2.313125433325289748e+00 9.633602498779612944e+00 7.127603374643761924e+00 -5.880276637530723605e-01 5.563757151694223921e+02 5.956110994656327762e+00 3.801424380755930699e+00 2.243931740474295111e+00 -3.486232324985305553e+00 -8.443343290156210657e+00 -8.513039556307226974e+00 -2.574096515476806957e+00 1.416684909781517732e+00 -8.823171124247755515e+00 9.670443209499634207e+00 -8.608959161732235188e+00 -2.791498518684266017e+00 -9.701041155826290563e+00 -5.505713969126285079e+00 5.328863283748843216e+00 4.606237184050121058e+00 -2.542578665346503897e+00 8.360858568272988123e+00 -8.894710395632428046e+00 3.821988986642390174e+00 -7.409674535084764813e-01 6.766505206515077475e+00 5.627557631625483836e+00 2.501081748139384331e+00 4.423452271377303902e-01 -1.225808962343322150e-01 9.500519923118829979e+00 3.772012806630588244e+00
-4.612725663334535930e+00 5.651288755824898757e+00 1.739341819456788230e+00 -3.149515622953902749e+00 2.783706846979491445e+00 8.064606987556501849e-01 -6.389092932153941362e+00 4.758675895361815122e+00 6.541384653364296753e+00 4.418605819186891992e+00 -1.887654669444817301e+00 -4.869875468395106211e+00 -7.221422804624260117e+00 3.278563911048554047e+00 -8.025275643107221413e-01 -7.828970459971480444e+00 1.104463955936427766e+00 8.705713645666950384e-01 -4.320622917409783881e+00 1.742639469518586282e+00 -3.451710949963850972e+00 -2.849124372410917871e+00 -8.932207363269276001e+00 -3.128431968873464086e+00 -6.015557090152203301e+00 5.932345478481664713e+00 6.076845503484552324e+00 3.370424405982195282e+00 -2.494828881364226092e+00 6.516626179398627983e-01 -9.196802020411160683e+00 4.808002387266000710e+00 -2.641944238693731961e+00 -8.021988686475083341e-01 4.967683033766054024e+00 5.214562051052979541e+00 -9.789010222536552064e+00 1.765746063149027378e-01 -1.821099232508007759e+00 4.869036821260019465e+00 -5.797210698550399499e+00 -8.116639591031422185e+00 -1.000433402452131304e+00 5.349617250809700408e+00 -7.523240160068334070e+00 8.501025067554319747e+00 4.293736643513552664e+00 -9.994443687550946365e+00 5.794085653138690617e+00 -9.844370017353229585e+00 -9.244833670670907111e+00 7.436987191285293619e+00 4.461472590881536249e+00 -7.843503093556551953e+00 6.750992264571721080e+00 4.994792660962659170e-01 4.515283934100180474e+00 -5.384910956279020944e+00 -3.635619577711299399e+00 9.492168784649656743e+00 -9.822491167289745917e+00 -3.011904366886808404e+00 7.091797984215965300e+00 -1.266613851771062116e+00 -3.391682515869032244e+00 3.949238810403421951e+00 6.386678254087744477e+00 3.522131581451191096e-01 2.126692153637499416e+00 3.195868301439118042e+00 4.705294379619523681e+00 -9.589641276533015457e+00 4.812155495253707045e+02 -5.864879898089898624e+00 -3.743853637198935047e+00 -9.290644508735457663e+00 -2.366827180092966998e+00 -2.604890594148299598e+00 -1.236222671587041688e+00 -8.502903931991294684e-01 2.172167204482011726e+00 9.165917915513460912e+00 9.651339148676129298e+00 -4.789944215265620642e+00 -9.331286720745051610e+00 -5.605175175180932001e-02 6.007772704775533157e+00 3.751107482565796403e-01 5.642652880118737002e+00 5.092233958778734859e+00 4.375856630747509968e-01 -8.442490295647512966e+00 3.399006929446965586e+00 7.596242193936891596e+00 -5.560153643280855817e+00 -1.059733803277502773e+00 7.598980087392433802e+00 9.836684198124515888e+00 -5.888845622644578448e+00 2.554875485638017807e+00
5.788739006576431478e+00 8.804785732083455940e+00 -4.352686583734588055e+00 -3.061724835769997100e+00 -5.496889170172483574e+00 1.305664736519847935e+00 2.344601478848408860e+00 2.439457177557107670e+00 2.940854200719400069e+00 -3.847438315593305624e+00 3.312315479725695511e+00 -4.053515296307839577e+00 -4.382644112049041141e+00 3.551049638695449318e+00 4.280198942280277308e+00 7.090908512577712486e+00 -3.406945821403429164e+00 -9.881231595941599721e+00 8.006620301471162549e+00 1.295298854977387393e+00 3.707299713133863861e+00 7.902421360577669418e+00 2.443272385398046254e+00 6.058404797316175205e+00 8.902603028913667060e+00 -3.137506829854459056e+00 4.389958915214526414e+00 8.576480523284025992e+00 -6.965156126946309811e+00 -2.368669868524619915e-01 -2.085499715923342379e+00 -5.407520087519772645e+00 -7.628027286340389068e+00 2.162748625064939034e+00 6.914695517633063560e+00 5.582938121028691469e+00 8.390118570280186816e+00 1.943205632534040106e+00 7.634310985995757193e+00 9.788394755532689118e+00 8.914622915794804925e+00 -4.976442157892169149e-01 -6.554361370362686401e+00 9.952465246912485242e+00 1.874521354343436030e+00 -7.132087733062554946e+00 -3.226676393099636719e+00 7.057130084037773088e+00 -6.901592024734122255e+00 6.915314074673769795e+00 -3.903124006949354907e+00 3.308851596225059311e+00 4.892269738559605230e+00 2.296063894437487818e+00 -9.286794452397337807e+00 -4.837743553333353930e+00 7.307129754506910047e+00 -8.272051797406607676e+00 -4.262973014608595790e+00 3.226883914266775122e+00 4.513087709492555888e+00 4.346690296221309424e+00 1.061065982476671721e+00 -6.371491686504631602e+00 -2.760431683751322751e+00 -6.752810093477572551e+00 4.237236645091950749e+00 -1.002902184664389296e-01 1.886791641955941401e+00 9.291240509047334228e+00 2.575783732802696235e+00 9.763209268414811959e+00 -6.696394368717532686e+00 5.084402368500896046e+02 5.733758424347856320e+00 6.390793927694740972e+00 -5.336522604748095588e+00 -5.521892076642707536e+00 -3.550239116021012720e+00 4.295022433485824465e+00 9.242139622174384783e+00 9.077117716832116656e+00 -9.479390542758432403e+00 5.086262553509881101e+00 4.247891261914961802e+00 1.194612100352436812e-01 1.658951255289002447e+00 6.515552978599039591e+00 1.394775322229982351e+00 -3.287812117012462565e+00 9.645774397093813235e+00 -8.212939633286360674e+00 -4.755644379703277025e+00 9.935849729046452694e+00 4.245975000829018242e+00 -7.812778194064879500e+00 1.923142887693323644e+00 2.420010593683370459e+00 2.849864803838464411e+00 -1.891182923345535727e-01
-1.847504460986062469e+00 3.787252993173918725e+00 2.030013944943913629e-01 -9.770739539847937749e+00 5.383908388130926426e+00 6.907277076704083640e-01 -8.594136611622030131e+00 -9.903512189441382674e+00 1.771563842697503333e+00 -7.157808404862537444e+00 6.679250000442387147e-01 -2.013987802871131549e+00 -2.562006831706664656e+00 -3.582395066742762424e+00 6.126263331548365443e+00 -6.485291650253524054e+00 -2.761254387539362476e+00 -5.819548065633640022e+00 -2.816738725313532754e+00 -4.858848002785947529e+00 1.885211195385316785e-02 -8.146842418354527382e-01 9.965724647556491789e+00 6.335362705198033240e+00 -3.467168673553011615e-02 2.312899213608714533e+00 -3.435492887856721467e-01 9.061686811717628132e+00 6.933294912831364343e+00 6.455204525688461814e+00 9.345057449919508485e+00 4.208533213329893385e+00 -7.091047453377994358e+00 -5.574973550653153254e+00 8.231636913920794996e+00 -6.727369596635632831e+00 -1.311394904800593508e+00 -7.639048429776131854e-01 -4.799659044588877599e+00 -9.532691413851066997e+00 8.843641811040974687e+00 6.953428446229288795e+00 6.714355471289938038e+00 -8.863171730588028652e-01 -6.902837509842045804e+00 9.443510985826648607e+00 -9.584693064873434309e+00 9.994443184479866460e+00 -4.455927641665127226e+00 -7.749889577419026843e+00 2.049755142484805503e+00 6.575207075423350034e+00 7.675201254311755150e+00 7.055468682945097214e+00 2.832201739681561747e+00 1.720064096046904467e+00 2.966562224546663629e+00 7.809152608565639753e+00 -6.804876609746346006e+00 -7.685644831203664040e+00 4.584795812694784090e+00 7.084089879493575381e+00 -5.147945576540358559e+00 6.839422361694417418e+00 1.455145283081719754e+00 6.712025922282691681e-01 -9.513577846758156653e+00 4.790299236960969154e+00 1.538181702157617181e+00 2.748749067824222792e+00 7.036992725453941944e+00 6.699273992305311509e+00 -8.719421854793470317e+00 6.425157308831334291e+00 5.426010520402265911e+02 -9.828264532119055374e+00 7.510106086187285257e+00 9.743669340984439486e+00 7.119907437288880203e+00 -7.407331768698883323e+00 -3.814637651551020525e+00 9.175255647105487355e+00 4.270158712875446128e+00 2.444325341233108517e+00 -9.090396081603156375e+00 -6.927237482262604829e-01 -7.612845773529903326e+00 -7.635212068408216979e+00 -6.167267110398699792e+00 -9.988068408349676019e+00 4.450001896719847139e+00 5.656570803452449780e+00 -8.468639295739313511e+00 9.432427048773661227e+00 2.109765378569523619e-01 1.042337841775239582e+00 -3.564829309070464802e+00 -8.492805273526265353e+00 -8.320147453277817462e+00 4.725256409862163665e+00
2.536665358546880356e+00 -7.519438555995947127e+00 2.005034030311570348e+00 -8.755524982031005266e+00 4.273858533309057961e+00 1.758547258648627931e+00 -3.070550218225358563e+00 -9.634322292540867139e+00 8.811486686903613474e-02 -2.850161118173739183e+00 -5.261240696287512009e+00 -8.528009002700621011e+00 4.755525940571301291e+00 -3.693193888524827884e+00 3.925544180450465603e+00 7.483804804935818566e+00 -2.669878634144868812e-01 -3.265243974705365204e+00 -8.942304112791664039e+00 8.203749562902949322e+00 -8.467791887189893174e+00 -5.034348149743181899e+00 -8.117977849221277964e+00 9.464586192362439476e+00 -9.735262471140099905e+00 1.296844071127551956e+00 7.493402042081513059e+00 5.960422905409398453e+00 -9.849618479117269843e+00 -8.911838623811654259e-01 -6.249780137200962038e+00 5.053565876911283894e+00 2.485951640280891439e+00 1.396632138983616045e+00 2.690362673093169121e+00 5.907444769683660724e-01 1.143190085144382806e+00 -5.502252582337201048e+00 -1.255877741910076395e-01 9.702010275849726639e+00 5.183735516292706791e-01 4.015934034126541263e+00 -8.784398907767542397e+00 -2.309373560449358820e+00 -1.179806726602915745e+00 -8.699431848658010225e+00 -1.186373264063281141e+00 7.311729893047612450e+00 -6.586999683117427118e+00 -7.681934569973110527e+00 7.369925628486349467e+00 7.941611476165469696e+00 3.625425356100533847e+00 1.308623730884564296e+00 -2.344268229927449099e+00 -8.011919578398288166e+00 -3.436376623321848456e+00 6.331292733739157796e+00 1.402481140582541030e-01 -2.435951579106287568e+00 -7.530288209019355250e+00 3.502364063317921605e+00 8.069352715440341939e+00 3.024795492365086602e-01 8.651107991275608811e+00 -5.370327526484697245e-01 -8.796069245316395779e-02 -6.794882272049989069e-01 1.477514143614300224e-01 9.586851806561842437e-01 -2.314390819670202326e+00 7.885119729038244429e+00 -2.157758476623062194e+00 4.569016408004230811e+00 2.716685595280331711e+00 4.712109632263363892e+02 -5.863151369291199622e+00 3.225512642859335699e+00 -2.676921570835723685e+00 -7.115731050238194300e+00 -8.791855265955835108e+00 -7.429407583698280249e+00 4.230822351312468754e-02 -4.656297296946361186e+00 -3.229139430178909365e+00 -1.113833479449869657e+00 -6.649882285214134825e+00 -2.454931858879312756e+00 6.867264898354420666e+00 9.780102995460389081e-01 4.536001446799058812e+00 1.722543392761101799e+00 -4.928812731689031779e+00 8.734709561224644148e+00 -9.018593822891265432e+00 -7.491176863994200019e+00 -6.981707710610862705e+00 -6.796563878118087487e+00 -2.550770705608176314e+00 8.714861618468859206e+00
1.070517913932524934e+00 9.730165354251482768e+00 5.668814921031327003e+00 -5.879528542842653138e+00 1.434427399225686628e+00 1.968709584907053056e+00 7.500839269965315026e+00 -9.725199731666862135e+00 4.978676768590283075e+00 6.525629154523585385e+00 -5.469354574558455973e+00 -5.461834939869863348e+00 9.298335352338604309e+00 6.219728316334144580e+00 -7.205820744175901460e+00 -9.969076994881822529e+00 9.237118878393737020e+00 3.573693905249069047e-01 5.090433946701880430e+00 6.241107357026436375e-01 -1.478270342356484690e-01 3.252338395672868643e+00 3.398560490733190775e+00 -5.500217953116890435e+00 7.496449052794243784e+00 1.966224987019140613e+00 -3.009505489969881431e+00 -7.296137440484296022e+00 3.246586008967133452e+00 -2.424107098252232362e+00 -3.003443382046720345e+00 -9.712959751244127915e-01 -7.912895081666890817e+00 -2.294787179947892497e+00 -9.744270409387175036e+00 2.006493045382926610e+00 -2.142976809632932245e+00 -5.042944990279707440e-01 -9.154965928783109774e+00 6.330941226287944090e+00 7.673482319621168557e+00 7.226046364439103087e+00 8.397926981247390898e+00 -5.511505361066511455e+00 8.403884897221090000e+00 6.791394707168791456e+00 -5.706675700727257272e+00 -6.939992914162973037e+00 -7.051693747796714540e+00 -9.857420694320492061e+00 5.671252815332167074e+00 2.572245641038943376e+00 4.000225382232112992e+00 3.669440058586259212e+00 9.056007046181058229e+00 2.395245886438853944e+00 6.536658200517173611e-01 -8.385456695965260110e+00 6.996954813656259375e+00 9.394297311192289612e+00 6.245471911775894114e+00 -3.229562193553377369e+00 8.733125977201495971e+00 -7.407352709530153234e+00 7.158257018640490799e+00 -8.917590060790843154e+00 -6.109926964737047328e+00 7.566593292208185773e+00 2.232778719088033270e+00 8.786234812368022062e+00 6.560648090393272014e+00 -9.189965291917616241e+00 -2.969411502017917925e+00 4.854222232849673802e+00 4.953602787856208778e+00 -3.885272023950472331e+00 5.381521915831942806e+02 -7.535236068307396451e+00 1.606301305156410564e+00 -8.076591526473926308e+00 -4.780319936898413502e+00 -8.789234422012484060e-01 7.073548955573439656e+00 6.592045010177447040e+00 5.238075578028231760e+00 5.800366114176078725e+00 6.518921297773236034e+00 7.966043723962677348e+00 -3.785536156335926883e+00 -5.267894119404862963e+00 5.027591409855975968e-01 6.264029878344945956e+00 -7.696076495707067089e+00 6.217585803102899433e+00 5.809538392800188689e-01 6.400580633201606418e+00 9.064475850604797103e+00 3.104875963702385278e+00 2.186724159870298223e+00 -4.476999350061294791e-01
-7.734020460644361883e+00 7.445715553426914823e+00 5.985247927026746240e+00 -7.958732211809342871e+00 -5.877692425904641027e+00 5.926478844928240619e+00 -1.391496326742917233e+00 -1.179574763255722303e+00 6.699723582224518026e+00 -7.079021012643207378e+00 3.100794579285002683e+00 5.736033079914665933e+00 7.016944611366263018e+00 -9.263378960772964632e+00 2.488419377603097615e+00 -7.877495583716795480e+00 -6.786337753961682040e+00 5.911976997546295465e+00 5.396523421421573374e+00 -4.631718509839767961e+00 -5.720552306918538221e+00 6.664256825932820760e+00 7.433519919232836060e-01 -3.452129060491699875e-01 3.961664225168224363e+00 -1.381473576636548017e+00 7.354189541982940170e+00 -8.150789446322106002e+00 2.996087188973817206e-03 -3.756773251075884446e-01 -2.660313859449983553e+00 5.349957966537814968e+00 -8.662392737462166536e+00 7.264938052966389392e+00 -2.887713483484835031e+00 6.670392588381616861e+00 -4.320823703773967850e+00 -3.962232829103403020e+00 -5.219120637334229151e+00 -9.213145625743191403e+00 5.390586285595759364e+00 1.864673798411820016e+00 3.241698148235766297e+00 5.262433129790977659e-01 -7.996156895562707589e+00 5.533791210023370155e+00 -8.032400992014602892e+00 -9.729125744158952926e+00 4.421787786827589883e+00 -2.593838503798764350e-01 7.895445199590941598e+00 -4.697671021748681675e+00 -2.075869357637314394e+00 1.321849479739650945e+00 8.028841074013740808e+00 -5.684498487847344350e+00 -4.495708547168495883e+00 -1.215319356720405253e+00 3.730041996108361957e-01 -2.514134236747813667e+00 -7.693051768116331957e+00 -3.960743937564277672e+00 -3.169666957601107171e+00 -4.023345109436000655e-01 -7.761359537714575652e+00 2.732843830689724030e+00 1.654006388470467215e+00 -3.534399137416819769e+00 7.869894604753152834e+00 1.040901481580087662e+00 6.608454284282167635e+00 -1.399650550330315824e+00 -2.493844658559467575e-01 -4.207113741130958928e+00 -1.254224807440849077e-01 -8.625518340610721424e+00 -6.347836034650253367e+00 4.618703117072280406e+02 3.724770624458201951e+00 -8.465359800656621303e+00 -8.487714432405839560e+00 -6.522743878246792804e-01 4.581702215435175418e+00 1.595505192499251379e+00 8.213959144333330187e+00 6.933052245709347972e-01 1.521616896864092183e+00 -4.609285375995213485e-01 2.960050488104135624e+00 -7.610608683191717461e+00 4.010196406313626838e+00 -2.898525818926005471e+00 -7.396795750308724493e+00 -7.807656510216403056e+00 3.222784818004756247e+00 -3.706472610576021509e+00 7.313718078664422251e+00 -7.086168305605529127e-01 -3.286729159487555840e+00 9.880496771365574915e+00
-3.536454238212431989e-01 -2.231631113374035635e+00 -8.232541244920252410e+00 8.903005453897371524e+00 5.393251366295732652e+00 -4.471891647152408389e+00 5.800062598346777065e+00 4.667367942900359168e+00 -3.421331481292664733e+00 -2.154542229997529645e+00 -9.204718885456273370e-01 6.592976315023406642e-01 -7.070292504095614383e+00 -9.932309447160115212e+00 4.278180893421076547e+00 -4.504811181920247876e+00 -3.353168032907813512e+00 4.747424610510091014e+00 -9.659359180369719411e+00 2.350981439298882592e+00 7.980949314837282316e+00 6.987521144450255406e+00 6.997850647931894486e+00 -9.004790014013455135e+00 7.724348216850017934e+00 5.767859562138340834e+00 -5.928707990196753208e+00 3.807504856441923380e-01 -3.174784894273208202e+00 -9.470020142963315735e+00 -5.128649289100017938e+00 -7.711626483481968108e+00 3.053346264048691694e+00 -3.674001852549926284e+00 4.839117475056969653e+00 -3.486364392220313135e+00 -6.386084508280786665e+00 -1.756038512165442711e+00 8.315830479963196353e+00 -5.926829679385797078e+00 -1.158107926503365803e+00 1.254837790257903762e+00 -9.004347823645327153e+00 9.787738849023138954e+00 -6.234964471246266626e+00 3.073543841886454686e-01 -3.390780755787705658e+00 9.475382504608997891e-01 -1.696963764043212919e+00 1.375074887849800476e+00 -8.519299678469305803e+00 -6.864394685134353580e+00 -8.419024276998658962e+00 2.563162397487099398e+00 -9.059239866358677062e-01 -2.422958084026851644e+00 6.800220112990693622e-01 8.811711134714187210e+00 9.961441418824257710e+00 -3.810182080643665259e+00 -1.101583271017943844e+00 3.824609127671612541e+00 -6.198217716300755242e+00 -9.676807322985517601e+00 -9.312437059420169305e+00 6.374209923723626048e+00 3.860790197122659251e+00 -5.977042938500892078e+00 -4.953701360852120317e+00 -5.153487962344720508e+00 9.055968031236886873e+00 -7.046740451552011564e+00 -2.843091273586637158e+00 -2.158298090788393075e+00 -9.170570332205510766e+00 9.347351330068999431e+00 8.673889292125377182e+00 1.368022106096908885e+00 5.251550098577191648e+02 -7.699589792953371870e+00 -8.901976928048458859e+00 -4.259804027016849126e+00 -4.588871208866609486e+00 6.547627772276179314e+00 -3.502895729137804892e+00 -8.654645868913526385e+00 -9.748343064313537809e+00 9.383451324222875201e+00 6.577938195982000025e+00 -7.299753751600583485e+00 -3.008017672947669752e+00 8.885522857192537316e+00 8.518647385065790445e+00 -7.267402934917628343e+00 -8.907371340387406633e-01 -1.094993502747875880e+00 4.546766532751158607e+00 -2.694014536511371460e+00 -7.970273490001344996e+00 -1.912498862080056483e-01
6.366811475776895435e+00 -3.977727496173597999e+00 -2.450510415970903466e-01 -6.723208305690960174e+00 -4.498782007976651620e+00 9.814983413641044763e+00 5.856442783401636376e+00 4.569850485421193653e+00 -2.220952304023704471e-02 8.310760325574477747e-01 5.121783709971033716e+00 9.813415730893972011e+00 4.200260085060707027e+00 4.070743959746272012e+00 9.809282641062239350e+00 -1.645376957461881062e+00 2.565536523705436167e+00 -4.731407975113704367e+00 7.554920297096082038e+00 5.405600673248171617e+00 -2.585724332436001305e+00 6.841412489522724627e+00 1.029453870461612297e+00 -1.970396407021786089e+00 -1.189133558486652475e-01 5.580354401145786625e+00 2.434622500819088486e+00 2.234028300035511450e+00 -7.635591434884194229e+00 7.019738412703294017e+00 4.853543616633599456e+00 3.074033149437351398e+00 7.039751451990682085e+00 9.285673555738146234e+00 1.982038761164142571e+00 1.505358161878822543e+00 7.836228968677119155e-01 -2.380659884341980614e+00 -5.381218979846025263e-02 5.169771531892301653e+00 -1.967587044367704152e+00 -8.148447986720189107e+00 -5.476495505392088958e+00 -6.252967459866183297e+00 6.360983363748875519e+00 -7.306446580619856412e+00 9.041788944224627755e+00 -5.555063140071501593e+00 5.828921347234746975e+00 2.371083597936841869e+00 4.939090117533346813e-01 6.643957781150394482e+00 -7.359024252215000672e-01 -9.917183310016197240e+00 -6.854017571450194524e+00 5.702249278078319605e-01 -3.825291477553314223e-01 6.235536292332355401e+00 -9.571040174825004243e+00 -4.419127440791655204e+00 3.802236594550228332e+00 4.142800710897052596e+00 -1.405776765553426344e+00 -7.672565871814105876e+00 -2.924572269853566553e+00 -4.856546255119629230e+00 -6.975383507181298626e-01 2.016170639300213452e+00 -7.739119021518703789e+00 4.550714637303006072e+00 2.356650596613576454e+00 7.459377982420644315e+00 5.240627842370065181e+00 -7.150301793812836593e-01 -3.581846234684737951e+00 -5.310022775068413026e+00 1.155191776005022319e+00 2.244187580027253048e+00 7.594352829382376768e+00 4.326722589225899469e+02 -8.423984927722646177e+00 -1.465891172648376539e+00 7.621919535772743615e+00 -6.272976292839123502e+00 -3.890340962769370137e+00 5.196442619631246984e+00 3.033430930575089945e+00 5.512333161119542524e-02 3.316072334048655534e+00 6.982361779235901622e-01 -3.409360369068085816e+00 7.440209074030796899e-01 -2.457608291922279697e+00 3.046665354765021760e+00 5.369570584686137238e+00 2.410438739134173503e+00 8.655636511097057451e+00 2.606909460891257524e+00 -6.651406677899727171e+00 4.047818462220504898e+00
-1.169943143983713796e+00 -6.351303686531650783e-02 9.024254564223316066e+00 -4.631086076803945240e+00 -8.653632948287459214e+00 -7.480848295835620831e+00 3.386899977698110575e+00 2.007600802330278711e+00 -8.976745981982821476e+00 3.094199330159515426e+00 -2.660039780725309555e-01 -3.537553826067155072e+00 -9.949674484578732603e+00 -6.246975292295207538e+00 -2.353492943661912307e+00 4.241671815151102365e+00 -7.557935905935105225e+00 -3.348350471771725623e+00 2.493811544578878880e-01 -9.117561399226099539e+00 6.068071844314577135e+00 -9.413582244791847131e+00 8.539690821890527417e+00 9.963163208162843176e+00 1.364808622549000816e+00 3.279414741579309123e+00 8.192357774259960479e+00 5.845693493272090535e+00 7.059403726680571367e+00 3.881183558443357384e-01 -9.138742603879128623e+00 -1.909657140270464737e+00 -4.494148530853568246e+00 -6.847764129063749650e+00 4.198930514405034842e-01 5.066430295417855945e+00 -6.808781285235903091e+00 2.772540404704525230e+00 -9.373247835563701003e+00 -4.907311995999918963e+00 6.739452969098703505e+00 8.484543134689694455e+00 3.548482997722155474e+00 -6.225829486234584209e-01 -8.965761168408310056e+00 4.587829462422810423e+00 8.475522665335532224e+00 -7.344419317131141156e+00 -6.826511911606408134e+00 2.606057273298429067e+00 -3.276465154257657275e-01 -9.804351650165639143e-01 -2.591281295007455299e+00 1.062196932076020062e+00 4.102570102951140996e+00 3.540413324649506421e+00 -6.963388775155689991e+00 -6.018372591737806587e+00 1.178442624756392831e+00 8.532185290074735917e+00 4.695160306914640813e-01 9.539135386328734256e-01 -1.667352540488204582e+00 -9.939680463355822226e+00 -4.457185168566724087e+00 -9.706633343909281564e+00 -7.160158414676871530e-01 2.365603041008426999e+00 8.072840625303747686e+00 3.848666847108626499e+00 -4.634417097130167917e+00 -2.605536645442951382e+00 4.403226655485752872e+00 -9.484959009779565520e+00 -4.303766647859244010e+00 1.768799691975820210e+00 -5.558204925357461690e-01 5.376384067654811361e-01 -3.675499582283703326e+00 6.292355519164786415e+00 4.769558145059394860e+02 1.225166991694017327e+00 -1.425624646130021489e+00 -6.403745954610475799e+00 -3.364620688513005220e+00 -4.182095020565206767e+00 7.205407254099984726e+00 4.346979565181412042e+00 -5.357315140687788357e-01 9.870143194706596290e+00 4.915949002909203003e+00 -6.792722398536168882e+00 3.494123220675680486e+00 3.201119831696541240e+00 -6.183960057979110303e+00 9.533386549543877209e+00 5.563838437854546015e+00 3.710505423816330861e+00 7.153907489461811764e+00 2.442163651972265370e+00
5.195468602632761446e+00 -9.113461208529168189e+00 -9.480408446778181286e-01 -4.633337161484501365e+00 -6.494122568444565147e+00 3.614198457395662700e+00 -6.721251668717204808e+00 3.884756506202380777e+00 -2.761766704316537258e+00 3.347581928589827172e+00 3.181448426795757456e+00 1.405437740870638663e+00 8.053773802681508442e+00 -4.477679945736272593e+00 -7.477870777177617612e+00 -9.895304281849373496e+00 7.843040536716348043e+00 5.040663629130357037e+00 4.738976087684896754e+00 4.198008492472295572e+00 7.517996861574559375e+00 -7.968344050472531137e+00 -1.712413651234903966e+00 4.257075732389184353e+00 -1.935464285311876864e+00 -3.781099022542131038e+00 2.416103214924994802e+00 -7.214941593779872875e+00 4.034279571681214094e-01 -4.948484994393567149e+00 5.371807525608062406e+00 9.008776568589098588e+00 -2.579092343777489305e-02 3.489050714107087003e-01 -3.737328095802867622e+00 8.283525818211067815e+00 9.984690136703875396e-01 6.522397685777523435e+00 -9.910393684808065373e+00 5.696785139523779407e+00 -6.558853641828594760e+00 1.775202285212944986e+00 4.335127444997317170e+00 -5.014940860298546355e+00 -7.220160779150894825e-01 6.727656794310149735e+00 3.384519908341697914e+00 -3.123614370635332094e+00 -9.437552253663245239e+00 -6.284275723823109061e+00 -6.931857079800868959e+00 2.777715909756114598e+00 4.867945785518990931e+00 -5.469106998467731628e+00 -1.465914295912744691e+00 -9.952063106695741013e+00 4.907418769556866067e-01 -7.498236055353208585e+00 7.132645233356665670e+00 7.941242339175822451e+00 -8.474656724515579498e+00 -8.014438513677600184e+00 8.923331398477980514e+00 1.899302188707213901e+00 8.428779878729137920e-01 -8.757338999058442042e+00 -5.628784888740305803e-01 9.706316207431829213e+00 -8.862910324852588673e+00 -4.469982451450460914e+00 -5.511363438241325241e+00 -6.583506031489783084e-01 -6.649393343156200231e+00 4.933879476131233233e+00 8.958698116380936938e+00 3.796474790866799509e+00 8.202227883980150125e+00 1.644024025862043104e+00 5.069226040482849527e+00 7.200415790978041741e+00 -5.119682017528461415e+00 5.223633637581010589e+02 -8.990608060346684027e+00 -9.438949508940087441e+00 -9.502915831034574268e+00 5.412989920757150131e+00 -8.752703852789418093e+00 5.526311435044206632e-02 -3.399427658092273319e+00 6.485848640806640475e+00 8.957972911899329205e+00 9.074933223015364092e+00 -6.295362652808917936e+00 -1.341093650814801919e+00 2.942029611694533031e+00 3.778189134376020775e+00 1.588036184357658698e+00 -6.790562890273397656e+00 -2.246433740047823591e+00 -5.935914429276822446e+00
-5.818276900897134674e+00 6.933468002364513438e-01 9.822738186311362085e+00 4.961679897697990782e+00 -2.147891164974513600e-01 5.673938759200204629e+00 -4.996543385606506682e+00 9.936993174385388983e+00 -3.625564530248666095e+00 -8.626707928999351793e+00 -6.085420312146617050e+00 -3.363406013763281521e-02 -6.186690644855001864e-01 8.202770874432335546e+00 -9.690057732526106804e+00 3.056811642600369083e+00 8.523361095808223098e+00 -4.042718088183114844e+00 5.168505099334041120e+00 -6.176710025005114346e+00 -7.814880251638247621e+00 -6.567838631545354744e+00 7.424663821497606619e+00 -5.475600559754180807e+00 1.643120000226472754e+00 -1.689979087842539585e+00 -6.223530833624460357e+00 2.533019038578492754e+00 -7.928055118707568738e-01 -5.415121569033276572e+00 4.030444521606247221e+00 2.774246135793084989e+00 -6.589158750976729095e-01 -8.186612000144979362e+00 7.104091063063421529e+00 -7.761272990061680588e-01 9.217748618215889422e+00 4.946168789319864700e+00 -9.285579003376653873e-02 3.341983436817475450e+00 -5.480127388847392922e+00 -2.440557414217623844e+00 -9.083582262163554688e+00 -5.995760423879248791e+00 -2.090077475221027825e+00 -7.650958634747036413e+00 -1.690621876775029619e+00 -8.146065353161404232e+00 7.217878907049879444e-02 3.585609801373177419e+00 -6.004124530774495483e+00 -3.936577984082534343e+00 4.386752473226751547e+00 -3.164373677957836861e-01 -6.295066710095625240e+00 -8.651537271053060252e+00 -6.398857495440974930e-01 -9.465841963588134789e+00 9.967409853406884679e+00 -2.350544133296637028e+00 -1.885509065920555116e+00 6.550749624333352727e+00 3.662912517197018047e+00 -1.652744586713161823e-01 1.055412280584846485e-01 6.073938496185004254e+00 1.123120827131248944e+00 5.009278263254739016e+00 -1.605752578854637846e+00 4.006266528126127824e+00 -4.114636825496345018e+00 -9.127685073270473737e+00 9.858530865568532420e+00 5.100309393268140923e+00 -2.380910220875172456e+00 -7.587631348548167232e+00 -4.440343258852960773e+00 -3.492749457820305992e+00 -6.213567329785512072e+00 -5.855173086195035737e+00 -4.222703660519764313e+00 4.240187618720041129e+00 4.611861021079591296e+02 1.172927506465748948e+00 -1.950319361940362484e-01 -3.786438239068392164e+00 8.765479323733377015e+00 -5.188245039955092786e+00 4.871644100263047505e+00 -1.466367696538103615e+00 8.694998144150147823e+00 1.658189045681178087e+00 2.420050147498962190e-01 -9.596309449117903512e-01 -7.455763234613028700e+00 8.333479244218445103e+00 1.173636311376691665e+00 -5.467802784027576024e+00 -5.928946048900323618e+00 -5.041205925382565844e+00
-4.649087617385219140e+00 -1.764207913947526407e+00 7.877268368095364792e-01 7.939186625574436107e+00 -6.296844727538837283e+00 2.217343981283775634e+00 4.046218715107796626e+00 -5.998212704986412014e+00 4.884275886948913126e+00 2.317869816632278201e+00 -2.865300675547399756e+00 -4.898689041685901913e+00 -2.315667940227292831e+00 -2.097431262788163053e-02 9.526474951200178509e+00 5.851895398197687115e+00 5.903207226113416084e-01 9.090865378035132949e+00 -2.526058711979737303e+00 -6.677718128041774115e+00 -3.046620184824535116e+00 8.361143828740132733e+00 3.780425973982078247e+00 -3.399658311488291673e-01 -3.725000212405475963e-01 -4.278165171196710581e+00 -5.474729932361559470e+00 -1.087176900758219489e+00 -3.965859923352528682e+00 -3.929369890711003066e+00 7.735275870764695583e+00 8.313919883928353016e+00 -1.030375310761673546e+00 1.706720227006623958e+00 -6.676839539522408273e+00 -8.185987364168044067e+00 -7.339623244806094959e+00 9.393765000379843855e+00 7.003423133927320521e+00 6.409829312820068736e+00 1.129517986511945793e+00 -2.167199548759175087e+00 3.594222736499865789e+00 -5.843014394880774454e+00 8.748767384064311869e+00 -8.187494068554084237e+00 -7.058563216493101145e+00 -8.318438463529222560e+00 -1.161243736094458967e+00 6.614598781816610540e+00 4.564002519284001025e+00 -7.719907244285890258e+00 -7.169745142631396284e+00 3.610051042649669029e-01 2.358351711054496036e-01 -6.943350873896106279e+00 -6.289785742286257531e+00 1.352361462060116537e+00 -1.881287498011696258e+00 -8.125029902445781715e-01 -2.925003469735385053e+00 -9.834019891178281014e+00 1.016222999022090789e+00 -2.071526151157905282e+00 6.642940994789281461e-01 -1.993681600311020929e+00 -6.231688755564093185e+00 1.716728130197607172e+00 -1.757658527650720615e+00 -1.453261327826405491e+00 -8.352920676319911308e+00 -3.292283775962816961e+00 -2.854605813631323485e-01 5.620958441575664821e+00 -4.372647073087259528e+00 9.682940863446518165e+00 9.196204448445680413e+00 9.082027560004274136e+00 -2.860816064239505963e+00 3.004692618820552497e-01 4.855958990155064825e+00 5.720613103975304981e+00 1.365976082123907531e+00 4.427366600628997162e+02 -3.928982489185468552e-01 -2.210358986203075915e+00 1.529917660263933499e+00 9.509118757667106792e+00 -1.377188746714120171e+00 7.307693226215722149e+00 1.727198559927479948e+00 -3.717394099485835213e+00 4.372982584870383604e+00 -1.367043232627731086e+00 9.334890015069316149e+00 -9.843218556822169063e+00 -8.540403373125908359e+00 6.176725406138995567e+00 -4.939774852668712413e-01 -2.020798246695321154e-02
7.046584756362008761e+00 -3.333155242711567823e+00 5.466959755787392794e+00 -2.513842462244879172e+00 -3.015091458709504124e+00 -4.010087906992410467e+00 -6.776753459535360236e+00 -1.093992135788216302e+00 6.068328516695839170e+00 -6.908101699423601083e+00 1.510888878902020949e+00 5.500030019872191644e+00 -3.897012230557725943e+00 6.918755678513569762e+00 -8.052828264513671286e+00 -5.815650045433917725e+00 -3.254620433435402305e-01 8.265200757445832380e+00 -8.801992351128863135e+00 7.111308395852205422e+00 -4.398787854756475824e+00 -4.663906425479726892e+00 6.476626838992437740e+00 -4.616291787757105247e+00 -6.116190168309490360e+00 -7.160324557721382988e+00 3.255390261782197925e+00 -1.631238625089570959e+00 4.694528164967209705e+00 -3.248801328409385292e-01 3.748286154540638293e+00 -2.043601180667275585e+00 -8.374469326302049765e+00 7.463151438585569508e+00 1.196397274063407679e-01 -1.391137830203717840e+00 5.725422039176137901e+00 5.788062338382749417e+00 4.055711060563027104e+00 1.758517512304042185e+00 6.570066996238050905e+00 -4.435562846490864075e+00 -1.319958031716115698e+00 5.446283390412240522e+00 -9.512190314043795780e+00 -7.912320442642901241e+00 -3.005156252647207538e+00 5.585583695788578495e+00 6.413553141142390501e+00 -4.538069360506646888e-01 4.110292422931987488e+00 -4.358094694969780747e+00 8.545164344811375656e-01 -9.703525552540369858e+00 -1.598610381286018622e-01 4.761079745705083965e+00 1.853364610824844050e+00 -4.921578986901280928e+00 -6.099819105215047443e-01 6.722230380229898827e-01 3.472903352965728274e+00 7.255365639526733190e+00 3.995903274736720689e+00 -2.124307568132504542e+00 1.336558706709134015e+00 -8.447308817367479961e+00 9.537054505643247637e-01 -7.416172722227106107e+00 -6.517711678066985925e+00 -6.642246303557337583e+00 7.000968649831332158e+00 -2.991944821718856673e+00 -2.026934812262945584e+00 6.950143875372422286e+00 -6.791316898150121517e-01 -1.272504284907824967e+00 8.927582631977436733e+00 -5.861596307301335074e+00 -4.534747261463105694e+00 8.040925890643997320e-01 -1.336635853961654519e+00 -7.914517137396739344e+00 1.700803706172456131e+00 -4.576366360136923106e-01 4.610793999266646779e+02 6.815890166154364493e+00 -9.329103381160940955e+00 -2.072275772426149132e+00 7.672634652259095134e+00 -9.297307688000614689e+00 -4.851017289144563094e+00 -7.235422197541829803e-01 6.860514259973985673e+00 -4.985379892384824707e+00 5.484575791851860060e-01 -6.621755384455880744e-01 -4.961561319695597660e+00 9.833651796256763333e+00 6.430443983054825452e+00 6.579759224274290830e+00
-4.940665821398173563e+00 8.365040442259612519e+00 1.316399158569499406e+00 -1.322250871866824440e+00 2.417075690043716918e+00 4.974213955941985787e+00 -8.861312079297860578e-01 -7.905234783130714149e+00 -6.991631655100441378e+00 -6.226596589468975651e-01 -4.308100085850101735e+00 -6.192621485863181618e+00 -3.407567677221205571e+00 -3.885179095843609431e+00 -4.593455976129641627e+00 -4.136771270927765976e+00 -9.931862915014569637e+00 3.277749999022315563e+00 -5.837072767469662082e+00 7.616260445391365153e-01 6.479750463701510199e-01 5.262788532473374303e+00 -3.250873756245777457e+00 4.283867402749837794e+00 -3.692483544259164141e+00 2.513473363170295016e+00 -5.785840066193543407e+00 -2.060761884881323169e+00 -8.671298358211510404e+00 -3.861002360500678243e+00 4.018074189042328825e+00 6.240107629896090913e+00 6.423979320139583393e+00 8.671337220940664281e+00 -1.921947960922501863e+00 -7.027206894367701295e+00 -9.967324215500912743e+00 -5.986439855460863768e+00 5.783254777004039227e+00 5.453202531134648368e+00 2.947770714672905967e-01 -2.305283371975130891e+00 4.292769015928712406e-01 9.938524728424432908e+00 -9.344583091751594850e+00 -8.246374496187245384e+00 6.259950050051031667e+00 -1.230060162815021840e+00 3.470830910533290847e+00 8.785602415839388613e-01 -9.334265022926439670e+00 9.921079907972078615e+00 -6.623804216783842236e+00 7.450880901393976075e+00 2.446387834119210680e+00 4.419544075432737529e+00 -6.384619215433293249e+00 9.960183795281842833e-01 2.231137631107053210e+00 -2.832166474314989912e+00 -7.931321522347973385e+00 2.390474870943926078e+00 -4.778755855201037406e+00 -9.254247835564848756e+00 -8.132222911547730249e+00 -8.929503456047848786e+00 -9.292971760019375083e+00 7.437217085862325661e+00 1.630287253936661074e+00 -3.513571102517931699e+00 -1.865820632137609181e+00 -7.107914711770275673e+00 9.748910908110090645e+00 7.511111027210198188e+00 -9.780347117319861283e+00 1.010699646082962033e+00 -9.348888803219228549e+00 5.213591009803053566e-01 -8.272916567067593263e+00 -1.118844631583984395e+00 8.575058064891788234e+00 -4.085223037783896061e+00 6.537471294856501913e+00 1.975433067241038287e+00 9.799100372913965629e+00 5.152827689700415021e+02 2.880264936166557987e+00 -3.864686591955881489e+00 -8.682966309944792016e+00 3.851433865665484291e+00 -7.003866352322177136e+00 7.645956215864007532e+00 3.445821952825598444e+00 5.649233550919667834e+00 9.513753740556040839e+00 -9.386652665572226439e+00 6.043152092292775279e+00 8.696079854969838152e-01 1.702694777233606516e+00 8.849317920543743554e+00
-4.573566586710057891e+00 8.012420994541180619e-02 -9.513437656311749535e+00 5.792187416474368078e+00 7.009377752001803685e+00 -7.630213885313199995e+00 3.161311110631608301e+00 4.496995552815175046e+00 3.860683527758336453e+00 -3.841162964349464914e+00 1.575890680399833599e+00 9.788273348042825006e+00 7.405184151776694534e+00 -3.265516488762905567e+00 -6.514271500612968779e+00 9.681511215252143643e+00 5.643031683425013156e+00 -7.120869752338519376e+00 -6.788567086115953053e+00 2.241463705633670145e+00 -6.486150291425596848e+00 -3.022424926414617019e+00 -1.656620560855024848e+00 3.122772106564619676e+00 6.495527184332622994e+00 4.399826954078928765e+00 -8.218778492785020262e+00 9.656162371532680311e+00 5.683184791397948743e+00 -3.317258447581236780e+00 -2.322004218982240964e+00 4.567614160442374782e-01 2.253746763035568534e+00 5.991828797027524800e+00 9.236911381704700830e+00 -3.960139881200912981e+00 -5.845192383926574031e+00 -3.089028675176286320e+00 5.389601036152908975e+00 -2.960472927101180929e+00 -1.926073940156403097e-01 8.275241792107067340e+00 -1.034410504449681412e+00 -5.460365251661425390e+00 -2.780874578381031803e+00 -5.087402484018268112e+00 -7.707373697861086725e+00 -3.568875139275025532e+00 9.669268902670896892e+00 -7.919219636651389393e+00 -4.123497142760943035e+00 -6.117416714242283504e+00 -8.605672950335508276e+00 6.844129226468460558e+00 -3.765393884936079516e+00 5.499751208483374398e-01 6.590231694329485634e+00 1.900900630452262874e+00 -9.514394174484877453e+00 -8.326066376323097984e-01 5.071131894276399876e+00 -5.936321212912798018e+00 6.225621143632384502e+00 -3.903698332288287887e+00 -5.358981627630765132e+00 9.963117161310787395e+00 -2.623886326764974797e+00 8.238767498839738579e-01 -3.131072352889936461e+00 7.336287292522236214e+00 -8.387620447004026758e+00 -2.281543711780960493e+00 -4.727093716418542257e+00 -6.467917588355720504e+00 -9.722477300692844437e-01 1.657438179755818197e+00 2.185890307544884337e+00 9.327353592092084256e+00 -7.455834575240358753e+00 7.481871162426887878e+00 3.101546423415699749e+00 -5.139276752684032168e+00 7.160299160022240983e-01 -6.539601673426234107e+00 1.497337410886750320e+00 9.000556651458282431e-01 4.967015941582952223e+02 -8.642024365940738306e+00 -8.659968509236355416e+00 4.407476624050550740e+00 5.042220507717818379e+00 1.921890226410024383e+00 1.198240555937157836e+00 7.717045776227401177e+00 9.119340170378759325e+00 -1.519232943223919108e+00 -5.682279247140180622e+00 2.587903167720067898e+00 5.195729523390081539e+00 5.647168377920161575e+00
-8.327886311642451744e+00 -1.732221329142134891e+00 -2.812526911181365108e+00 5.207873573950191570e+00 -1.918548883894207080e+00 -7.023191662232299848e-01 3.750002844585658579e+00 7.171029188093925200e+00 4.135676150268194462e+00 -2.264635845386189672e+00 8.259614582141114880e+00 6.343571638433214588e+00 -5.023424576813663833e+00 -9.581264049138962235e+00 5.934791482714857125e+00 -6.711519100658838610e+00 9.651086842667766064e+00 5.724642490661045358e+00 7.932263213304285188e+00 8.808185683678900091e+00 -5.813213459017935847e+00 -3.247232741818226742e+00 -3.821599954974965740e+00 -9.107050418049491114e+00 -3.782642802276492411e+00 -7.471702823889501133e+00 1.027019855942366888e+00 6.472191070833659410e+00 -5.380791000996183016e+00 5.030888783443948853e+00 4.522519451738409302e+00 5.766678438510240312e+00 4.365319898300674240e+00 -3.004489485338783794e-01 -9.357794955277809024e+00 2.819853402304275392e+00 1.854013656567040869e+00 1.872774329368983359e+00 -1.306669861532416377e+00 -7.633435104101065072e+00 2.642437266158419007e+00 -8.689182498815007705e+00 -9.369667582183973664e+00 3.012042104924315566e+00 1.236453043316085854e+00 9.845693450053481399e+00 -2.462258548771288247e+00 -8.129950536815094608e+00 -7.099620336311236457e+00 3.347220921879861422e+00 3.089134532694997048e+00 -9.384804401023334464e-01 -9.532412152491041013e-01 4.563325492151742324e+00 5.846106261904660428e+00 -6.668180488185644350e-01 1.871908329057898612e-01 -6.303569757838120680e+00 -1.539939968727331632e+00 2.890593782700442205e+00 -6.634613086183427377e+00 6.902597632801985128e+00 3.681278937803057261e+00 -4.779846212804434558e+00 -1.183895094402267034e+00 1.340411674221858362e+00 2.013956556442080270e+00 6.660058733979692391e+00 -8.390859145626395232e+00 -5.412170105417466459e-01 9.469194922436948048e+00 -7.336154490174910947e+00 -1.152058060765146053e+00 8.890431674768155546e-01 -6.556463269211665335e-01 -7.496028520704300924e+00 -1.976534590872191188e+00 -2.754309597117467590e+00 -1.830868312888760840e+00 2.944257355565071066e+00 9.533676219590109469e+00 -5.994814362598763324e+00 2.259068563408836994e+00 9.952116922205902938e+00 7.091232500278366047e-02 8.520926316575593518e+00 -2.469106198660837137e+00 4.602092163489946302e+02 3.858782930815792156e+00 4.900195792078038792e+00 -6.683406892850783265e+00 -5.412498468667845231e+00 -4.550722061576029098e+00 2.071130803582477142e-01 -8.146034684503920431e+00 -7.262081520191784989e+00 3.773707109070763011e-01 1.134874586338376901e+00 9.710371067109679899e+00 -9.531092184109546395e-01
7.591152838504243050e+00 4.134325739866515192e+00 4.838567758529983109e+00 -8.837452793569502418e+00 1.889207451976124830e+00 2.227262373505142889e+00 9.431527638404350711e+00 -3.321516259858343645e+00 -7.599318957354554982e-01 -8.434896182437299217e+00 3.412323877160243768e+00 6.853425172862841919e+00 -3.895369392300529476e+00 7.048358252844252547e+00 6.160569059910066869e+00 2.380774495920100264e+00 -6.482045061908950245e+00 -2.961146865601486766e+00 8.308136161839765776e+00 -4.340122074910290451e+00 -4.693243582946003301e+00 -1.468433108968588030e+00 -4.607285212882905157e+00 6.773311224312688950e+00 9.058069010566580204e+00 -4.274968582572258313e+00 2.634193913685718869e+00 4.588055645112731895e+00 -6.604847636818666601e+00 -3.294271579560383856e+00 2.540872804071792501e+00 -7.886904900834643684e-01 9.859235180379307906e+00 -4.359058419243702076e-01 -2.066039078355177416e+00 1.224521293067081018e+00 5.734495236190904066e+00 -1.071502864395590393e+00 -1.790932023482554314e+00 -3.749090303613014541e+00 -4.225424066572999848e+00 8.869698776029565579e+00 6.430573717925160082e+00 8.160422333913722071e+00 5.671263936380910309e+00 -6.496600207241749914e+00 -3.734269909368254758e+00 9.112931963359585552e+00 1.782432242032470526e+00 -4.685311973389321594e+00 -4.529620113632473632e+00 -6.746681506571261977e+00 -8.565868425489327365e+00 -8.577787627160018857e+00 9.962132538042570928e+00 -4.535151514637707493e+00 3.830625091064163712e+00 9.239148648983277923e+00 -8.022323412092166706e+00 4.388026261517278925e+00 1.802975595128026853e+00 8.608745615321613087e+00 7.388159145119715276e+00 -3.197857797799650292e+00 6.852044615989740350e+00 2.859733352624846958e+00 8.664681310928820324e+00 -5.799245577138516516e+00 -5.220054862016992203e+00 8.125332443996356346e+00 -8.613179147943226255e+00 -3.271934236461579992e+00 3.436790225835117951e-01 4.738503984516999168e+00 7.257258120884184649e+00 9.054153072887455522e+00 7.270559435865500575e+00 7.423518205000966930e+00 1.035859273731141172e-01 9.644713193408264829e+00 9.189006528040103206e+00 1.137921043269301435e+00 6.640317967654851827e-02 -2.186546486609630691e+00 -9.190538501170008701e+00 -4.354963231476816077e-02 2.619650261556953907e+00 -2.815678817000655698e+00 5.264049885704466760e+02 -7.223216835708385908e+00 5.979673691934062063e+00 -3.201372954478340915e+00 -7.418095572931053816e+00 6.707218450526507780e+00 -6.463662352514125686e+00 -8.032822902340390314e+00 3.920973251757937206e+00 -5.357772744420374877e+00 -5.355715945582375070e+00 -7.081554299892037108e+00
-5.498866885484954281e+00 -8.227330507026053397e+00 5.838135754851968784e+00 -7.747334896373187618e+00 -7.890174211547589245e+00 -8.953941610190952360e+00 3.255552558422781573e+00 7.765663954798863955e+00 5.324507721107746505e+00 9.134865162829715501e+00 4.229947966000731086e+00 -4.661165216991422611e+00 9.812352405067947814e-02 4.233550545097761741e+00 -6.379864887829933551e+00 1.857121367582228899e+00 1.209914107320519960e+00 6.096264579726515365e+00 -8.804817757672772416e+00 -5.866181325162502347e+00 -1.087842532381632310e+00 8.465970740825728313e+00 5.283467764695616964e+00 -9.655713574398641086e+00 -2.779874868294898604e+00 -5.060043799728988212e+00 8.920496514020161527e+00 3.243660015458392110e+00 -8.763814362360500709e+00 -6.871946732559115034e+00 -4.622792055456825366e+00 6.789804004857511899e+00 -3.849566503005039664e+00 -3.579610705097991286e+00 8.388874498925112277e+00 2.402802038888491865e-01 5.200961932636543494e+00 1.793694041045114318e+00 1.580602647242304926e+00 -2.874228523030177840e+00 -7.890806121951889907e+00 3.746676475797183770e-01 -2.049341353718503456e-01 5.131855259870224728e+00 5.689058671248085730e+00 -4.994434103091700550e+00 7.941467950275061582e+00 7.865575490302305184e+00 -5.903485303100270976e+00 6.478689284564254081e-02 1.290850733635471315e+00 -2.271283165817267857e+00 6.451798581296429802e+00 8.306783155622479597e+00 3.011883284409153205e+00 -8.830075833972392374e+00 -1.015188689572925185e+00 2.572626349505910071e+00 8.909640510999008001e+00 5.113808190800357423e+00 -6.270849309737722699e+00 8.621055049661411118e+00 -7.839505088213785555e+00 -2.886081125668695790e-01 5.780966440545597607e+00 -5.051375263653503644e+00 -8.622744196802143435e+00 3.956413024053999195e+00 4.163965194418388194e+00 9.165997543628435551e+00 2.746293447375096619e+00 7.684155940125322104e+00 -4.786583253894372447e+00 9.403466587004917443e+00 -2.844543028551250075e+00 7.320574977585234677e+00 -5.661255509680033882e+00 1.024891204752604423e+00 -6.556071816366024763e+00 -3.379634234182018915e+00 7.740789195065872264e+00 -8.883236282167706221e+00 -1.495889536484328985e+00 2.000107781536000218e+00 -8.890359492389698914e+00 -6.454862672746273233e-01 5.424480373829528190e+00 -3.544843186270323798e+00 -7.123175833188060579e+00 5.380585411693036804e+02 -8.893464377239389762e+00 3.641637555071053356e-01 8.053893233828418374e+00 8.724398212229953486e+00 7.909201350136637387e+00 -9.548824062924335720e+00 -4.794854456483244043e+00 7.233970576567806177e+00 -6.797341061022921238e+00 9.662712346752801551e+00
1.889882023394914512e+00 -3.125236381268821084e+00 2.380399945045470034e+00 5.649625408989367159e+00 1.410165392172430643e+00 5.109302404593600855e+00 -1.355291001700127396e+00 -6.826334840942265281e+00 3.321992176129347385e+00 -5.008790626458936579e+00 9.587721519021698668e+00 -1.055985565509288904e+00 -2.449632441788254233e+00 -4.492886256797117284e-01 -2.689157236313879373e+00 -5.514426840354063053e+00 -1.974155707064033649e+00 -1.439968153919437555e-01 5.332429973177546856e+00 1.002630709036312240e+00 -3.622385192321758041e+00 7.578426128641776671e+00 -2.024802949813071962e+00 4.885426814044631527e+00 -5.203997811362381931e+00 -2.798363210189076966e+00 -8.230677329697664746e+00 -8.107741252565922707e+00 6.791443735042314245e+00 8.992177468572748467e-02 4.850089476010738920e+00 6.786774588549256748e+00 -6.660301921299840444e+00 9.959737772892040653e+00 -3.547876168239181283e+00 1.217709925880248178e+00 9.559676848996186749e+00 5.853206406645679039e+00 -6.120852524805671102e+00 9.060593922461990246e-02 1.676724061797328247e+00 1.845946321827945269e+00 7.224658649167785995e+00 -4.522887112694126799e+00 6.596312144045562320e+00 9.968544319601040371e+00 -9.326912853634643952e+00 -2.626911187364548539e+00 1.543450729371187435e-02 8.422451051123307053e+00 8.868371510751462239e+00 -6.408756747458507874e+00 -8.202792964705754031e+00 -4.036089239392794958e+00 -5.772955153898024605e+00 -6.594052225754190033e+00 9.844402989130514925e+00 7.400730717036907436e+00 6.241790977590003564e+00 -2.400340383814683065e+00 6.307670292124225142e+00 -1.914768918666752029e+00 -6.473007921864546432e+00 6.908994886915987621e+00 8.219908896285257782e+00 -3.596798057170838447e+00 -5.333112525910048696e+00 -8.237100887889987177e+00 -4.083639479992974941e+00 -2.408463399520290871e+00 8.356906685524336353e+00 -1.866765226497584251e-01 -2.759676352761932350e+00 -9.888688294249011079e+00 -1.662922595649300561e+00 -5.554466345890660683e+00 8.018285337269773549e+00 2.866569071522818035e+00 -5.248211659079855096e+00 -4.118335313501761519e+00 1.542538883520037984e+00 6.943023287292856338e+00 -2.810314478420963269e-01 -5.449118340025327356e+00 -9.365937709447546666e+00 -7.161907554517252805e+00 -8.417322696082589317e+00 1.435264065564625824e+00 -6.711291470738558473e+00 8.837981343316052119e+00 5.135136583925183231e+02 -9.614318866325874069e+00 4.134888138346745734e+00 7.062001946972497279e+00 -6.771254361571223512e+00 -4.938234622769039461e+00 -8.031746760837208399e-01 9.466882934769188296e+00 5.578513547593747290e+00 -9.805935823300133691e+00
8.001968812310320089e+00 1.084885061429158526e+00 -9.409579495325925080e+00 4.165773366826234891e+00 -9.214171847805179283e-01 5.871188647167924657e+00 9.896471473853438283e+00 6.155497214441197684e+00 -8.831465979771975228e+00 -4.816528921445359934e+00 -4.749541248176843311e+00 -7.163988452797411810e-01 -3.117017378566735886e+00 8.612674896673912173e+00 -4.872973676904202023e-02 3.879181615820275653e+00 -5.264815107745269174e+00 9.332552994295237880e+00 -1.233534579181633006e+00 -2.666539068512838284e+00 -2.128383482252815817e+00 5.726847533008484703e+00 -8.921300643434104671e-01 -3.283597074830666429e+00 -6.402513500734414720e-01 -4.025869153595817984e+00 9.742153697548417313e+00 -4.821392352665365699e+00 1.586835549548304414e+00 -8.006033870891613446e+00 9.270913700264511448e+00 6.322758739978532105e+00 -4.231861159607140266e+00 -7.769797641778342090e+00 6.240542648517269697e+00 -9.823180569185105071e+00 9.123135896289738866e+00 -3.957871622939488354e+00 -9.691260433020094212e+00 -5.509513839837829607e+00 6.247341195108550238e+00 2.080770542668693324e+00 -1.818544758191411148e+00 -8.495773890232232617e+00 -1.174287363788380389e+00 -3.804261301965581765e+00 -4.659067069131270777e+00 -1.343980934403516514e+00 2.896071794174609693e+00 -6.743389748142003981e+00 8.113056248996301179e+00 4.089505572923442855e+00 5.618465525198883981e+00 -7.056047799310150026e-01 -6.383877739506706561e+00 -9.209013297187249592e+00 -9.432947392990669755e+00 -5.391554058398639881e-01 -7.446085351538465069e+00 2.861233882715534804e-01 9.236863740630813169e+00 2.306934054686230695e+00 -4.525785558637334560e+00 -1.314620181366281670e+00 6.428310922492919133e+00 -8.115151642215877814e+00 4.828560274025052834e+00 2.223933788782989751e+00 -4.085677060927467963e+00 8.693154438591495392e+00 5.482957194772806631e+00 -5.249293090716666832e+00 -7.346772517394524193e+00 -9.897554346280077908e+00 6.861796554761369293e+00 3.607133155900154264e+00 8.101054027819493797e+00 -5.741378667516841006e+00 8.908782589745776193e-01 5.700958038631668501e+00 8.221672296305783334e+00 -4.057006690127778370e+00 2.872576367530557562e+00 -9.262603336454787950e+00 8.669872976799666731e+00 1.368175280327506016e+00 5.195013031095719214e+00 -4.804008420516929334e+00 5.189392944944621888e+00 5.960349340071417146e+00 9.305308954286569900e+00 5.117579951098160223e+02 -4.200368876045388333e-01 -1.558919090646352146e+00 -6.801826277693214351e+00 3.528580133876648262e+00 2.146804442297762350e+00 4.751040020710302514e+00 2.719898548058363730e+00 1.904929029634914173e+00
6.508046807996986871e+00 3.501489637116302234e+00 6.214725769430671676e+00 8.332050715716686540e+00 5.177001654802701580e+00 -1.338607617992373378e+00 4.147306068338540541e+00 5.336140465831178403e+00 8.726229530724765482e+00 7.831488478012452958e+00 -1.216911871639325682e-02 -7.283507134045494880e+00 -2.480079257004376814e+00 2.515133149168573112e+00 -9.521754496449188920e+00 -9.191207768506039599e+00 4.564703513749321928e-01 -6.507175468360031800e+00 6.981702351103187709e+00 4.971069697412096033e+00 -1.288446963445689875e+00 1.666498903424178835e+00 3.127158824882334542e+00 3.144169883753750838e+00 4.723267594861946250e+00 7.304606068848471523e-01 -6.993246739341502760e+00 -2.860612191418869799e-01 6.325026481851267590e+00 1.541430904283846104e+00 -5.773719565664599429e+00 -7.997781000795125550e+00 -6.970346851247553488e+00 4.807266704298346127e+00 5.478387361196856986e+00 3.796237849681423526e+00 2.829191564458515273e+00 7.850069513639475360e+00 5.590538581643491156e+00 4.203478222749803095e+00 -2.404540251552706565e+00 -9.650522413566749336e+00 -9.585067625611731756e-01 1.151551434159312493e+00 7.975954393413374532e+00 -2.671351090939017681e+00 -2.220632980436684889e+00 5.661689404459606223e+00 2.093488972628417599e+00 -7.585895477590735680e+00 5.400957878632590692e+00 -5.008505966575318880e+00 6.568898888875125408e+00 6.823437890948429896e+00 3.445076090105221311e+00 -2.332896109926567263e+00 -3.405113428836181733e+00 -7.897400051701657375e+00 4.070047766564641734e-01 1.936182678103966381e+00 -2.349309062725914998e+00 9.873217264182798658e-01 -2.283149507790493971e-01 4.941723920352327326e+00 -4.065282247457975728e+00 2.592868446464981602e+00 -1.835547161134503114e-01 -4.893258861004103899e+00 5.745340195577917086e-01 -2.571361976491224333e+00 5.756648881709473642e+00 -1.057922981180482225e+00 -3.792230688895723567e+00 6.458648196372113404e+00 -4.005621782990749224e+00 3.608240701403955697e+00 7.218100321214059534e+00 -2.904371723958545815e+00 -4.429769895406836966e+00 4.443291326558380661e+00 -4.015183040052505703e-02 -1.288457541302232556e+00 -8.344302559372708927e+00 6.264864730423735040e+00 5.133763779513692782e+00 8.913714270295081121e-01 1.171866081166442086e+00 8.267990377668770208e-01 8.748631662538073783e+00 -2.720438034633327895e+00 3.613619218045469594e+00 2.579218936111526972e-01 4.223463408188472954e+02 4.919607284922058454e+00 -8.611202369556581360e+00 -3.029722607670652934e-01 4.776123989054807950e+00 2.856590166250461138e+00 4.008304584374593915e+00 5.439315987420059173e+00
8.488966267655722930e+00 -6.086730884918214457e+00 7.944514992984558432e+00 -7.305997539801700746e+00 -5.000234088801875920e+00 1.206166612578948971e+00 4.131524792529244650e+00 -2.808258902728462125e+00 -6.091729992772814128e+00 -6.006787507936229176e+00 -3.844102744809232419e+00 -1.397402217793384693e+00 6.516022774041037025e-01 7.923317095919156117e+00 3.923305355891413271e+00 -4.092491340790949117e+00 3.933420610096987957e+00 1.241762627979706934e+00 -9.584284879020525949e+00 -4.473035942564855816e-01 9.862219243052759765e+00 8.011726403156504972e+00 -1.140895155343208955e+00 -2.404283530194753382e+00 -8.076515240777961679e+00 5.482341091738902605e+00 -5.273155174463665773e+00 -2.180797158084768483e+00 -7.569743343007879766e+00 1.616612036102321071e+00 2.975821903484645148e+00 -8.957114157053407411e+00 5.286404344054565385e+00 5.022290778549237444e+00 -1.610716531841813293e+00 1.174661339197671239e+00 -5.656436059015255147e+00 9.581922196614840459e+00 7.065616987137325111e+00 -4.178904121453630438e+00 5.440872357725448083e+00 -9.121894889925732386e+00 -1.493519346926239777e+00 -3.124049721375548039e+00 1.618620238048233517e+00 -1.332897033060618242e-01 -2.892815636779550559e+00 1.820555406504682949e+00 -3.300404307104107815e+00 7.941666023314368772e-01 7.286578942435259165e+00 5.027768401997899872e+00 -4.525564824441392631e-01 1.601423252028606470e+00 8.647057578569938840e-01 -1.569286231288558042e-02 3.116570825620652130e+00 -2.077783071445660212e+00 8.418115219836703744e-01 5.653831995972575797e+00 -9.700069469796526178e+00 3.041105511739292666e+00 -8.919279986588136921e+00 -6.996011602068263890e+00 -1.100044618763007520e-01 -1.520110113212441050e+00 -5.745049993209773831e+00 4.712438737982829196e-01 -1.904087832623753584e+00 -9.380076576062563731e-01 -8.485748526267602898e+00 -4.007340693341037152e+00 -5.995726415777340890e+00 -4.703002910120122060e+00 9.287210699098487510e+00 6.080151370933926103e-01 -4.105359400629600586e+00 -9.388875691722960326e+00 6.338129705285744819e+00 -8.279675032665608114e+00 1.189774437620997105e+00 -3.799516215276447895e+00 -4.678414847560961043e+00 4.378291116495836022e+00 6.467628519686478228e+00 5.992190630028106924e+00 -5.429777855085086813e+00 -9.006923847306429920e+00 7.935505242163003459e-01 -3.500165886874331278e+00 -4.406925470575364656e+00 -5.924523429790928830e+00 4.160252748464580819e+00 4.399290786140621776e+02 -3.459872921173410276e+00 6.518878583802699467e+00 -5.289906437265418759e+00 4.505979452932356466e+00 -6.416290425790071694e+00 3.162974102861006998e-01
4.735766216669469841e+00 8.983749205605917609e-01 5.690137983337608674e+00 1.138972073144334018e+00 8.673101160744568716e+00 6.715095650882926037e+00 -1.162705160410013150e+00 4.358066238840871520e+00 -1.355201102570504190e+00 -1.038919385989135691e+00 -2.484424433884107053e+00 -6.521146188843349734e+00 2.383380442261117338e+00 5.175911667175572717e+00 8.015755231906254608e+00 4.840012876443186229e+00 -3.741117103386555343e+00 -9.204018620752592028e-01 -9.042258973528307209e+00 -8.747573194420112941e+00 9.217130301686523808e+00 -5.209506783953898434e+00 -1.673844351463715796e+00 -2.393885646819180479e+00 2.957285425502352183e+00 -4.056477567243521598e+00 1.165560445913797594e+00 -9.951070208272685846e+00 1.186222311018667597e-01 -3.800723675590211847e+00 -7.358395297794045220e+00 3.223573996643558814e+00 -6.249431599483603605e+00 -2.087345615397704357e+00 5.190337225024542533e+00 9.948774109732351434e+00 -6.831963202273396263e+00 -6.949193452049275521e+00 -3.590731447747801397e+00 1.193722599421843000e+00 6.580711275120989967e+00 -2.194348577127998468e+00 -5.927337342660983666e+00 -4.521728541815701163e+00 -7.861062270570524646e-01 5.570611406162107926e+00 4.962649198079569501e+00 1.200752366068073229e+00 -2.955761227206606279e+00 -2.705500867144838395e+00 -9.809355253266481611e+00 1.194193589398825139e+00 7.046154053389845018e+00 -9.842788888177356199e+00 -4.760359823278896840e+00 -4.925309431334472521e-01 5.410873790452640719e+00 7.982260343192852048e+00 -6.344410954558979299e+00 -2.282805979023645904e+00 -1.293501560576533649e+00 -6.671687840689619620e+00 -9.572345508693796745e+00 2.524473082243448019e+00 5.333120828742918818e+00 5.179224887813855815e-01 -2.159184937763476420e+00 2.555481441284385369e+00 -3.039089901594101306e+00 2.556909904060804095e+00 7.673378399535547345e+00 5.237371438155040693e-01 8.932320491143130425e+00 2.129776932081020036e+00 3.032501797423670098e+00 -5.869268703082934913e+00 8.875572730583172643e+00 7.808147574556571158e+00 -3.634126498439136377e+00 -8.580983285210495026e+00 6.537679369192844092e+00 3.329318765920241674e+00 5.989536957890857494e+00 3.057954245257278103e+00 1.190250192334580959e+00 -6.896517011109761341e+00 -1.793663250633223072e+00 -9.748223940146374389e-01 8.561686600510999057e+00 1.451392305620773371e+00 -1.082948743536338299e-01 -6.748167987228566034e-01 6.420673812118067758e+00 2.712615470131339634e+00 4.491503688732786941e+02 -1.519214225722935296e+00 -2.967300886551608841e+00 8.459195509131632207e+00 8.821847777684066472e+00 7.488145322003816773e+00
4.694948170023742762e+00 9.839344782130392986e+00 -7.459973106873496462e+00 7.727276183411856181e+00 8.230346041187473816e+00 4.925793475613176042e-01 -1.833142463498219854e+00 -2.019445462883320275e+00 2.038892417669675439e+00 -3.670381260518185584e+00 3.595770953691413752e+00 -5.181821408255768979e+00 -2.224162695576668014e+00 9.569830453888283017e+00 4.181032468731778806e+00 2.975032521824218179e+00 -3.826536465732159442e+00 4.692823884639597765e+00 7.302165619838739019e+00 3.463380626955771646e+00 5.338560411037127196e+00 7.654544938339572724e+00 -4.009347866857257969e+00 -7.391863357253420475e+00 -5.763115824228368211e+00 -6.217171511242751691e+00 5.210412318726048042e+00 -3.005142009135211012e+00 3.470548442179852699e+00 -2.601285590338154208e+00 -2.047847043307617909e+00 6.485748483374077722e+00 9.575127152613774228e+00 -6.473103286527608802e+00 -9.425919140610112379e+00 6.428393574251337839e+00 2.648203921410381412e-01 -7.697408085148564894e+00 -6.371461376039528446e+00 5.884799627238521680e+00 3.140920380343743545e-01 -2.325793057749150350e+00 7.483568673887411649e+00 -9.499826426628747100e+00 1.913315320941800124e+00 3.384198455372064984e-01 7.672625580722385763e+00 -5.169886248101720483e+00 -4.215564986903408418e+00 1.934441282231379233e+00 4.674974502040331714e+00 -1.400790462137685211e+00 -2.226584936300250561e+00 -8.637183389359785579e+00 9.632868980286730221e+00 -6.635338430852080194e+00 4.907005413276255723e+00 9.177656426877547347e-01 -3.134750384345323937e-01 -4.014538950980631071e+00 3.881366937136796480e+00 -7.045578092103015777e+00 -2.769411769880319341e+00 4.699720650175684966e+00 -4.492231655224117048e+00 -6.221241409183586590e+00 4.225438347716483634e+00 8.090540303106742215e+00 8.171138088050504678e+00 7.047990688818227767e+00 2.725525025878699381e+00 2.235711961820349813e+00 -3.864593775781419716e+00 -5.042812805976115698e+00 -7.201624865672084930e+00 -8.491687113269010823e+00 1.129740205639194528e+00 -1.572851343289084269e+00 7.425805603361368412e-01 1.165590876876553494e+00 1.297384294092314150e-01 7.867949460249729299e+00 4.660112630705635084e+00 -8.506346476316542393e+00 9.417556391443067554e+00 -4.648444869981323002e+00 4.057666718887738000e+00 1.567446557826286835e+00 -4.614176596371965644e+00 3.897329575875607688e+00 -6.236205088319854539e+00 4.992892313980767938e+00 -8.753165741093617669e+00 -3.611524162081249933e+00 8.165633627753795309e+00 4.797482726220605400e+02 -2.184063173112910761e+00 -4.590187695050023109e-01 7.685870342869289829e-01 -9.573630092202431996e+00
9.771981704471524921e+00 1.570744794260765076e+00 -6.689524584222253267e+00 3.292378311966075444e+00 -7.178569405071919540e+00 9.284241483754676949e+00 1.515320729796963306e+00 -6.229094271555051243e+00 -2.375860549516886522e+00 7.837477614193105069e+00 -1.707309959546554623e+00 -8.662190811992665829e+00 -3.966147440867833218e+00 -7.834538979970342432e+00 -9.946481550867263266e+00 8.251341367800598903e+00 -7.725085529072195811e+00 9.064844994854077243e+00 -9.636448041226300276e+00 3.781843924887834163e+00 -9.950801556448460872e+00 -1.798796286870061323e+00 6.535029702847758415e+00 -8.293646308279043922e+00 -7.521620457558313433e-01 -3.009555838151285911e+00 -5.186952144770263118e+00 7.370329227901294189e+00 3.365943242522797973e+00 -8.185121617280335826e+00 -2.732074112057625292e+00 5.098671138355026500e-01 5.472131026088920436e+00 3.523920383529951295e+00 -4.274037263853010415e+00 -6.857339082411617603e+00 8.100275935944416972e+00 9.924074442637206062e+00 -4.610154220930162694e-01 -5.652655889837109981e+00 -4.052577489048923454e+00 -8.598202164558410132e+00 -6.042589516078193945e+00 9.680690855884858337e+00 -9.102479956032325958e+00 8.859989638534457868e-01 5.736007056285203021e+00 -1.448477162693198039e+00 6.748685156689315789e+00 -2.290246638689894532e+00 -6.843026249419268403e+00 8.498580315581563127e+00 -2.832173592174744847e+00 7.502663316763520385e-01 4.268215512793711142e+00 2.780557271858516089e+00 -7.548813054750269202e+00 6.841639864891913447e+00 -1.213395521860164195e+00 6.745891274951254957e+00 5.472072784457663985e+00 -7.534676346180120277e-01 5.777908859143039422e+00 -4.331882345021202951e+00 -3.263912975865324029e-02 -7.719412920455022586e+00 -3.292951655343586026e+00 6.684813008491435227e+00 8.274715470210296075e+00 1.101849119694422896e+00 -1.325415273860272691e+00 -1.726474631764741474e+00 3.003208777445209421e+00 -9.006779166977818107e+00 4.081215755588328165e+00 -8.853039498692877984e+00 -1.089862016662458188e+00 3.727650135085994521e+00 8.620840534383070519e+00 -4.374145140096867834e-01 -6.979040468554778442e+00 1.841861187803747413e+00 3.872941465806913897e+00 4.419978443415065072e+00 3.126440623323240686e+00 -5.332872543272184629e+00 8.706382619818668900e+00 3.921635027076053603e+00 -6.379119011470817391e+00 -5.229483638901508691e+00 3.447294231545006582e+00 6.661194129747411097e+00 -3.322181563760134182e+00 -3.986903869479013096e+00 -6.928953419317682716e+00 -8.907593292106309235e+00 5.266069428969315140e+02 -9.423628647230739119e+00 6.059944882053208914e+00 -3.583416088653996745e+00
-6.148402216305253631e+00 -9.537837154385343297e+00 -7.535520087620515284e+00 -6.231029938513746202e+00 -7.397101898065383097e+00 -8.612911184518477370e+00 4.758196040029911700e-01 -2.196212798818313772e+00 -1.803248935529001784e+00 -8.451614953087345228e+00 4.301396734986287385e+00 -2.197329423072154064e+00 2.618730312355355139e+00 2.973605560647776258e-01 2.970253599871465866e+00 3.598381802440727029e+00 -3.063541480280028040e+00 1.203426434138618717e+00 1.503418138076181521e+00 -6.966661841160153301e-01 1.271273825896102494e+00 -6.928626059866919817e+00 -8.528008585920549223e+00 3.421004869683450522e-01 8.341361051750812550e+00 -7.499258613729891110e+00 -8.633541612243490704e+00 -6.853562571158693828e+00 8.492778139298774676e+00 -5.057438117831996038e+00 -9.683114158035682095e+00 9.824123184501274864e+00 7.009516679916835358e+00 2.268117086777643010e+00 -1.878427591741733238e+00 -3.679357215358615818e+00 8.533021611943425455e-02 -3.987514166948886718e+00 1.169908323783905857e+00 -8.123086281924242869e+00 1.412529423709729670e+00 -2.553805826567677073e+00 4.008947261729645106e+00 5.125307207744089766e-01 6.386985227328118242e+00 -2.996904502990133778e+00 -7.009541998421841669e+00 -3.030972164147501147e+00 8.272541331236510587e+00 4.394005206265834573e+00 -4.432506565804357201e+00 -9.611795865166353536e+00 3.926428979249742213e+00 -1.910934595998270424e+00 3.885781440078989846e+00 2.800704757723897487e+00 9.733603617589142942e+00 -3.360491797119440349e-01 -7.037066907402742544e+00 -3.396909451820222969e+00 2.751066247123986841e+00 -2.999646470941250698e-01 2.567632354036309295e+00 3.850364649789732141e+00 -8.661969855367292581e+00 8.166164396038514184e+00 -1.681548487324917573e+00 -5.497800735938175976e+00 2.462067665848312714e+00 7.945836121827646537e+00 4.364933982792571499e+00 -4.709893383281209545e+00 3.531027814476173532e+00 4.939751287800282498e+00 7.351381684441626874e-01 1.094880302772763159e+00 -3.716721663039253443e+00 1.620921140334223409e+00 -3.338085269007153855e+00 -5.697635468047224094e+00 6.342706937186122218e+00 5.579318922415222204e+00 -7.127167443188704432e+00 -9.124298920998704432e+00 9.586594850020848213e+00 7.998763903670443653e+00 -1.967718481987908774e+00 2.513789470769768997e+00 9.372378576744068823e+00 -7.300204077373264155e+00 5.980335370837359221e+00 8.943005836307325040e+00 -1.230359835470249408e+00 6.656983996601528730e-01 -2.210389166951658879e+00 -6.035578442582640868e+00 7.118965281530797995e+00 4.781215440581772782e+02 6.766003203821767897e+00 -9.911269550346982982e+00
8.430380633057325213e+00 -6.086660827551111375e+00 5.915434968371277691e+00 -8.665321244388744404e+00 -3.773542088495151603e+00 -2.039551596205484429e+00 -1.747877690811970197e+00 -8.415742784794275622e-01 -6.037001224808609123e-01 5.388424302055883075e+00 2.189590454406280529e+00 -2.693421633746345023e+00 5.883475250807997270e+00 -9.220995945121758908e+00 -8.367912197846960609e+00 -8.906806728612583157e+00 1.038576911380935996e+00 -7.850848242383827724e+00 -4.803675067161847778e+00 -5.343449683554442053e+00 4.925520722535363660e+00 2.215074649829322340e+00 -3.730181932122277999e+00 -6.190110122349132382e+00 -6.656478944122077301e+00 -6.623843233468384994e+00 -1.149069731262322591e+00 -9.548538232461012853e+00 1.584150422091294530e+00 -2.917436512611368826e+00 -1.068855926915329491e+00 9.356597595513267862e+00 8.417293356930592552e+00 8.993678097181970088e+00 5.594760508306075408e+00 -4.722493645564808773e+00 6.846076233991539084e+00 -9.895438682249890761e+00 -6.232002255423676473e+00 -2.687520415605044732e+00 3.731210248174649635e+00 -5.974005898810936799e+00 -8.486779590299269316e+00 -8.412894745475991698e+00 -6.424182968699803098e-01 -7.003613781979809438e+00 4.661277197759954305e-01 -1.626892298926602365e+00 4.724261229436194753e+00 4.304515242433716082e+00 -9.539479657977134153e+00 2.395740856565897303e+00 6.187469097982749133e+00 5.967222769870666355e+00 8.210489694565037411e+00 -7.782360872358498050e+00 3.626505251255256468e-01 2.978397036627542960e+00 5.278414123789021417e+00 -8.615075119881325350e+00 -8.204181227134776933e+00 6.744247976146766632e-01 3.205280995806532474e+00 7.661696077241494152e+00 -3.373549424649143091e+00 -7.256445076703768038e+00 -3.658143903125045782e+00 -1.169375166409434286e+00 4.670711633572018684e+00 -1.403308271473285629e+00 -4.224753587009502098e+00 8.382849459715622231e-01 4.997488546118484365e+00 -5.124218943844396357e+00 8.607420044124765468e+00 -2.193412953140965627e+00 -8.218825313990901549e+00 -6.341413852141721819e+00 5.382705637019711276e+00 8.319520286290618571e+00 -4.433068969251527491e+00 1.289338544066104930e+00 -1.514390046646241217e-02 4.480929971669301182e+00 -7.142702154224247479e+00 6.273547427176385582e+00 1.788016623526528903e+00 3.916706350959017868e+00 9.541014190564030883e+00 3.545604502008149694e+00 3.756501909789299987e+00 2.937664714857781689e-01 2.920577167366399607e+00 2.525413872841557605e-01 -6.015419497364433710e+00 -4.387340334413282861e+00 5.072238108179352167e+00 8.216652669843284684e+00 4.868113512285338516e+02 -4.689223042563002153e+00
-9.823997821145066922e+00 7.279030098862001807e+00 -2.747117116307233431e+00 9.965548160200906835e+00 7.783172231620312687e+00 4.958759170535028460e+00 -8.525618100759340123e+00 6.157526077709995604e+00 -3.135391563878046739e+00 6.777153651888902175e+00 -8.598762514225565923e+00 4.139758913993336620e-01 4.735012859832751886e+00 -6.086276520462976514e+00 -2.622899788617423233e+00 1.282293253812152756e+00 -4.825856427677164717e+00 -5.516964900507539404e+00 9.796293570142118767e+00 9.989321609842527039e+00 2.938705308667532989e+00 -5.707202506583948676e+00 4.724377023620810689e+00 -6.828271662569955325e+00 -2.965807379878673267e+00 -8.007675975976090044e+00 9.473652839175063178e+00 -2.346371712123247022e+00 5.947073057217966863e+00 7.401107450056262138e+00 4.535891058963947842e+00 -4.790882944119587705e-01 3.498050995723096079e+00 -4.314594359553003855e+00 -1.825251291904368856e+00 -4.730602658701710261e+00 -8.955791981108330191e+00 1.202965322302883777e+00 -8.437520838972378812e-01 -1.212342707442184420e+00 7.290564835894571161e+00 9.327537072644432214e+00 3.040529211647635677e+00 6.172833720905188670e-01 -2.834559624354222152e+00 1.584719536527199324e+00 -1.227379766933475835e+00 -8.257076158344027306e+00 -8.606964402720578278e+00 7.379358474192304840e+00 -1.423507060377080080e+00 5.162489800719924915e-01 1.998160254721579321e+00 5.168887231657892656e+00 6.274670247185632377e+00 6.291472941638996730e+00 1.215652355430556497e+00 -8.875624741857972566e+00 6.819963449401228672e+00 6.724308979724607838e+00 -3.250553217688015195e+00 -8.184457291446747718e+00 4.154592219708774792e-02 9.001058284640802043e+00 -1.950868688784549221e+00 8.486645070189318574e+00 -2.377683383231181224e+00 8.882717768809595071e+00 -4.122711404344602926e+00 4.834712007965338287e+00 9.142172370791730174e+00 -5.952793607423460642e+00 1.623045290951523612e-01 3.592219650775543727e+00 1.360188268017337165e+00 -2.696836084574214532e+00 -4.478368331311452621e+00 9.045781523121668499e+00 5.698642425183095384e+00 -1.645820815902766299e+00 9.799777275518685826e+00 -8.618129384828353778e+00 -7.946732011844115817e+00 5.099473255508684133e-01 7.465961099977018733e-01 1.575258390525089425e+00 8.653850721067787077e+00 -5.353945290034727300e+00 4.399503565984797859e+00 -5.283791494318458959e+00 -5.994126070613199353e+00 9.680382838655610556e+00 4.402589882731991366e+00 5.041847986351189803e+00 8.284718311571527494e+00 -8.211103282126199332e+00 -1.365100109320200872e+00 -2.019438868847545088e+00 2.236674292392066832e-01 5.057987898814478172e+02
